sample_id,feature,shap_value,feature_value,model,target
0,linear_pH_value,-0.19826780439430247,8.0,linear,log_kcat_value
1,linear_pH_value,0.06310290438180827,7.0,linear,log_kcat_value
2,linear_pH_value,0.0,7.5,linear,log_kcat_value
3,linear_pH_value,-0.06861146146082145,7.5,linear,log_kcat_value
4,linear_pH_value,0.056810905705746206,7.0,linear,log_kcat_value
5,linear_pH_value,0.20855138196572476,6.5,linear,log_kcat_value
6,linear_pH_value,-0.21038024660999488,8.0,linear,log_kcat_value
7,linear_pH_value,0.0,7.5,linear,log_kcat_value
8,linear_pH_value,-0.04419832757415588,7.4,linear,log_kcat_value
9,linear_pH_value,-0.64381538267398,9.5,linear,log_kcat_value
10,linear_pH_value,-0.15830412606901517,7.8,linear,log_kcat_value
11,linear_pH_value,0.06813785248283671,7.0,linear,log_kcat_value
12,linear_pH_value,-0.07001217885444527,7.5,linear,log_kcat_value
13,linear_pH_value,0.0,7.5,linear,log_kcat_value
14,linear_pH_value,-0.2181260654183285,8.0,linear,log_kcat_value
15,linear_pH_value,0.0,7.3,linear,log_kcat_value
16,linear_pH_value,-0.4982068438835588,9.0,linear,log_kcat_value
17,linear_pH_value,0.0,7.3,linear,log_kcat_value
18,linear_pH_value,0.07021640704506796,7.0,linear,log_kcat_value
19,linear_pH_value,0.0,7.0,linear,log_kcat_value
20,linear_pH_value,0.06561883042796625,7.0,linear,log_kcat_value
21,linear_pH_value,0.0,7.2,linear,log_kcat_value
22,linear_pH_value,0.7720890603800585,4.5,linear,log_kcat_value
23,linear_pH_value,0.3501528745265954,6.0,linear,log_kcat_value
24,linear_pH_value,-0.07823632285375215,7.5,linear,log_kcat_value
25,linear_pH_value,0.0,8.0,linear,log_kcat_value
26,linear_pH_value,0.0,7.0,linear,log_kcat_value
27,linear_pH_value,-0.1987260101287185,8.0,linear,log_kcat_value
28,linear_pH_value,0.0,7.4,linear,log_kcat_value
29,linear_pH_value,-0.2046622618615185,8.0,linear,log_kcat_value
30,linear_pH_value,0.4170618616878395,5.75,linear,log_kcat_value
31,linear_pH_value,0.08231076692756378,7.0,linear,log_kcat_value
32,linear_pH_value,-0.5586946193611598,9.25,linear,log_kcat_value
33,linear_pH_value,0.0,7.0,linear,log_kcat_value
34,linear_pH_value,0.057866355245099976,7.0,linear,log_kcat_value
35,linear_pH_value,-0.5748865271596376,9.2,linear,log_kcat_value
36,linear_pH_value,-0.06849351384342428,7.5,linear,log_kcat_value
37,linear_pH_value,0.0,7.5,linear,log_kcat_value
38,linear_pH_value,-0.21520242923664815,8.0,linear,log_kcat_value
39,linear_pH_value,0.0,7.0,linear,log_kcat_value
40,linear_pH_value,0.0,7.4,linear,log_kcat_value
41,linear_pH_value,0.0,7.4,linear,log_kcat_value
42,linear_pH_value,-0.3465909368138973,8.5,linear,log_kcat_value
43,linear_pH_value,0.0,7.0,linear,log_kcat_value
44,linear_pH_value,0.15082726336660968,6.7,linear,log_kcat_value
45,linear_pH_value,-0.21497738782927628,8.0,linear,log_kcat_value
46,linear_pH_value,-0.20875074589790482,8.0,linear,log_kcat_value
47,linear_pH_value,-0.33281323174764643,8.5,linear,log_kcat_value
48,linear_pH_value,-0.06052521943319078,7.5,linear,log_kcat_value
49,linear_pH_value,-0.19352290375379336,8.0,linear,log_kcat_value
50,linear_pH_value,0.08225443353306916,7.0,linear,log_kcat_value
51,linear_pH_value,-0.06992347122884,7.5,linear,log_kcat_value
52,linear_pH_value,-0.04072965000892262,7.4,linear,log_kcat_value
53,linear_pH_value,-0.0373799641418629,7.4,linear,log_kcat_value
54,linear_pH_value,-0.15619859365539768,7.8,linear,log_kcat_value
55,linear_pH_value,0.07154703618574443,7.0,linear,log_kcat_value
56,linear_pH_value,-0.794400121237305,10.0,linear,log_kcat_value
57,linear_pH_value,0.036555032505016974,7.1,linear,log_kcat_value
58,linear_pH_value,0.35835208910236904,6.0,linear,log_kcat_value
59,linear_pH_value,-0.046248366795496654,7.4,linear,log_kcat_value
60,linear_pH_value,-0.2128757574371575,8.0,linear,log_kcat_value
61,linear_pH_value,-0.20169550458319307,8.0,linear,log_kcat_value
62,linear_pH_value,-0.6318916184726481,9.5,linear,log_kcat_value
63,linear_pH_value,0.35141858874685783,6.0,linear,log_kcat_value
64,linear_pH_value,0.4860703393841228,5.5,linear,log_kcat_value
65,linear_pH_value,-0.2138584152490064,8.0,linear,log_kcat_value
66,linear_pH_value,0.0,7.4,linear,log_kcat_value
67,linear_pH_value,0.19789251646253714,6.5,linear,log_kcat_value
68,linear_pH_value,0.0,7.0,linear,log_kcat_value
69,linear_pH_value,-0.04320791780450171,7.4,linear,log_kcat_value
70,linear_pH_value,-0.06681892472082912,7.5,linear,log_kcat_value
71,linear_pH_value,-0.10647116941037837,7.6,linear,log_kcat_value
72,linear_pH_value,0.0,7.4,linear,log_kcat_value
73,linear_pH_value,-0.21971643788548853,8.0,linear,log_kcat_value
74,linear_pH_value,0.0,7.4,linear,log_kcat_value
75,linear_pH_value,-0.21804840022911268,8.0,linear,log_kcat_value
76,linear_pH_value,0.0,7.5,linear,log_kcat_value
77,linear_pH_value,0.21368586266499565,6.5,linear,log_kcat_value
78,linear_pH_value,-0.06883957073480519,7.5,linear,log_kcat_value
79,linear_pH_value,0.2919015445727237,6.1,linear,log_kcat_value
80,linear_pH_value,0.0,7.5,linear,log_kcat_value
81,linear_pH_value,0.3479447804549238,6.0,linear,log_kcat_value
82,linear_pH_value,0.06745666154187836,7.0,linear,log_kcat_value
83,linear_pH_value,-0.06993628408379823,7.5,linear,log_kcat_value
84,linear_pH_value,-0.21577592170029972,8.0,linear,log_kcat_value
85,linear_pH_value,0.0,7.5,linear,log_kcat_value
86,linear_pH_value,-0.20888163853666092,8.0,linear,log_kcat_value
87,linear_pH_value,-0.21034851971908194,8.0,linear,log_kcat_value
88,linear_pH_value,-0.20833474019899442,8.0,linear,log_kcat_value
89,linear_pH_value,0.0,7.5,linear,log_kcat_value
90,linear_pH_value,0.0,7.4,linear,log_kcat_value
91,linear_pH_value,-0.6324770105945957,9.5,linear,log_kcat_value
92,linear_pH_value,-0.09811719909793469,7.6,linear,log_kcat_value
93,linear_pH_value,0.011776890973949738,7.2,linear,log_kcat_value
94,linear_pH_value,-0.047752185556628836,7.4,linear,log_kcat_value
95,linear_pH_value,-0.04303466823379079,7.4,linear,log_kcat_value
96,linear_pH_value,-0.06858138324846755,7.5,linear,log_kcat_value
97,linear_pH_value,0.0,7.4,linear,log_kcat_value
98,linear_pH_value,0.0,7.2,linear,log_kcat_value
99,linear_pH_value,-0.1629005824316416,7.8,linear,log_kcat_value
0,linear_temperature_value,0.0,25.0,linear,log_kcat_value
1,linear_temperature_value,0.0,25.0,linear,log_kcat_value
2,linear_temperature_value,0.04107546058543554,37.0,linear,log_kcat_value
3,linear_temperature_value,-0.017958306321680433,30.0,linear,log_kcat_value
4,linear_temperature_value,0.0,30.0,linear,log_kcat_value
5,linear_temperature_value,0.0,35.0,linear,log_kcat_value
6,linear_temperature_value,0.14328984113719337,45.0,linear,log_kcat_value
7,linear_temperature_value,-0.10164682081676768,25.0,linear,log_kcat_value
8,linear_temperature_value,-0.07598794732795901,25.0,linear,log_kcat_value
9,linear_temperature_value,0.0,25.0,linear,log_kcat_value
10,linear_temperature_value,-0.08007160404935713,25.0,linear,log_kcat_value
11,linear_temperature_value,-0.10841302425453724,22.0,linear,log_kcat_value
12,linear_temperature_value,0.056270455248960294,37.0,linear,log_kcat_value
13,linear_temperature_value,-0.09807175455487743,24.0,linear,log_kcat_value
14,linear_temperature_value,-0.08286019797403764,25.0,linear,log_kcat_value
15,linear_temperature_value,-0.08338585340445283,24.0,linear,log_kcat_value
16,linear_temperature_value,0.0,24.0,linear,log_kcat_value
17,linear_temperature_value,0.0,37.0,linear,log_kcat_value
18,linear_temperature_value,-0.09588157624000074,23.0,linear,log_kcat_value
19,linear_temperature_value,0.0,30.0,linear,log_kcat_value
20,linear_temperature_value,0.05283903380834998,37.0,linear,log_kcat_value
21,linear_temperature_value,-0.0946562469399238,23.0,linear,log_kcat_value
22,linear_temperature_value,0.0,37.0,linear,log_kcat_value
23,linear_temperature_value,0.0,30.0,linear,log_kcat_value
24,linear_temperature_value,0.0,25.0,linear,log_kcat_value
25,linear_temperature_value,0.0,37.0,linear,log_kcat_value
26,linear_temperature_value,0.0,25.0,linear,log_kcat_value
27,linear_temperature_value,0.0,37.0,linear,log_kcat_value
28,linear_temperature_value,-0.07750269316970748,24.0,linear,log_kcat_value
29,linear_temperature_value,0.06106686080383253,37.0,linear,log_kcat_value
30,linear_temperature_value,0.0,37.0,linear,log_kcat_value
31,linear_temperature_value,0.0,37.0,linear,log_kcat_value
32,linear_temperature_value,0.0,37.0,linear,log_kcat_value
33,linear_temperature_value,-0.17672485353380754,15.0,linear,log_kcat_value
34,linear_temperature_value,0.0,25.0,linear,log_kcat_value
35,linear_temperature_value,0.0,25.0,linear,log_kcat_value
36,linear_temperature_value,0.05469980086974172,36.85000000000002,linear,log_kcat_value
37,linear_temperature_value,0.0,37.0,linear,log_kcat_value
38,linear_temperature_value,0.0,37.0,linear,log_kcat_value
39,linear_temperature_value,0.0,30.0,linear,log_kcat_value
40,linear_temperature_value,0.0,30.0,linear,log_kcat_value
41,linear_temperature_value,0.051908104129150034,37.0,linear,log_kcat_value
42,linear_temperature_value,-0.07184794183728169,25.0,linear,log_kcat_value
43,linear_temperature_value,0.0,28.0,linear,log_kcat_value
44,linear_temperature_value,-0.10981856241936339,22.0,linear,log_kcat_value
45,linear_temperature_value,0.0,30.0,linear,log_kcat_value
46,linear_temperature_value,-0.019609711798975082,30.0,linear,log_kcat_value
47,linear_temperature_value,0.0,35.0,linear,log_kcat_value
48,linear_temperature_value,0.0,37.0,linear,log_kcat_value
49,linear_temperature_value,-0.06056151632564111,25.0,linear,log_kcat_value
50,linear_temperature_value,0.0,37.0,linear,log_kcat_value
51,linear_temperature_value,0.0,32.0,linear,log_kcat_value
52,linear_temperature_value,-0.07213171869421353,25.0,linear,log_kcat_value
53,linear_temperature_value,-0.015402100736895245,30.0,linear,log_kcat_value
54,linear_temperature_value,0.0,32.0,linear,log_kcat_value
55,linear_temperature_value,-0.07296583406041564,25.0,linear,log_kcat_value
56,linear_temperature_value,0.0,25.0,linear,log_kcat_value
57,linear_temperature_value,0.0,30.0,linear,log_kcat_value
58,linear_temperature_value,0.2618366574641885,55.0,linear,log_kcat_value
59,linear_temperature_value,-0.07705938595409696,25.0,linear,log_kcat_value
60,linear_temperature_value,0.0,30.0,linear,log_kcat_value
61,linear_temperature_value,0.0,37.0,linear,log_kcat_value
62,linear_temperature_value,0.0,30.0,linear,log_kcat_value
63,linear_temperature_value,0.0,37.0,linear,log_kcat_value
64,linear_temperature_value,-0.1288162009287804,20.0,linear,log_kcat_value
65,linear_temperature_value,0.0,30.0,linear,log_kcat_value
66,linear_temperature_value,0.0,22.5,linear,log_kcat_value
67,linear_temperature_value,0.0,30.0,linear,log_kcat_value
68,linear_temperature_value,0.0,37.0,linear,log_kcat_value
69,linear_temperature_value,-0.022050897501893152,30.0,linear,log_kcat_value
70,linear_temperature_value,0.0606411340250695,37.0,linear,log_kcat_value
71,linear_temperature_value,0.0,25.0,linear,log_kcat_value
72,linear_temperature_value,-0.12618127027960058,20.0,linear,log_kcat_value
73,linear_temperature_value,0.0,30.0,linear,log_kcat_value
74,linear_temperature_value,-0.08097798021125334,25.0,linear,log_kcat_value
75,linear_temperature_value,-0.08210302305443751,25.0,linear,log_kcat_value
76,linear_temperature_value,0.0,25.0,linear,log_kcat_value
77,linear_temperature_value,0.2630007256823899,55.0,linear,log_kcat_value
78,linear_temperature_value,-0.01891046240128519,30.0,linear,log_kcat_value
79,linear_temperature_value,0.0,37.0,linear,log_kcat_value
80,linear_temperature_value,0.0,25.0,linear,log_kcat_value
81,linear_temperature_value,0.08886743940692982,40.0,linear,log_kcat_value
82,linear_temperature_value,-0.12984458111073194,20.0,linear,log_kcat_value
83,linear_temperature_value,0.05732164504306246,37.0,linear,log_kcat_value
84,linear_temperature_value,-0.08271241933264092,25.0,linear,log_kcat_value
85,linear_temperature_value,0.41490249784182287,70.0,linear,log_kcat_value
86,linear_temperature_value,-0.07387004672555196,25.0,linear,log_kcat_value
87,linear_temperature_value,0.0,37.0,linear,log_kcat_value
88,linear_temperature_value,-0.07306534712952267,25.0,linear,log_kcat_value
89,linear_temperature_value,0.048428636264362536,37.0,linear,log_kcat_value
90,linear_temperature_value,0.05275218928161485,37.0,linear,log_kcat_value
91,linear_temperature_value,0.0,30.0,linear,log_kcat_value
92,linear_temperature_value,0.0,37.0,linear,log_kcat_value
93,linear_temperature_value,0.05487431660941073,37.0,linear,log_kcat_value
94,linear_temperature_value,0.0,30.0,linear,log_kcat_value
95,linear_temperature_value,0.05327996029731885,37.0,linear,log_kcat_value
96,linear_temperature_value,0.0,37.0,linear,log_kcat_value
97,linear_temperature_value,0.0,37.0,linear,log_kcat_value
98,linear_temperature_value,-0.07319084860694582,25.0,linear,log_kcat_value
99,linear_temperature_value,-0.19716777733791097,15.0,linear,log_kcat_value
0,log_mol_wt,0.0,6.731916427612305,linear,log_kcat_value
1,log_mol_wt,0.0,5.707943916320801,linear,log_kcat_value
2,log_mol_wt,0.0,6.190985202789307,linear,log_kcat_value
3,log_mol_wt,-0.028566453255310854,5.8562517166137695,linear,log_kcat_value
4,log_mol_wt,-0.10024734353741557,6.500457286834717,linear,log_kcat_value
5,log_mol_wt,0.0,5.329045295715332,linear,log_kcat_value
6,log_mol_wt,0.0,6.069307327270508,linear,log_kcat_value
7,log_mol_wt,0.12391323782826648,3.785393476486206,linear,log_kcat_value
8,log_mol_wt,0.05097519087925136,4.891123294830322,linear,log_kcat_value
9,log_mol_wt,0.0,6.498941421508789,linear,log_kcat_value
10,log_mol_wt,0.02738437625810175,5.124207973480225,linear,log_kcat_value
11,log_mol_wt,0.0,5.849969863891602,linear,log_kcat_value
12,log_mol_wt,0.0,5.5057053565979,linear,log_kcat_value
13,log_mol_wt,0.0,6.540703773498535,linear,log_kcat_value
14,log_mol_wt,0.0,5.821132659912109,linear,log_kcat_value
15,log_mol_wt,0.0,4.728201866149902,linear,log_kcat_value
16,log_mol_wt,0.0,4.710214614868164,linear,log_kcat_value
17,log_mol_wt,0.0,4.805061340332031,linear,log_kcat_value
18,log_mol_wt,0.0,5.193823337554932,linear,log_kcat_value
19,log_mol_wt,-0.13989380711750143,7.222805500030518,linear,log_kcat_value
20,log_mol_wt,0.0,5.018080711364746,linear,log_kcat_value
21,log_mol_wt,0.0,4.941864013671875,linear,log_kcat_value
22,log_mol_wt,0.0,6.014785289764404,linear,log_kcat_value
23,log_mol_wt,0.0,6.180339813232422,linear,log_kcat_value
24,log_mol_wt,-0.0893357825520751,6.533179759979248,linear,log_kcat_value
25,log_mol_wt,0.0,6.898574352264404,linear,log_kcat_value
26,log_mol_wt,-0.08157584226948855,6.500457286834717,linear,log_kcat_value
27,log_mol_wt,-0.050216963004328874,6.263158321380615,linear,log_kcat_value
28,log_mol_wt,0.0,5.133248329162598,linear,log_kcat_value
29,log_mol_wt,0.0,5.1071085929870605,linear,log_kcat_value
30,log_mol_wt,-0.08792290008478228,6.504038333892822,linear,log_kcat_value
31,log_mol_wt,0.18206914804608115,3.4974162578582764,linear,log_kcat_value
32,log_mol_wt,0.0,6.267428398132324,linear,log_kcat_value
33,log_mol_wt,-0.08639869768754324,6.613954544067383,linear,log_kcat_value
34,log_mol_wt,0.0,6.613954544067383,linear,log_kcat_value
35,log_mol_wt,0.0,6.498941421508789,linear,log_kcat_value
36,log_mol_wt,0.0,5.2737531661987305,linear,log_kcat_value
37,log_mol_wt,0.0,6.259927749633789,linear,log_kcat_value
38,log_mol_wt,0.0,6.326718330383301,linear,log_kcat_value
39,log_mol_wt,0.12292117987688939,4.022580146789551,linear,log_kcat_value
40,log_mol_wt,0.12412316037875448,4.076401233673096,linear,log_kcat_value
41,log_mol_wt,0.0,5.830177307128906,linear,log_kcat_value
42,log_mol_wt,0.0,5.40387487411499,linear,log_kcat_value
43,log_mol_wt,-0.10258331536716829,6.613954544067383,linear,log_kcat_value
44,log_mol_wt,0.0,6.259927749633789,linear,log_kcat_value
45,log_mol_wt,0.0,4.85970401763916,linear,log_kcat_value
46,log_mol_wt,0.0,5.656826972961426,linear,log_kcat_value
47,log_mol_wt,0.0,4.853708744049072,linear,log_kcat_value
48,log_mol_wt,0.0,4.837193965911865,linear,log_kcat_value
49,log_mol_wt,0.0,5.311001777648926,linear,log_kcat_value
50,log_mol_wt,0.0,4.673874855041504,linear,log_kcat_value
51,log_mol_wt,0.0,5.588165760040283,linear,log_kcat_value
52,log_mol_wt,0.0,5.5612006187438965,linear,log_kcat_value
53,log_mol_wt,0.0,5.624988079071045,linear,log_kcat_value
54,log_mol_wt,0.02775715556938323,5.136133670806885,linear,log_kcat_value
55,log_mol_wt,-0.028699563835820976,5.8562517166137695,linear,log_kcat_value
56,log_mol_wt,0.0,6.612601280212402,linear,log_kcat_value
57,log_mol_wt,0.0,5.5612006187438965,linear,log_kcat_value
58,log_mol_wt,0.0,4.837162494659424,linear,log_kcat_value
59,log_mol_wt,0.0,5.730693817138672,linear,log_kcat_value
60,log_mol_wt,0.040008901523564136,4.9846062660217285,linear,log_kcat_value
61,log_mol_wt,0.0796278924983449,4.6256489753723145,linear,log_kcat_value
62,log_mol_wt,-0.09130653117563016,6.498941421508789,linear,log_kcat_value
63,log_mol_wt,0.0,5.210633277893066,linear,log_kcat_value
64,log_mol_wt,0.0,5.41232442855835,linear,log_kcat_value
65,log_mol_wt,0.08083548705550918,4.489692211151123,linear,log_kcat_value
66,log_mol_wt,0.0,6.500457286834717,linear,log_kcat_value
67,log_mol_wt,0.0,7.462864875793457,linear,log_kcat_value
68,log_mol_wt,-0.09021181628085964,6.6965131759643555,linear,log_kcat_value
69,log_mol_wt,0.05093774797007582,4.883339881896973,linear,log_kcat_value
70,log_mol_wt,0.0,5.1883463859558105,linear,log_kcat_value
71,log_mol_wt,0.0,5.407664775848389,linear,log_kcat_value
72,log_mol_wt,0.0,5.591841220855713,linear,log_kcat_value
73,log_mol_wt,0.055452046921122836,4.754210472106934,linear,log_kcat_value
74,log_mol_wt,0.0,5.678338050842285,linear,log_kcat_value
75,log_mol_wt,0.0,5.5612006187438965,linear,log_kcat_value
76,log_mol_wt,-0.10575945837670098,6.500457286834717,linear,log_kcat_value
77,log_mol_wt,0.0,4.501164436340332,linear,log_kcat_value
78,log_mol_wt,0.0,5.421349048614502,linear,log_kcat_value
79,log_mol_wt,0.0,6.788968563079834,linear,log_kcat_value
80,log_mol_wt,0.0,5.957556247711182,linear,log_kcat_value
81,log_mol_wt,0.0,5.193823337554932,linear,log_kcat_value
82,log_mol_wt,0.0,6.029299736022949,linear,log_kcat_value
83,log_mol_wt,0.04425150037354953,4.9846062660217285,linear,log_kcat_value
84,log_mol_wt,0.046507935023815124,4.891123294830322,linear,log_kcat_value
85,log_mol_wt,-0.08550516511931061,6.498941421508789,linear,log_kcat_value
86,log_mol_wt,0.0,5.193823337554932,linear,log_kcat_value
87,log_mol_wt,0.0,6.228869915008545,linear,log_kcat_value
88,log_mol_wt,0.047382554349846354,4.948894500732422,linear,log_kcat_value
89,log_mol_wt,0.014551952268977209,5.252765655517578,linear,log_kcat_value
90,log_mol_wt,-0.06361551266793183,6.180093288421631,linear,log_kcat_value
91,log_mol_wt,-0.0904497623695103,6.498941421508789,linear,log_kcat_value
92,log_mol_wt,-0.06289693196908636,6.228869915008545,linear,log_kcat_value
93,log_mol_wt,0.04146363324998877,4.991316795349121,linear,log_kcat_value
94,log_mol_wt,0.0,5.913881301879883,linear,log_kcat_value
95,log_mol_wt,0.0,5.681434631347656,linear,log_kcat_value
96,log_mol_wt,0.0,6.0572590827941895,linear,log_kcat_value
97,log_mol_wt,0.0,4.9423136711120605,linear,log_kcat_value
98,log_mol_wt,-0.017832274710476454,5.714913845062256,linear,log_kcat_value
99,log_mol_wt,0.0,6.094517230987549,linear,log_kcat_value
0,linear_log_p,-0.288222908582394,1.738700032234192,linear,log_kcat_value
1,linear_log_p,0.06286795270595819,-1.2265000343322754,linear,log_kcat_value
2,linear_log_p,0.18491224156834646,-2.2304999828338623,linear,log_kcat_value
3,linear_log_p,-0.1280531840903218,0.3181000053882599,linear,log_kcat_value
4,linear_log_p,0.24209831624498054,-2.6863999366760254,linear,log_kcat_value
5,linear_log_p,-0.312982597657585,1.7513999938964844,linear,log_kcat_value
6,linear_log_p,-0.09826806215658554,0.04989999905228615,linear,log_kcat_value
7,linear_log_p,-0.13717951884137755,0.20520000159740448,linear,log_kcat_value
8,linear_log_p,0.051742385967800154,-1.1269999742507935,linear,log_kcat_value
9,linear_log_p,0.2779564581364453,-3.015899896621704,linear,log_kcat_value
10,linear_log_p,-0.05443006622023062,-0.3059999942779541,linear,log_kcat_value
11,linear_log_p,0.14640296536332797,-1.8630000352859497,linear,log_kcat_value
12,linear_log_p,-0.24040105679574159,1.1789000034332275,linear,log_kcat_value
13,linear_log_p,-0.24604510973276872,1.1518199443817139,linear,log_kcat_value
14,linear_log_p,0.21253257219101115,-2.452899932861328,linear,log_kcat_value
15,linear_log_p,0.0,-0.49880000948905945,linear,log_kcat_value
16,linear_log_p,0.11620872595113363,-1.6713000535964966,linear,log_kcat_value
17,linear_log_p,-0.10215549403108648,0.18050000071525574,linear,log_kcat_value
18,linear_log_p,0.3204338565425769,-3.221400022506714,linear,log_kcat_value
19,linear_log_p,-0.7466844887681359,5.2357401847839355,linear,log_kcat_value
20,linear_log_p,-0.2733732293411448,1.4072999954223633,linear,log_kcat_value
21,linear_log_p,0.0,-0.3578000068664551,linear,log_kcat_value
22,linear_log_p,0.0,-1.1049000024795532,linear,log_kcat_value
23,linear_log_p,0.20006297103815918,-2.2119998931884766,linear,log_kcat_value
24,linear_log_p,-0.4955884674408905,3.172600030899048,linear,log_kcat_value
25,linear_log_p,1.701718371382284,-14.257800102233887,linear,log_kcat_value
26,linear_log_p,0.2547262519376686,-2.6863999366760254,linear,log_kcat_value
27,linear_log_p,-1.5481696869096866,11.542499542236328,linear,log_kcat_value
28,linear_log_p,-0.3094976531971391,1.7745000123977661,linear,log_kcat_value
29,linear_log_p,-0.1685790562609271,0.640999972820282,linear,log_kcat_value
30,linear_log_p,-0.3426580857477867,1.9493000507354736,linear,log_kcat_value
31,linear_log_p,0.0,-0.6657000184059143,linear,log_kcat_value
32,linear_log_p,1.1172038212918838,-9.468000411987305,linear,log_kcat_value
33,linear_log_p,0.24501488310210967,-2.5694000720977783,linear,log_kcat_value
34,linear_log_p,0.21973715312885464,-2.5694000720977783,linear,log_kcat_value
35,linear_log_p,0.26399222351658647,-3.015899896621704,linear,log_kcat_value
36,linear_log_p,0.5273495524981054,-4.8277997970581055,linear,log_kcat_value
37,linear_log_p,0.19979180448404668,-2.335700035095215,linear,log_kcat_value
38,linear_log_p,0.32209337424482876,-3.2827000617980957,linear,log_kcat_value
39,linear_log_p,-0.09249347036508615,-0.0024999999441206455,linear,log_kcat_value
40,linear_log_p,-0.08970586452578756,-0.0024999999441206455,linear,log_kcat_value
41,linear_log_p,-0.7764715371666151,5.349999904632568,linear,log_kcat_value
42,linear_log_p,0.0479959360136175,-1.066499948501587,linear,log_kcat_value
43,linear_log_p,0.23535505862072717,-2.5694000720977783,linear,log_kcat_value
44,linear_log_p,0.20758382251139332,-2.335700035095215,linear,log_kcat_value
45,linear_log_p,-0.20007366184466194,0.8248999714851379,linear,log_kcat_value
46,linear_log_p,-0.38076686224710543,2.282399892807007,linear,log_kcat_value
47,linear_log_p,-0.3999065153769106,2.545799970626831,linear,log_kcat_value
48,linear_log_p,0.0,-0.6283800005912781,linear,log_kcat_value
49,linear_log_p,-0.35176157033628735,2.156399965286255,linear,log_kcat_value
50,linear_log_p,-0.19250065802722202,0.89410001039505,linear,log_kcat_value
51,linear_log_p,0.16289866145472473,-1.9800000190734863,linear,log_kcat_value
52,linear_log_p,0.3072290992024833,-3.1043999195098877,linear,log_kcat_value
53,linear_log_p,-0.22980585137658738,1.145799994468689,linear,log_kcat_value
54,linear_log_p,0.07848590467215355,-1.344499945640564,linear,log_kcat_value
55,linear_log_p,-0.1282782278712461,0.3181000053882599,linear,log_kcat_value
56,linear_log_p,0.2507707992558314,-2.898900032043457,linear,log_kcat_value
57,linear_log_p,0.301725733985426,-3.1043999195098877,linear,log_kcat_value
58,linear_log_p,-0.18462832429049186,0.8033999800682068,linear,log_kcat_value
59,linear_log_p,0.1251533800016305,-1.7057000398635864,linear,log_kcat_value
60,linear_log_p,0.07612743563403183,-1.3361999988555908,linear,log_kcat_value
61,linear_log_p,0.21670691418094543,-2.3882999420166016,linear,log_kcat_value
62,linear_log_p,0.2907147601879651,-3.015899896621704,linear,log_kcat_value
63,linear_log_p,-0.3858662211872248,2.3125998973846436,linear,log_kcat_value
64,linear_log_p,-0.3871599363802205,2.311300039291382,linear,log_kcat_value
65,linear_log_p,0.0,-0.5817999839782715,linear,log_kcat_value
66,linear_log_p,0.2257035804033385,-2.6863999366760254,linear,log_kcat_value
67,linear_log_p,-1.5593121062452964,11.403169631958008,linear,log_kcat_value
68,linear_log_p,0.08859759240520304,-1.3154000043869019,linear,log_kcat_value
69,linear_log_p,0.3883012323469074,-3.7627999782562256,linear,log_kcat_value
70,linear_log_p,0.3290434358106492,-3.255000114440918,linear,log_kcat_value
71,linear_log_p,-0.4617699122925038,2.80649995803833,linear,log_kcat_value
72,linear_log_p,0.20326991407850753,-2.268899917602539,linear,log_kcat_value
73,linear_log_p,0.24951463154466746,-2.733599901199341,linear,log_kcat_value
74,linear_log_p,-0.5725566521574237,3.7509000301361084,linear,log_kcat_value
75,linear_log_p,0.2987693078153833,-3.1043999195098877,linear,log_kcat_value
76,linear_log_p,0.22840608053080033,-2.6863999366760254,linear,log_kcat_value
77,linear_log_p,0.0,-0.25200000405311584,linear,log_kcat_value
78,linear_log_p,-0.03593645638951748,-0.41190001368522644,linear,log_kcat_value
79,linear_log_p,-0.4114237705881478,2.3472700119018555,linear,log_kcat_value
80,linear_log_p,-1.0546507790881794,7.388700008392334,linear,log_kcat_value
81,linear_log_p,0.3210384398940143,-3.221400022506714,linear,log_kcat_value
82,linear_log_p,0.053448758401464166,-1.129699945449829,linear,log_kcat_value
83,linear_log_p,0.08106928408136639,-1.3361999988555908,linear,log_kcat_value
84,linear_log_p,0.04791995424561592,-1.1269999742507935,linear,log_kcat_value
85,linear_log_p,0.2979376055120653,-3.015899896621704,linear,log_kcat_value
86,linear_log_p,0.3218114341229804,-3.221400022506714,linear,log_kcat_value
87,linear_log_p,0.1132844212708709,-1.628999948501587,linear,log_kcat_value
88,linear_log_p,0.0,-0.8256000280380249,linear,log_kcat_value
89,linear_log_p,1.1043505597631058,-9.398300170898438,linear,log_kcat_value
90,linear_log_p,-0.815603581502902,5.662099838256836,linear,log_kcat_value
91,linear_log_p,0.2905618414832422,-3.015899896621704,linear,log_kcat_value
92,linear_log_p,0.11774271920703869,-1.628999948501587,linear,log_kcat_value
93,linear_log_p,0.0,-0.7368999719619751,linear,log_kcat_value
94,linear_log_p,0.3861828725489897,-3.7822999954223633,linear,log_kcat_value
95,linear_log_p,-0.43469604016937735,2.6793999671936035,linear,log_kcat_value
96,linear_log_p,0.1350087205274901,-1.746000051498413,linear,log_kcat_value
97,linear_log_p,-0.36493345503538727,2.2037999629974365,linear,log_kcat_value
98,linear_log_p,-0.3255254026826595,1.8676999807357788,linear,log_kcat_value
99,linear_log_p,0.0,0.009999999776482582,linear,log_kcat_value
0,log1p_tpsa,0.4704704114796889,5.689615726470947,linear,log_kcat_value
1,log1p_tpsa,0.11389635801496525,4.966474533081055,linear,log_kcat_value
2,log1p_tpsa,0.2970443113638924,5.37860631942749,linear,log_kcat_value
3,log1p_tpsa,0.0,4.733827114105225,linear,log_kcat_value
4,log1p_tpsa,0.47028262758253,5.763998985290527,linear,log_kcat_value
5,log1p_tpsa,-0.4090789127195968,3.7925634384155273,linear,log_kcat_value
6,log1p_tpsa,0.19970266455327879,5.141955852508545,linear,log_kcat_value
7,log1p_tpsa,-0.835168064851072,2.8942530155181885,linear,log_kcat_value
8,log1p_tpsa,-0.03485150578195468,4.621240615844727,linear,log_kcat_value
9,log1p_tpsa,0.4694819058487982,5.766005992889404,linear,log_kcat_value
10,log1p_tpsa,0.0,4.654531478881836,linear,log_kcat_value
11,log1p_tpsa,0.23972011849991623,5.231482982635498,linear,log_kcat_value
12,log1p_tpsa,0.01883546061351704,4.738739013671875,linear,log_kcat_value
13,log1p_tpsa,0.36422233518622815,5.522819995880127,linear,log_kcat_value
14,log1p_tpsa,0.2148022609449832,5.193234443664551,linear,log_kcat_value
15,log1p_tpsa,-0.26038977368033106,4.116758346557617,linear,log_kcat_value
16,log1p_tpsa,-0.2959586726390754,4.06388521194458,linear,log_kcat_value
17,log1p_tpsa,-0.28524067890665517,4.042700290679932,linear,log_kcat_value
18,log1p_tpsa,0.0,4.712947845458984,linear,log_kcat_value
19,log1p_tpsa,0.8136381764474119,6.479016304016113,linear,log_kcat_value
20,log1p_tpsa,-0.2678434719650603,4.1143107414245605,linear,log_kcat_value
21,log1p_tpsa,-0.1140800576347952,4.440649509429932,linear,log_kcat_value
22,log1p_tpsa,0.1964831236232104,5.11865234375,linear,log_kcat_value
23,log1p_tpsa,0.41721935425706436,5.603667259216309,linear,log_kcat_value
24,log1p_tpsa,0.4470510887908412,5.702081203460693,linear,log_kcat_value
25,log1p_tpsa,0.6739794492080357,6.2441086769104,linear,log_kcat_value
26,log1p_tpsa,0.48219078043591335,5.763998985290527,linear,log_kcat_value
27,log1p_tpsa,-0.6164160508725995,3.306886672973633,linear,log_kcat_value
28,log1p_tpsa,-0.3751005963079836,3.8501474857330322,linear,log_kcat_value
29,log1p_tpsa,-0.23687170141311303,4.163870811462402,linear,log_kcat_value
30,log1p_tpsa,0.29366232899556266,5.348582744598389,linear,log_kcat_value
31,log1p_tpsa,-0.37002658222579105,3.855452537536621,linear,log_kcat_value
32,log1p_tpsa,0.41655293963663087,5.6243062019348145,linear,log_kcat_value
33,log1p_tpsa,0.5517765221098706,5.900308132171631,linear,log_kcat_value
34,log1p_tpsa,0.532258265780594,5.900308132171631,linear,log_kcat_value
35,log1p_tpsa,0.45192106381064484,5.766005992889404,linear,log_kcat_value
36,log1p_tpsa,0.11949136135335577,4.957797050476074,linear,log_kcat_value
37,log1p_tpsa,0.44630977690904367,5.704115867614746,linear,log_kcat_value
38,log1p_tpsa,0.4374676425870741,5.67853307723999,linear,log_kcat_value
39,log1p_tpsa,-2.127976504787454,0.0,linear,log_kcat_value
40,log1p_tpsa,-2.1202894401188424,0.0,linear,log_kcat_value
41,log1p_tpsa,-0.48090349016618844,3.6454498767852783,linear,log_kcat_value
42,log1p_tpsa,0.0711716130927011,4.849213600158691,linear,log_kcat_value
43,log1p_tpsa,0.5402955380922948,5.900308132171631,linear,log_kcat_value
44,log1p_tpsa,0.4541557104878721,5.704115867614746,linear,log_kcat_value
45,log1p_tpsa,-0.7448551010999452,3.055415153503418,linear,log_kcat_value
46,log1p_tpsa,0.0,4.719658851623535,linear,log_kcat_value
47,log1p_tpsa,-0.8039825783129932,2.8942530155181885,linear,log_kcat_value
48,log1p_tpsa,-0.21373756533993496,4.200504779815674,linear,log_kcat_value
49,log1p_tpsa,-0.08951109142533566,4.46912145614624,linear,log_kcat_value
50,log1p_tpsa,-0.5583435146108697,3.4326961040496826,linear,log_kcat_value
51,log1p_tpsa,0.11244032107434702,4.945492267608643,linear,log_kcat_value
52,log1p_tpsa,0.16736434170046058,5.06202507019043,linear,log_kcat_value
53,log1p_tpsa,0.0,4.757204532623291,linear,log_kcat_value
54,log1p_tpsa,0.0,4.654531478881836,linear,log_kcat_value
55,log1p_tpsa,0.0,4.733827114105225,linear,log_kcat_value
56,log1p_tpsa,0.5184707550763398,5.902059555053711,linear,log_kcat_value
57,log1p_tpsa,0.15986633221905308,5.06202507019043,linear,log_kcat_value
58,log1p_tpsa,-0.24832083374919284,4.122121810913086,linear,log_kcat_value
59,log1p_tpsa,0.14589488713521662,5.024406909942627,linear,log_kcat_value
60,log1p_tpsa,0.0,4.6766533851623535,linear,log_kcat_value
61,log1p_tpsa,-0.11219804270553285,4.433432579040527,linear,log_kcat_value
62,log1p_tpsa,0.47881064887304764,5.766005992889404,linear,log_kcat_value
63,log1p_tpsa,-0.5703985896344764,3.4326961040496826,linear,log_kcat_value
64,log1p_tpsa,-0.22126856196911893,4.215971946716309,linear,log_kcat_value
65,log1p_tpsa,-0.245205784800833,4.163870811462402,linear,log_kcat_value
66,log1p_tpsa,0.4577480863508826,5.763998985290527,linear,log_kcat_value
67,log1p_tpsa,0.7629627564007645,6.4251933097839355,linear,log_kcat_value
68,log1p_tpsa,0.5532327347416613,5.89888334274292,linear,log_kcat_value
69,log1p_tpsa,-0.03531374488714571,4.619960308074951,linear,log_kcat_value
70,log1p_tpsa,0.0,4.763625621795654,linear,log_kcat_value
71,log1p_tpsa,-0.4888698590721888,3.6454498767852783,linear,log_kcat_value
72,log1p_tpsa,0.0941550030868217,4.901489734649658,linear,log_kcat_value
73,log1p_tpsa,-0.14179345126209875,4.397654056549072,linear,log_kcat_value
74,log1p_tpsa,-0.4466257521877082,3.724729061126709,linear,log_kcat_value
75,log1p_tpsa,0.15634007277770354,5.06202507019043,linear,log_kcat_value
76,log1p_tpsa,0.45967657928508515,5.763998985290527,linear,log_kcat_value
77,log1p_tpsa,-0.42758997058904097,3.724729061126709,linear,log_kcat_value
78,log1p_tpsa,0.0,4.726502418518066,linear,log_kcat_value
79,log1p_tpsa,0.585432534950527,6.047277450561523,linear,log_kcat_value
80,log1p_tpsa,-0.7610394115585136,3.055415153503418,linear,log_kcat_value
81,log1p_tpsa,0.0,4.712947845458984,linear,log_kcat_value
82,log1p_tpsa,0.21808155751630898,5.178012371063232,linear,log_kcat_value
83,log1p_tpsa,0.0,4.6766533851623535,linear,log_kcat_value
84,log1p_tpsa,0.0,4.621240615844727,linear,log_kcat_value
85,log1p_tpsa,0.48569877400258726,5.766005992889404,linear,log_kcat_value
86,log1p_tpsa,0.0,4.712947845458984,linear,log_kcat_value
87,log1p_tpsa,0.4224870481538518,5.63525390625,linear,log_kcat_value
88,log1p_tpsa,0.0,4.7081780433654785,linear,log_kcat_value
89,log1p_tpsa,0.0,4.675442218780518,linear,log_kcat_value
90,log1p_tpsa,-0.2453047203202306,4.163559436798096,linear,log_kcat_value
91,log1p_tpsa,0.4803997293588758,5.766005992889404,linear,log_kcat_value
92,log1p_tpsa,0.42684482505494087,5.63525390625,linear,log_kcat_value
93,log1p_tpsa,-0.034992406741671624,4.621240615844727,linear,log_kcat_value
94,log1p_tpsa,0.3347720577662345,5.448933124542236,linear,log_kcat_value
95,log1p_tpsa,-0.3935695790553746,3.8336288928985596,linear,log_kcat_value
96,log1p_tpsa,0.3454519070178381,5.453610420227051,linear,log_kcat_value
97,log1p_tpsa,-0.6202083003213114,3.306886672973633,linear,log_kcat_value
98,log1p_tpsa,-0.29512312361968307,4.040240287780762,linear,log_kcat_value
99,log1p_tpsa,0.2944632088956594,5.360775470733643,linear,log_kcat_value
0,log1p_num_h_donors,-0.6764084775662038,2.3025851249694824,linear,log_kcat_value
1,log1p_num_h_donors,-0.18598103478016836,1.6094379425048828,linear,log_kcat_value
2,log1p_num_h_donors,-0.1809598516962287,1.6094379425048828,linear,log_kcat_value
3,log1p_num_h_donors,0.0,1.3862943649291992,linear,log_kcat_value
4,log1p_num_h_donors,-0.6258192460662754,2.1972246170043945,linear,log_kcat_value
5,log1p_num_h_donors,1.0213408528984924,0.0,linear,log_kcat_value
6,log1p_num_h_donors,-0.42734558492607383,1.945910096168518,linear,log_kcat_value
7,log1p_num_h_donors,1.0003094974532545,0.0,linear,log_kcat_value
8,log1p_num_h_donors,0.0,1.3862943649291992,linear,log_kcat_value
9,log1p_num_h_donors,-0.6262658277497752,2.1972246170043945,linear,log_kcat_value
10,log1p_num_h_donors,0.0,1.3862943649291992,linear,log_kcat_value
11,log1p_num_h_donors,-0.3131904133098816,1.7917594909667969,linear,log_kcat_value
12,log1p_num_h_donors,0.0,1.3862943649291992,linear,log_kcat_value
13,log1p_num_h_donors,-0.5343588284403201,2.079441547393799,linear,log_kcat_value
14,log1p_num_h_donors,-0.4356610746438256,1.945910096168518,linear,log_kcat_value
15,log1p_num_h_donors,0.5091369287803964,0.6931471824645996,linear,log_kcat_value
16,log1p_num_h_donors,1.0115723396825544,0.0,linear,log_kcat_value
17,log1p_num_h_donors,0.5156931156169269,0.6931471824645996,linear,log_kcat_value
18,log1p_num_h_donors,-0.3094056333758777,1.7917594909667969,linear,log_kcat_value
19,log1p_num_h_donors,-1.2361702448068765,3.044522523880005,linear,log_kcat_value
20,log1p_num_h_donors,1.0184110904862822,0.0,linear,log_kcat_value
21,log1p_num_h_donors,0.20575087913150214,1.0986123085021973,linear,log_kcat_value
22,log1p_num_h_donors,-0.30611733530991503,1.7917594909667969,linear,log_kcat_value
23,log1p_num_h_donors,-0.517058812353377,2.079441547393799,linear,log_kcat_value
24,log1p_num_h_donors,-0.615864277809352,2.1972246170043945,linear,log_kcat_value
25,log1p_num_h_donors,-1.276294705619556,3.044522523880005,linear,log_kcat_value
26,log1p_num_h_donors,-0.6115208183408178,2.1972246170043945,linear,log_kcat_value
27,log1p_num_h_donors,1.0358029362376957,0.0,linear,log_kcat_value
28,log1p_num_h_donors,0.5140057419430858,0.6931471824645996,linear,log_kcat_value
29,log1p_num_h_donors,0.20940824762143478,1.0986123085021973,linear,log_kcat_value
30,log1p_num_h_donors,-0.4271599162357609,1.945910096168518,linear,log_kcat_value
31,log1p_num_h_donors,0.21358300329321805,1.0986123085021973,linear,log_kcat_value
32,log1p_num_h_donors,-0.31317214670233023,1.7917594909667969,linear,log_kcat_value
33,log1p_num_h_donors,-0.6835860222268964,2.3025851249694824,linear,log_kcat_value
34,log1p_num_h_donors,-0.7090167615871312,2.3025851249694824,linear,log_kcat_value
35,log1p_num_h_donors,-0.6413478394195684,2.1972246170043945,linear,log_kcat_value
36,log1p_num_h_donors,-0.30968895302544136,1.7917594909667969,linear,log_kcat_value
37,log1p_num_h_donors,-0.6212821751577428,2.1972246170043945,linear,log_kcat_value
38,log1p_num_h_donors,-0.6224441137731008,2.1972246170043945,linear,log_kcat_value
39,log1p_num_h_donors,1.017421101936684,0.0,linear,log_kcat_value
40,log1p_num_h_donors,1.0241474136074389,0.0,linear,log_kcat_value
41,log1p_num_h_donors,0.5013634522138511,0.6931471824645996,linear,log_kcat_value
42,log1p_num_h_donors,-0.17240798878422722,1.6094379425048828,linear,log_kcat_value
43,log1p_num_h_donors,-0.6957660255041166,2.3025851249694824,linear,log_kcat_value
44,log1p_num_h_donors,-0.614633154134778,2.1972246170043945,linear,log_kcat_value
45,log1p_num_h_donors,0.5008689089581316,0.6931471824645996,linear,log_kcat_value
46,log1p_num_h_donors,-0.17469552725909035,1.6094379425048828,linear,log_kcat_value
47,log1p_num_h_donors,1.0365229005238559,0.0,linear,log_kcat_value
48,log1p_num_h_donors,0.2154482811184469,1.0986123085021973,linear,log_kcat_value
49,log1p_num_h_donors,1.0324681222932386,0.0,linear,log_kcat_value
50,log1p_num_h_donors,1.0288844737199132,0.0,linear,log_kcat_value
51,log1p_num_h_donors,-0.17483750050223665,1.6094379425048828,linear,log_kcat_value
52,log1p_num_h_donors,-0.42364860356841105,1.945910096168518,linear,log_kcat_value
53,log1p_num_h_donors,0.5135867595999872,0.6931471824645996,linear,log_kcat_value
54,log1p_num_h_donors,0.0,1.3862943649291992,linear,log_kcat_value
55,log1p_num_h_donors,0.0,1.3862943649291992,linear,log_kcat_value
56,log1p_num_h_donors,-0.7154367765042537,2.3025851249694824,linear,log_kcat_value
57,log1p_num_h_donors,-0.4296285539012027,1.945910096168518,linear,log_kcat_value
58,log1p_num_h_donors,0.0,1.3862943649291992,linear,log_kcat_value
59,log1p_num_h_donors,-0.17602202678243803,1.6094379425048828,linear,log_kcat_value
60,log1p_num_h_donors,0.0,1.3862943649291992,linear,log_kcat_value
61,log1p_num_h_donors,0.5114240438430493,0.6931471824645996,linear,log_kcat_value
62,log1p_num_h_donors,-0.6166494766300933,2.1972246170043945,linear,log_kcat_value
63,log1p_num_h_donors,1.020314205533356,0.0,linear,log_kcat_value
64,log1p_num_h_donors,0.20183317901313658,1.0986123085021973,linear,log_kcat_value
65,log1p_num_h_donors,0.20058680374196391,1.0986123085021973,linear,log_kcat_value
66,log1p_num_h_donors,-0.6364996016927114,2.1972246170043945,linear,log_kcat_value
67,log1p_num_h_donors,-1.2224540273281252,2.995732307434082,linear,log_kcat_value
68,log1p_num_h_donors,-0.6810692892676127,2.3025851249694824,linear,log_kcat_value
69,log1p_num_h_donors,0.5052935320874216,0.6931471824645996,linear,log_kcat_value
70,log1p_num_h_donors,-0.30895443618173524,1.7917594909667969,linear,log_kcat_value
71,log1p_num_h_donors,0.4936166036160809,0.6931471824645996,linear,log_kcat_value
72,log1p_num_h_donors,-0.17244295403967588,1.6094379425048828,linear,log_kcat_value
73,log1p_num_h_donors,1.013207150139283,0.0,linear,log_kcat_value
74,log1p_num_h_donors,0.198318418861089,1.0986123085021973,linear,log_kcat_value
75,log1p_num_h_donors,-0.43522137468672606,1.945910096168518,linear,log_kcat_value
76,log1p_num_h_donors,-0.6319482340835155,2.1972246170043945,linear,log_kcat_value
77,log1p_num_h_donors,0.21005421833102553,1.0986123085021973,linear,log_kcat_value
78,log1p_num_h_donors,0.0,1.3862943649291992,linear,log_kcat_value
79,log1p_num_h_donors,-1.068940071056613,2.7725887298583984,linear,log_kcat_value
80,log1p_num_h_donors,0.4866420445328923,0.6931471824645996,linear,log_kcat_value
81,log1p_num_h_donors,-0.31063947588952767,1.7917594909667969,linear,log_kcat_value
82,log1p_num_h_donors,-0.17253048658550102,1.6094379425048828,linear,log_kcat_value
83,log1p_num_h_donors,0.0,1.3862943649291992,linear,log_kcat_value
84,log1p_num_h_donors,0.0,1.3862943649291992,linear,log_kcat_value
85,log1p_num_h_donors,-0.6131800374963944,2.1972246170043945,linear,log_kcat_value
86,log1p_num_h_donors,-0.31049285826774964,1.7917594909667969,linear,log_kcat_value
87,log1p_num_h_donors,-0.529495292085106,2.079441547393799,linear,log_kcat_value
88,log1p_num_h_donors,0.0,1.3862943649291992,linear,log_kcat_value
89,log1p_num_h_donors,0.5013357354589661,0.6931471824645996,linear,log_kcat_value
90,log1p_num_h_donors,0.5002463275694333,0.6931471824645996,linear,log_kcat_value
91,log1p_num_h_donors,-0.6170896991403643,2.1972246170043945,linear,log_kcat_value
92,log1p_num_h_donors,-0.5244850864174373,2.079441547393799,linear,log_kcat_value
93,log1p_num_h_donors,0.0,1.3862943649291992,linear,log_kcat_value
94,log1p_num_h_donors,-0.6185404032774626,2.1972246170043945,linear,log_kcat_value
95,log1p_num_h_donors,0.5044217473049483,0.6931471824645996,linear,log_kcat_value
96,log1p_num_h_donors,-0.4240919026121068,1.945910096168518,linear,log_kcat_value
97,log1p_num_h_donors,1.0282761486356098,0.0,linear,log_kcat_value
98,log1p_num_h_donors,1.0226344095769575,0.0,linear,log_kcat_value
99,log1p_num_h_donors,-0.536033718340884,2.079441547393799,linear,log_kcat_value
0,log1p_num_h_acceptors,-0.1429860553348445,2.397895336151123,linear,log_kcat_value
1,log1p_num_h_acceptors,-0.10545378162486115,2.1972246170043945,linear,log_kcat_value
2,log1p_num_h_acceptors,-0.23958643147615566,2.6390573978424072,linear,log_kcat_value
3,log1p_num_h_acceptors,0.020660695216018266,1.7917594909667969,linear,log_kcat_value
4,log1p_num_h_acceptors,-0.33204382209266964,2.944438934326172,linear,log_kcat_value
5,log1p_num_h_acceptors,0.13773305336324207,1.3862943649291992,linear,log_kcat_value
6,log1p_num_h_acceptors,-0.1585116882559062,2.397895336151123,linear,log_kcat_value
7,log1p_num_h_acceptors,0.3169676963184371,0.6931471824645996,linear,log_kcat_value
8,log1p_num_h_acceptors,0.13595015359235466,1.3862943649291992,linear,log_kcat_value
9,log1p_num_h_acceptors,-0.3143679444357159,2.890371799468994,linear,log_kcat_value
10,log1p_num_h_acceptors,0.13123103433158947,1.3862943649291992,linear,log_kcat_value
11,log1p_num_h_acceptors,-0.1593078102913266,2.397895336151123,linear,log_kcat_value
12,log1p_num_h_acceptors,0.0714067349515211,1.6094379425048828,linear,log_kcat_value
13,log1p_num_h_acceptors,-0.14105145481192882,2.3025851249694824,linear,log_kcat_value
14,log1p_num_h_acceptors,-0.07569575435797621,2.079441547393799,linear,log_kcat_value
15,log1p_num_h_acceptors,0.22383515367673532,1.0986123085021973,linear,log_kcat_value
16,log1p_num_h_acceptors,0.12953933829991932,1.3862943649291992,linear,log_kcat_value
17,log1p_num_h_acceptors,0.23205623113086477,1.0986123085021973,linear,log_kcat_value
18,log1p_num_h_acceptors,0.0,1.945910096168518,linear,log_kcat_value
19,log1p_num_h_acceptors,-0.3252942558838403,2.995732307434082,linear,log_kcat_value
20,log1p_num_h_acceptors,0.1334369140712189,1.3862943649291992,linear,log_kcat_value
21,log1p_num_h_acceptors,0.1375958029497416,1.3862943649291992,linear,log_kcat_value
22,log1p_num_h_acceptors,-0.15175126509054337,2.397895336151123,linear,log_kcat_value
23,log1p_num_h_acceptors,-0.22419172638291462,2.6390573978424072,linear,log_kcat_value
24,log1p_num_h_acceptors,-0.16352314859384817,2.397895336151123,linear,log_kcat_value
25,log1p_num_h_acceptors,-0.5046328919950387,3.465735912322998,linear,log_kcat_value
26,log1p_num_h_acceptors,-0.3234245306272744,2.944438934326172,linear,log_kcat_value
27,log1p_num_h_acceptors,0.23208555195484082,1.0986123085021973,linear,log_kcat_value
28,log1p_num_h_acceptors,0.2268499674402208,1.0986123085021973,linear,log_kcat_value
29,log1p_num_h_acceptors,0.22600599821180042,1.0986123085021973,linear,log_kcat_value
30,log1p_num_h_acceptors,0.0,2.079441547393799,linear,log_kcat_value
31,log1p_num_h_acceptors,0.23168985151038182,1.0986123085021973,linear,log_kcat_value
32,log1p_num_h_acceptors,-0.272721029176758,2.7725887298583984,linear,log_kcat_value
33,log1p_num_h_acceptors,-0.32856223424193987,2.995732307434082,linear,log_kcat_value
34,log1p_num_h_acceptors,-0.3490493849034886,2.995732307434082,linear,log_kcat_value
35,log1p_num_h_acceptors,-0.3312756033296544,2.890371799468994,linear,log_kcat_value
36,log1p_num_h_acceptors,-0.06561308414170558,2.079441547393799,linear,log_kcat_value
37,log1p_num_h_acceptors,-0.2596477249314711,2.70805025100708,linear,log_kcat_value
38,log1p_num_h_acceptors,-0.3092961465328456,2.890371799468994,linear,log_kcat_value
39,log1p_num_h_acceptors,0.5395749907240155,0.0,linear,log_kcat_value
40,log1p_num_h_acceptors,0.5421381982804324,0.0,linear,log_kcat_value
41,log1p_num_h_acceptors,0.2164698754607016,1.0986123085021973,linear,log_kcat_value
42,log1p_num_h_acceptors,0.0,1.7917594909667969,linear,log_kcat_value
43,log1p_num_h_acceptors,-0.3355557343581624,2.995732307434082,linear,log_kcat_value
44,log1p_num_h_acceptors,-0.251796553062323,2.70805025100708,linear,log_kcat_value
45,log1p_num_h_acceptors,0.3340134517339154,0.6931471824645996,linear,log_kcat_value
46,log1p_num_h_acceptors,-0.027141437421200867,1.945910096168518,linear,log_kcat_value
47,log1p_num_h_acceptors,0.35329930108801977,0.6931471824645996,linear,log_kcat_value
48,log1p_num_h_acceptors,0.23204018992298653,1.0986123085021973,linear,log_kcat_value
49,log1p_num_h_acceptors,0.0,1.6094379425048828,linear,log_kcat_value
50,log1p_num_h_acceptors,0.2331032568590835,1.0986123085021973,linear,log_kcat_value
51,log1p_num_h_acceptors,-0.1315057816430156,2.3025851249694824,linear,log_kcat_value
52,log1p_num_h_acceptors,-0.06447014312337447,2.079441547393799,linear,log_kcat_value
53,log1p_num_h_acceptors,-0.09570735590341044,2.1972246170043945,linear,log_kcat_value
54,log1p_num_h_acceptors,0.06835898672559662,1.6094379425048828,linear,log_kcat_value
55,log1p_num_h_acceptors,0.0,1.7917594909667969,linear,log_kcat_value
56,log1p_num_h_acceptors,-0.3376477262623718,2.944438934326172,linear,log_kcat_value
57,log1p_num_h_acceptors,-0.06998940490403661,2.079441547393799,linear,log_kcat_value
58,log1p_num_h_acceptors,0.1472688569467806,1.3862943649291992,linear,log_kcat_value
59,log1p_num_h_acceptors,-0.06828158385790778,2.079441547393799,linear,log_kcat_value
60,log1p_num_h_acceptors,0.1325187904102892,1.3862943649291992,linear,log_kcat_value
61,log1p_num_h_acceptors,0.1358255333746434,1.3862943649291992,linear,log_kcat_value
62,log1p_num_h_acceptors,-0.3079508268025391,2.890371799468994,linear,log_kcat_value
63,log1p_num_h_acceptors,0.21959184450648128,1.0986123085021973,linear,log_kcat_value
64,log1p_num_h_acceptors,0.2227725415024186,1.0986123085021973,linear,log_kcat_value
65,log1p_num_h_acceptors,0.21758008263308298,1.0986123085021973,linear,log_kcat_value
66,log1p_num_h_acceptors,-0.34135357851368403,2.944438934326172,linear,log_kcat_value
67,log1p_num_h_acceptors,-0.3865693227360975,3.1354942321777344,linear,log_kcat_value
68,log1p_num_h_acceptors,-0.3211428068930915,2.995732307434082,linear,log_kcat_value
69,log1p_num_h_acceptors,0.0,1.7917594909667969,linear,log_kcat_value
70,log1p_num_h_acceptors,0.0,1.945910096168518,linear,log_kcat_value
71,log1p_num_h_acceptors,0.32686852442968495,0.6931471824645996,linear,log_kcat_value
72,log1p_num_h_acceptors,-0.09381904800648434,2.1972246170043945,linear,log_kcat_value
73,log1p_num_h_acceptors,0.06281495576240444,1.6094379425048828,linear,log_kcat_value
74,log1p_num_h_acceptors,0.2139917374788983,1.0986123085021973,linear,log_kcat_value
75,log1p_num_h_acceptors,-0.07280806178314982,2.079441547393799,linear,log_kcat_value
76,log1p_num_h_acceptors,-0.34273724978415854,2.944438934326172,linear,log_kcat_value
77,log1p_num_h_acceptors,0.22575795277729654,1.0986123085021973,linear,log_kcat_value
78,log1p_num_h_acceptors,0.07188234075226356,1.6094379425048828,linear,log_kcat_value
79,log1p_num_h_acceptors,0.0,2.5649492740631104,linear,log_kcat_value
80,log1p_num_h_acceptors,0.3233815919941914,0.6931471824645996,linear,log_kcat_value
81,log1p_num_h_acceptors,0.0,1.945910096168518,linear,log_kcat_value
82,log1p_num_h_acceptors,-0.10189287269085597,2.1972246170043945,linear,log_kcat_value
83,log1p_num_h_acceptors,0.13771289836632242,1.3862943649291992,linear,log_kcat_value
84,log1p_num_h_acceptors,0.12956066319791468,1.3862943649291992,linear,log_kcat_value
85,log1p_num_h_acceptors,-0.2984212780047554,2.890371799468994,linear,log_kcat_value
86,log1p_num_h_acceptors,0.0,1.945910096168518,linear,log_kcat_value
87,log1p_num_h_acceptors,-0.25837894175179466,2.70805025100708,linear,log_kcat_value
88,log1p_num_h_acceptors,0.1379522673716088,1.3862943649291992,linear,log_kcat_value
89,log1p_num_h_acceptors,0.0,1.7917594909667969,linear,log_kcat_value
90,log1p_num_h_acceptors,0.0,1.945910096168518,linear,log_kcat_value
91,log1p_num_h_acceptors,-0.3079215050681681,2.890371799468994,linear,log_kcat_value
92,log1p_num_h_acceptors,-0.24878015939731477,2.70805025100708,linear,log_kcat_value
93,log1p_num_h_acceptors,0.13530355894127488,1.3862943649291992,linear,log_kcat_value
94,log1p_num_h_acceptors,-0.1364374689516753,2.3025851249694824,linear,log_kcat_value
95,log1p_num_h_acceptors,0.13555439328682387,1.3862943649291992,linear,log_kcat_value
96,log1p_num_h_acceptors,-0.20620506652495615,2.5649492740631104,linear,log_kcat_value
97,log1p_num_h_acceptors,0.2274170140382146,1.0986123085021973,linear,log_kcat_value
98,log1p_num_h_acceptors,0.0,1.7917594909667969,linear,log_kcat_value
99,log1p_num_h_acceptors,-0.1387848072234061,2.3025851249694824,linear,log_kcat_value
0,log1p_num_rot_bonds,0.0,2.944438934326172,linear,log_kcat_value
1,log1p_num_rot_bonds,0.0,1.6094379425048828,linear,log_kcat_value
2,log1p_num_rot_bonds,0.18356772221275466,2.397895336151123,linear,log_kcat_value
3,log1p_num_rot_bonds,0.03052442757213496,1.6094379425048828,linear,log_kcat_value
4,log1p_num_rot_bonds,0.20037467005330817,2.4849066734313965,linear,log_kcat_value
5,log1p_num_rot_bonds,0.06759428088016728,1.7917594909667969,linear,log_kcat_value
6,log1p_num_rot_bonds,0.0,1.6094379425048828,linear,log_kcat_value
7,log1p_num_rot_bonds,-0.3354764618591716,0.0,linear,log_kcat_value
8,log1p_num_rot_bonds,0.0,1.3862943649291992,linear,log_kcat_value
9,log1p_num_rot_bonds,0.2011707729810313,2.4849066734313965,linear,log_kcat_value
10,log1p_num_rot_bonds,0.0,1.3862943649291992,linear,log_kcat_value
11,log1p_num_rot_bonds,0.0,1.6094379425048828,linear,log_kcat_value
12,log1p_num_rot_bonds,0.09999776813358469,1.945910096168518,linear,log_kcat_value
13,log1p_num_rot_bonds,0.2866621902746895,2.890371799468994,linear,log_kcat_value
14,log1p_num_rot_bonds,0.20511772690502994,2.4849066734313965,linear,log_kcat_value
15,log1p_num_rot_bonds,-0.0791591933665503,1.0986123085021973,linear,log_kcat_value
16,log1p_num_rot_bonds,-0.17439547753591778,0.6931471824645996,linear,log_kcat_value
17,log1p_num_rot_bonds,-0.1576337021039855,0.6931471824645996,linear,log_kcat_value
18,log1p_num_rot_bonds,-0.16534335241115408,0.6931471824645996,linear,log_kcat_value
19,log1p_num_rot_bonds,0.4938943547848235,3.761200189590454,linear,log_kcat_value
20,log1p_num_rot_bonds,0.0,1.0986123085021973,linear,log_kcat_value
21,log1p_num_rot_bonds,-0.16606329398487588,0.6931471824645996,linear,log_kcat_value
22,log1p_num_rot_bonds,0.1064837991612256,1.945910096168518,linear,log_kcat_value
23,log1p_num_rot_bonds,0.0,2.1972246170043945,linear,log_kcat_value
24,log1p_num_rot_bonds,0.2847190885583005,2.8332133293151855,linear,log_kcat_value
25,log1p_num_rot_bonds,0.2980365861174267,3.044522523880005,linear,log_kcat_value
26,log1p_num_rot_bonds,0.21797080373503952,2.4849066734313965,linear,log_kcat_value
27,log1p_num_rot_bonds,0.34482447234481284,3.044522523880005,linear,log_kcat_value
28,log1p_num_rot_bonds,-0.30786512276379885,0.0,linear,log_kcat_value
29,log1p_num_rot_bonds,0.0,1.3862943649291992,linear,log_kcat_value
30,log1p_num_rot_bonds,0.3025577340376134,2.890371799468994,linear,log_kcat_value
31,log1p_num_rot_bonds,-0.30421357815071753,0.0,linear,log_kcat_value
32,log1p_num_rot_bonds,0.15075356577322963,2.1972246170043945,linear,log_kcat_value
33,log1p_num_rot_bonds,0.25469195618005436,2.6390573978424072,linear,log_kcat_value
34,log1p_num_rot_bonds,0.23414887060416428,2.6390573978424072,linear,log_kcat_value
35,log1p_num_rot_bonds,0.18739533344718795,2.4849066734313965,linear,log_kcat_value
36,log1p_num_rot_bonds,0.06806019508997672,1.7917594909667969,linear,log_kcat_value
37,log1p_num_rot_bonds,0.1465232275735533,2.1972246170043945,linear,log_kcat_value
38,log1p_num_rot_bonds,0.16851965784767214,2.3025851249694824,linear,log_kcat_value
39,log1p_num_rot_bonds,-0.3181619009525215,0.0,linear,log_kcat_value
40,log1p_num_rot_bonds,-0.31346820455533575,0.0,linear,log_kcat_value
41,log1p_num_rot_bonds,0.0,1.6094379425048828,linear,log_kcat_value
42,log1p_num_rot_bonds,0.1305076590142306,2.079441547393799,linear,log_kcat_value
43,log1p_num_rot_bonds,0.24464562263482684,2.6390573978424072,linear,log_kcat_value
44,log1p_num_rot_bonds,0.15216543892750908,2.1972246170043945,linear,log_kcat_value
45,log1p_num_rot_bonds,0.0,1.0986123085021973,linear,log_kcat_value
46,log1p_num_rot_bonds,-0.16576471535602677,0.6931471824645996,linear,log_kcat_value
47,log1p_num_rot_bonds,0.0,1.7917594909667969,linear,log_kcat_value
48,log1p_num_rot_bonds,-0.3060085330583397,0.0,linear,log_kcat_value
49,log1p_num_rot_bonds,-0.06851215853419274,1.0986123085021973,linear,log_kcat_value
50,log1p_num_rot_bonds,-0.1503113222105326,0.6931471824645996,linear,log_kcat_value
51,log1p_num_rot_bonds,-0.08001368856552883,1.0986123085021973,linear,log_kcat_value
52,log1p_num_rot_bonds,-0.01793231529426767,1.3862943649291992,linear,log_kcat_value
53,log1p_num_rot_bonds,-0.01402777325593807,1.3862943649291992,linear,log_kcat_value
54,log1p_num_rot_bonds,0.02568135484384848,1.6094379425048828,linear,log_kcat_value
55,log1p_num_rot_bonds,0.030685843995826884,1.6094379425048828,linear,log_kcat_value
56,log1p_num_rot_bonds,0.2259256580234269,2.6390573978424072,linear,log_kcat_value
57,log1p_num_rot_bonds,0.0,1.3862943649291992,linear,log_kcat_value
58,log1p_num_rot_bonds,-0.30670015400611944,0.0,linear,log_kcat_value
59,log1p_num_rot_bonds,0.0,1.6094379425048828,linear,log_kcat_value
60,log1p_num_rot_bonds,0.02408401441161252,1.6094379425048828,linear,log_kcat_value
61,log1p_num_rot_bonds,0.0,1.0986123085021973,linear,log_kcat_value
62,log1p_num_rot_bonds,0.21051503360580495,2.4849066734313965,linear,log_kcat_value
63,log1p_num_rot_bonds,0.0,1.0986123085021973,linear,log_kcat_value
64,log1p_num_rot_bonds,0.0,1.0986123085021973,linear,log_kcat_value
65,log1p_num_rot_bonds,-0.1702665239936821,0.6931471824645996,linear,log_kcat_value
66,log1p_num_rot_bonds,0.19167653069762147,2.4849066734313965,linear,log_kcat_value
67,log1p_num_rot_bonds,0.5073010182090765,3.9512436389923096,linear,log_kcat_value
68,log1p_num_rot_bonds,0.33587669924677344,2.995732307434082,linear,log_kcat_value
69,log1p_num_rot_bonds,0.0,1.3862943649291992,linear,log_kcat_value
70,log1p_num_rot_bonds,-0.16358699004035426,0.6931471824645996,linear,log_kcat_value
71,log1p_num_rot_bonds,0.11566489130193959,2.079441547393799,linear,log_kcat_value
72,log1p_num_rot_bonds,-0.07344215255042248,1.0986123085021973,linear,log_kcat_value
73,log1p_num_rot_bonds,0.0,1.3862943649291992,linear,log_kcat_value
74,log1p_num_rot_bonds,-0.3201373642656164,0.0,linear,log_kcat_value
75,log1p_num_rot_bonds,0.0,1.3862943649291992,linear,log_kcat_value
76,log1p_num_rot_bonds,0.19235165216019195,2.4849066734313965,linear,log_kcat_value
77,log1p_num_rot_bonds,-0.16042714885940068,0.6931471824645996,linear,log_kcat_value
78,log1p_num_rot_bonds,0.02905770570439143,1.6094379425048828,linear,log_kcat_value
79,log1p_num_rot_bonds,0.3573143767866345,3.295836925506592,linear,log_kcat_value
80,log1p_num_rot_bonds,0.05143929123238922,1.7917594909667969,linear,log_kcat_value
81,log1p_num_rot_bonds,-0.16680225262087006,0.6931471824645996,linear,log_kcat_value
82,log1p_num_rot_bonds,0.17623866861025034,2.3025851249694824,linear,log_kcat_value
83,log1p_num_rot_bonds,0.0,1.6094379425048828,linear,log_kcat_value
84,log1p_num_rot_bonds,0.0,1.3862943649291992,linear,log_kcat_value
85,log1p_num_rot_bonds,0.21682843526010853,2.4849066734313965,linear,log_kcat_value
86,log1p_num_rot_bonds,-0.16752384715764868,0.6931471824645996,linear,log_kcat_value
87,log1p_num_rot_bonds,0.14944478536677006,2.1972246170043945,linear,log_kcat_value
88,log1p_num_rot_bonds,-0.16556054441949103,0.6931471824645996,linear,log_kcat_value
89,log1p_num_rot_bonds,0.021336584943348644,1.6094379425048828,linear,log_kcat_value
90,log1p_num_rot_bonds,0.09566511921174833,1.945910096168518,linear,log_kcat_value
91,log1p_num_rot_bonds,0.20994410329380755,2.4849066734313965,linear,log_kcat_value
92,log1p_num_rot_bonds,0.15513550188129896,2.1972246170043945,linear,log_kcat_value
93,log1p_num_rot_bonds,0.026751303269000153,1.6094379425048828,linear,log_kcat_value
94,log1p_num_rot_bonds,0.1909141187609791,2.397895336151123,linear,log_kcat_value
95,log1p_num_rot_bonds,0.0,1.6094379425048828,linear,log_kcat_value
96,log1p_num_rot_bonds,0.1030280286674428,1.945910096168518,linear,log_kcat_value
97,log1p_num_rot_bonds,-0.07565130513020289,1.0986123085021973,linear,log_kcat_value
98,log1p_num_rot_bonds,-0.017826183484999814,1.3862943649291992,linear,log_kcat_value
99,log1p_num_rot_bonds,0.1651055614257152,2.3025851249694824,linear,log_kcat_value
0,log_seq_length,-4.48124167076309,5.181783676147461,linear,log_kcat_value
1,log_seq_length,1.0661659208210934,6.118097305297852,linear,log_kcat_value
2,log_seq_length,3.168829239707969,6.472346305847168,linear,log_kcat_value
3,log_seq_length,-3.0251406088685275,5.429345607757568,linear,log_kcat_value
4,log_seq_length,-2.58936499318718,5.505331516265869,linear,log_kcat_value
5,log_seq_length,-1.9348172024763417,5.613128185272217,linear,log_kcat_value
6,log_seq_length,1.0166071318064436,6.10924768447876,linear,log_kcat_value
7,log_seq_length,0.0,5.924255847930908,linear,log_kcat_value
8,log_seq_length,0.9116038019794573,6.091310024261475,linear,log_kcat_value
9,log_seq_length,2.285456957305941,6.324358940124512,linear,log_kcat_value
10,log_seq_length,0.7010961047881183,6.056784152984619,linear,log_kcat_value
11,log_seq_length,-1.2582801225037226,5.7268476486206055,linear,log_kcat_value
12,log_seq_length,-2.502899693209058,5.517452716827393,linear,log_kcat_value
13,log_seq_length,-1.5445607263180317,5.680172443389893,linear,log_kcat_value
14,log_seq_length,0.09337120584997043,5.955837249755859,linear,log_kcat_value
15,log_seq_length,-10.492537897310221,4.174387454986572,linear,log_kcat_value
16,log_seq_length,-6.115257187735953,4.912654876708984,linear,log_kcat_value
17,log_seq_length,-4.324680646089074,5.20948600769043,linear,log_kcat_value
18,log_seq_length,2.7809797564361913,6.405228614807129,linear,log_kcat_value
19,log_seq_length,5.322777772087628,6.830874443054199,linear,log_kcat_value
20,log_seq_length,-1.9198418383696154,5.616771221160889,linear,log_kcat_value
21,log_seq_length,-0.7710810382019733,5.80814266204834,linear,log_kcat_value
22,log_seq_length,-5.921530464415772,4.9416422843933105,linear,log_kcat_value
23,log_seq_length,6.826492715365624,7.083387851715088,linear,log_kcat_value
24,log_seq_length,-2.4803847193883115,5.521461009979248,linear,log_kcat_value
25,log_seq_length,1.654263297133573,6.220590114593506,linear,log_kcat_value
26,log_seq_length,-1.9324680090786768,5.613128185272217,linear,log_kcat_value
27,log_seq_length,2.342584874367211,6.329720973968506,linear,log_kcat_value
28,log_seq_length,1.5715489634993163,6.200509071350098,linear,log_kcat_value
29,log_seq_length,0.2629382009977544,5.981414318084717,linear,log_kcat_value
30,log_seq_length,7.671695228319455,7.227662563323975,linear,log_kcat_value
31,log_seq_length,-0.18374385350290548,5.905361652374268,linear,log_kcat_value
32,log_seq_length,-4.740109490486711,5.141663551330566,linear,log_kcat_value
33,log_seq_length,-5.162216633706288,5.068904399871826,linear,log_kcat_value
34,log_seq_length,0.950956949557463,6.100318908691406,linear,log_kcat_value
35,log_seq_length,-0.765063262718051,5.8141303062438965,linear,log_kcat_value
36,log_seq_length,0.5243316318930336,6.0258660316467285,linear,log_kcat_value
37,log_seq_length,0.42604103826364975,6.011267185211182,linear,log_kcat_value
38,log_seq_length,-3.607606466109994,5.332718849182129,linear,log_kcat_value
39,log_seq_length,-0.295040121667369,5.888877868652344,linear,log_kcat_value
40,log_seq_length,6.208840285332758,6.981005668640137,linear,log_kcat_value
41,log_seq_length,2.012177149984381,6.2766432762146,linear,log_kcat_value
42,log_seq_length,0.24559029369433,5.978885650634766,linear,log_kcat_value
43,log_seq_length,-10.781905628978807,4.127134323120117,linear,log_kcat_value
44,log_seq_length,1.0949538601291906,6.122492790222168,linear,log_kcat_value
45,log_seq_length,-2.389925912467708,5.537334442138672,linear,log_kcat_value
46,log_seq_length,0.979453825969836,6.102558612823486,linear,log_kcat_value
47,log_seq_length,2.143096934326443,6.295266151428223,linear,log_kcat_value
48,log_seq_length,4.952801218105268,6.768493175506592,linear,log_kcat_value
49,log_seq_length,-3.1744168086688784,5.402677536010742,linear,log_kcat_value
50,log_seq_length,-1.8977520502115233,5.616771221160889,linear,log_kcat_value
51,log_seq_length,-1.315130850533631,5.71702766418457,linear,log_kcat_value
52,log_seq_length,2.344117202416328,6.3315019607543945,linear,log_kcat_value
53,log_seq_length,-3.1795379081460022,5.402677536010742,linear,log_kcat_value
54,log_seq_length,3.8965590219983737,6.593044757843018,linear,log_kcat_value
55,log_seq_length,-1.5742401689794767,5.673323154449463,linear,log_kcat_value
56,log_seq_length,0.0,5.921578407287598,linear,log_kcat_value
57,log_seq_length,-2.6042329998103373,5.501258373260498,linear,log_kcat_value
58,log_seq_length,2.83042328177524,6.411818504333496,linear,log_kcat_value
59,log_seq_length,-1.1443132362931292,5.746203422546387,linear,log_kcat_value
60,log_seq_length,2.045722869909051,6.282266616821289,linear,log_kcat_value
61,log_seq_length,0.5237862539566,6.0258660316467285,linear,log_kcat_value
62,log_seq_length,2.5046484937100395,6.359573841094971,linear,log_kcat_value
63,log_seq_length,-1.8459715103970074,5.627621173858643,linear,log_kcat_value
64,log_seq_length,-0.6137892506078597,5.834810733795166,linear,log_kcat_value
65,log_seq_length,-0.5316915558851224,5.849324703216553,linear,log_kcat_value
66,log_seq_length,0.43784210480123376,6.016157150268555,linear,log_kcat_value
67,log_seq_length,-0.956788369001612,5.780743598937988,linear,log_kcat_value
68,log_seq_length,-1.204325924453993,5.733341217041016,linear,log_kcat_value
69,log_seq_length,2.5284175230008468,6.363028049468994,linear,log_kcat_value
70,log_seq_length,0.046924708894301614,5.945420742034912,linear,log_kcat_value
71,log_seq_length,2.201226212883036,6.309918403625488,linear,log_kcat_value
72,log_seq_length,-1.6557056438807152,5.659482002258301,linear,log_kcat_value
73,log_seq_length,2.7428655488908076,6.400257587432861,linear,log_kcat_value
74,log_seq_length,-0.9614383580714508,5.777652263641357,linear,log_kcat_value
75,log_seq_length,1.5055484099735892,6.192362308502197,linear,log_kcat_value
76,log_seq_length,-3.681329508016861,5.323009967803955,linear,log_kcat_value
77,log_seq_length,-0.45209485236645097,5.860786437988281,linear,log_kcat_value
78,log_seq_length,-1.1032052486276138,5.752572536468506,linear,log_kcat_value
79,log_seq_length,-1.4789751368377164,5.693732261657715,linear,log_kcat_value
80,log_seq_length,2.3121514529199234,6.329720973968506,linear,log_kcat_value
81,log_seq_length,2.5603731086630086,6.368186950683594,linear,log_kcat_value
82,log_seq_length,0.0,5.9427995681762695,linear,log_kcat_value
83,log_seq_length,-0.7902749427526202,5.8051347732543945,linear,log_kcat_value
84,log_seq_length,0.2531619118312071,5.981414318084717,linear,log_kcat_value
85,log_seq_length,1.2647040613601888,6.1506028175354,linear,log_kcat_value
86,log_seq_length,-2.22193466599269,5.564520359039307,linear,log_kcat_value
87,log_seq_length,1.2985659463041626,6.156979084014893,linear,log_kcat_value
88,log_seq_length,1.0076111761416269,6.107022762298584,linear,log_kcat_value
89,log_seq_length,-0.25012292283972554,5.897153854370117,linear,log_kcat_value
90,log_seq_length,2.940836494893416,6.4329400062561035,linear,log_kcat_value
91,log_seq_length,2.504308124963439,6.359573841094971,linear,log_kcat_value
92,log_seq_length,8.166429962565854,7.310550212860107,linear,log_kcat_value
93,log_seq_length,-7.815637708603333,4.624972820281982,linear,log_kcat_value
94,log_seq_length,-2.2959553771679433,5.552959442138672,linear,log_kcat_value
95,log_seq_length,7.500871154598611,7.1989312171936035,linear,log_kcat_value
96,log_seq_length,1.4414711778007492,6.18001651763916,linear,log_kcat_value
97,log_seq_length,2.8758474191189745,6.419994831085205,linear,log_kcat_value
98,log_seq_length,2.752085389451189,6.400257587432861,linear,log_kcat_value
99,log_seq_length,-5.1830478642873885,5.068904399871826,linear,log_kcat_value
0,log_seq_mol_wt,4.3497753058975785,9.895637512207031,linear,log_kcat_value
1,log_seq_mol_wt,-1.3135408666038386,10.868292808532715,linear,log_kcat_value
2,log_seq_mol_wt,-3.0620635839741017,11.16805648803711,linear,log_kcat_value
3,log_seq_mol_wt,2.964559061480107,10.134017944335938,linear,log_kcat_value
4,log_seq_mol_wt,2.6811937384070523,10.179969787597656,linear,log_kcat_value
5,log_seq_mol_wt,1.6879789380186103,10.35327434539795,linear,log_kcat_value
6,log_seq_mol_wt,-1.0850790203550293,10.829964637756348,linear,log_kcat_value
7,log_seq_mol_wt,0.28871628961668055,10.589705467224121,linear,log_kcat_value
8,log_seq_mol_wt,-1.028236120885995,10.82020378112793,linear,log_kcat_value
9,log_seq_mol_wt,-2.2334919187774758,11.025118827819824,linear,log_kcat_value
10,log_seq_mol_wt,-0.5561216551569444,10.738465309143066,linear,log_kcat_value
11,log_seq_mol_wt,1.1343419804402761,10.448199272155762,linear,log_kcat_value
12,log_seq_mol_wt,2.1675970661238053,10.270760536193848,linear,log_kcat_value
13,log_seq_mol_wt,1.6482932223862206,10.358283996582031,linear,log_kcat_value
14,log_seq_mol_wt,0.11307632012095122,10.62234115600586,linear,log_kcat_value
15,log_seq_mol_wt,10.46652807361064,8.8438720703125,linear,log_kcat_value
16,log_seq_mol_wt,6.144176446467503,9.585155487060547,linear,log_kcat_value
17,log_seq_mol_wt,4.118577198903119,9.93643856048584,linear,log_kcat_value
18,log_seq_mol_wt,-2.6064401579932746,11.091901779174805,linear,log_kcat_value
19,log_seq_mol_wt,-5.3824629802535595,11.570343017578125,linear,log_kcat_value
20,log_seq_mol_wt,1.6516443009031316,10.358739852905273,linear,log_kcat_value
21,log_seq_mol_wt,1.014270234243556,10.469345092773438,linear,log_kcat_value
22,log_seq_mol_wt,5.7378233423665845,9.657936096191406,linear,log_kcat_value
23,log_seq_mol_wt,-6.331258728391831,11.733443260192871,linear,log_kcat_value
24,log_seq_mol_wt,2.2171459105047835,10.262185096740723,linear,log_kcat_value
25,log_seq_mol_wt,-1.694012099597985,10.931374549865723,linear,log_kcat_value
26,log_seq_mol_wt,1.7060834294937588,10.350407600402832,linear,log_kcat_value
27,log_seq_mol_wt,-2.2930395099559613,11.039839744567871,linear,log_kcat_value
28,log_seq_mol_wt,-1.7651783431547383,10.948140144348145,linear,log_kcat_value
29,log_seq_mol_wt,-0.22188405389380836,10.682188987731934,linear,log_kcat_value
30,log_seq_mol_wt,-7.5128586421744545,11.935462951660156,linear,log_kcat_value
31,log_seq_mol_wt,0.1295411727232862,10.6234130859375,linear,log_kcat_value
32,log_seq_mol_wt,4.512511727819283,9.86694622039795,linear,log_kcat_value
33,log_seq_mol_wt,4.923180556558244,9.798083305358887,linear,log_kcat_value
34,log_seq_mol_wt,-0.9095464693392705,10.797884941101074,linear,log_kcat_value
35,log_seq_mol_wt,0.8812667408139255,10.486600875854492,linear,log_kcat_value
36,log_seq_mol_wt,-0.6635681848796762,10.757920265197754,linear,log_kcat_value
37,log_seq_mol_wt,-0.3337157417852573,10.699564933776855,linear,log_kcat_value
38,log_seq_mol_wt,3.513412055232454,10.038525581359863,linear,log_kcat_value
39,log_seq_mol_wt,0.14835834681946994,10.617300987243652,linear,log_kcat_value
40,log_seq_mol_wt,-6.2016399341116655,11.71030330657959,linear,log_kcat_value
41,log_seq_mol_wt,-2.0905615817073486,11.002645492553711,linear,log_kcat_value
42,log_seq_mol_wt,-0.17401309471469018,10.673871040344238,linear,log_kcat_value
43,log_seq_mol_wt,10.636901617806044,8.813807487487793,linear,log_kcat_value
44,log_seq_mol_wt,-1.0287990976615058,10.82018756866455,linear,log_kcat_value
45,log_seq_mol_wt,2.352072262996762,10.2382230758667,linear,log_kcat_value
46,log_seq_mol_wt,-0.938798530369626,10.805061340332031,linear,log_kcat_value
47,log_seq_mol_wt,-2.172707997315541,11.020642280578613,linear,log_kcat_value
48,log_seq_mol_wt,-4.974294477335357,11.50092887878418,linear,log_kcat_value
49,log_seq_mol_wt,2.925341460442784,10.143033981323242,linear,log_kcat_value
50,log_seq_mol_wt,1.6703319691581509,10.358739852905273,linear,log_kcat_value
51,log_seq_mol_wt,1.4693249525379661,10.390852928161621,linear,log_kcat_value
52,log_seq_mol_wt,-2.2215093719211816,11.025952339172363,linear,log_kcat_value
53,log_seq_mol_wt,2.859622889527883,10.152830123901367,linear,log_kcat_value
54,log_seq_mol_wt,-3.650892398952359,11.271092414855957,linear,log_kcat_value
55,log_seq_mol_wt,1.7622671626201227,10.341065406799316,linear,log_kcat_value
56,log_seq_mol_wt,0.3671113508115714,10.57559585571289,linear,log_kcat_value
57,log_seq_mol_wt,2.366451249439632,10.235960006713867,linear,log_kcat_value
58,log_seq_mol_wt,-2.8709113645713717,11.13865852355957,linear,log_kcat_value
59,log_seq_mol_wt,0.9295343543442794,10.483341217041016,linear,log_kcat_value
60,log_seq_mol_wt,-2.035501726308892,10.992963790893555,linear,log_kcat_value
61,log_seq_mol_wt,-0.23137508607786436,10.684676170349121,linear,log_kcat_value
62,log_seq_mol_wt,-2.4407410218239116,11.062714576721191,linear,log_kcat_value
63,log_seq_mol_wt,2.0368266504063706,10.2933931350708,linear,log_kcat_value
64,log_seq_mol_wt,0.3151591467383068,10.589863777160645,linear,log_kcat_value
65,log_seq_mol_wt,0.30740400975084853,10.59010124206543,linear,log_kcat_value
66,log_seq_mol_wt,-0.15482657154279456,10.667594909667969,linear,log_kcat_value
67,log_seq_mol_wt,0.8779144501061664,10.489245414733887,linear,log_kcat_value
68,log_seq_mol_wt,0.9313448884791573,10.48501968383789,linear,log_kcat_value
69,log_seq_mol_wt,-2.570758530132579,11.085429191589355,linear,log_kcat_value
70,log_seq_mol_wt,0.06463436125263004,10.632862091064453,linear,log_kcat_value
71,log_seq_mol_wt,-2.1494310330277253,11.010565757751465,linear,log_kcat_value
72,log_seq_mol_wt,1.6968841215960615,10.352237701416016,linear,log_kcat_value
73,log_seq_mol_wt,-2.6466534869433938,11.096953392028809,linear,log_kcat_value
74,log_seq_mol_wt,0.7732419009046368,10.509709358215332,linear,log_kcat_value
75,log_seq_mol_wt,-1.725138799079857,10.938871383666992,linear,log_kcat_value
76,log_seq_mol_wt,3.5321733838629243,10.0322847366333,linear,log_kcat_value
77,log_seq_mol_wt,0.7036123737030983,10.523509979248047,linear,log_kcat_value
78,log_seq_mol_wt,1.2635592443434402,10.426422119140625,linear,log_kcat_value
79,log_seq_mol_wt,1.2906484596017318,10.418144226074219,linear,log_kcat_value
80,log_seq_mol_wt,-2.2421812884539585,11.026021957397461,linear,log_kcat_value
81,log_seq_mol_wt,-2.3917904239815173,11.055208206176758,linear,log_kcat_value
82,log_seq_mol_wt,0.08825993576938733,10.628644943237305,linear,log_kcat_value
83,log_seq_mol_wt,0.9565504604251734,10.479232788085938,linear,log_kcat_value
84,log_seq_mol_wt,-0.23090230735381823,10.682188987731934,linear,log_kcat_value
85,log_seq_mol_wt,-1.3604600937868991,10.87839126586914,linear,log_kcat_value
86,log_seq_mol_wt,2.332539433203766,10.242412567138672,linear,log_kcat_value
87,log_seq_mol_wt,-1.3846572411145681,10.881373405456543,linear,log_kcat_value
88,log_seq_mol_wt,-0.9442486321078771,10.8060884475708,linear,log_kcat_value
89,log_seq_mol_wt,0.04622341327408095,10.634742736816406,linear,log_kcat_value
90,log_seq_mol_wt,-2.987900879309411,11.156765937805176,linear,log_kcat_value
91,log_seq_mol_wt,-2.4420405182407032,11.062714576721191,linear,log_kcat_value
92,log_seq_mol_wt,-7.921327891296105,12.006189346313477,linear,log_kcat_value
93,log_seq_mol_wt,7.322056418687757,9.38391399383545,linear,log_kcat_value
94,log_seq_mol_wt,2.417834457953134,10.226869583129883,linear,log_kcat_value
95,log_seq_mol_wt,-7.332392092446115,11.904401779174805,linear,log_kcat_value
96,log_seq_mol_wt,-1.2763948938758487,10.86384105682373,linear,log_kcat_value
97,log_seq_mol_wt,-2.7866772905498274,11.124246597290039,linear,log_kcat_value
98,log_seq_mol_wt,-2.8450264820030764,11.133379936218262,linear,log_kcat_value
99,log_seq_mol_wt,4.901569696181158,9.798135757446289,linear,log_kcat_value
0,linear_pI,-0.11387722252861862,7.06573486328125,linear,log_kcat_value
1,linear_pI,0.15158660958396153,5.298780918121338,linear,log_kcat_value
2,linear_pI,0.12567519594592783,5.449859142303467,linear,log_kcat_value
3,linear_pI,-0.2432223645919,7.934462547302246,linear,log_kcat_value
4,linear_pI,0.0,6.739933490753174,linear,log_kcat_value
5,linear_pI,0.16214926990133194,5.270418167114258,linear,log_kcat_value
6,linear_pI,0.05817377717917854,5.94498348236084,linear,log_kcat_value
7,linear_pI,-0.19300601050656768,7.450875759124756,linear,log_kcat_value
8,linear_pI,-0.18581828680177195,7.538123607635498,linear,log_kcat_value
9,linear_pI,-0.21884056154963258,7.6631693840026855,linear,log_kcat_value
10,linear_pI,0.14267355948871804,5.366362571716309,linear,log_kcat_value
11,linear_pI,-0.12634620432676336,7.147298812866211,linear,log_kcat_value
12,linear_pI,-0.35477428442340414,8.650577545166016,linear,log_kcat_value
13,linear_pI,0.12100264640651565,5.443492889404297,linear,log_kcat_value
14,linear_pI,0.0,6.326600551605225,linear,log_kcat_value
15,linear_pI,0.16339342500066592,5.284002780914307,linear,log_kcat_value
16,linear_pI,0.18829282859895558,5.036071300506592,linear,log_kcat_value
17,linear_pI,0.18313706462680712,5.198971748352051,linear,log_kcat_value
18,linear_pI,0.2017491275923061,5.01532506942749,linear,log_kcat_value
19,linear_pI,-0.11926859343175966,7.153323650360107,linear,log_kcat_value
20,linear_pI,0.16273469615914135,5.227959632873535,linear,log_kcat_value
21,linear_pI,0.19599824266075141,5.059147834777832,linear,log_kcat_value
22,linear_pI,0.1331880916940079,5.490214824676514,linear,log_kcat_value
23,linear_pI,-0.5424336494730329,9.912095069885254,linear,log_kcat_value
24,linear_pI,0.0,6.695826530456543,linear,log_kcat_value
25,linear_pI,0.22580937020882333,4.702028274536133,linear,log_kcat_value
26,linear_pI,-0.1346211562005628,7.202432632446289,linear,log_kcat_value
27,linear_pI,0.0,6.292781352996826,linear,log_kcat_value
28,linear_pI,-0.29013099521285635,8.276016235351562,linear,log_kcat_value
29,linear_pI,0.12415016318375915,5.543813705444336,linear,log_kcat_value
30,linear_pI,0.09954760518447857,5.687616348266602,linear,log_kcat_value
31,linear_pI,0.151531382346943,5.420984745025635,linear,log_kcat_value
32,linear_pI,0.22148639141837062,4.8506622314453125,linear,log_kcat_value
33,linear_pI,0.21962255084034604,4.928815841674805,linear,log_kcat_value
34,linear_pI,0.1721787096024359,5.096945762634277,linear,log_kcat_value
35,linear_pI,0.14262830245251817,5.201074600219727,linear,log_kcat_value
36,linear_pI,0.08267976084704587,5.795383453369141,linear,log_kcat_value
37,linear_pI,0.11333956671753331,5.53369665145874,linear,log_kcat_value
38,linear_pI,0.14166573389862996,5.351470947265625,linear,log_kcat_value
39,linear_pI,-0.3283363903701447,8.480703353881836,linear,log_kcat_value
40,linear_pI,-0.26885792058195884,8.114522933959961,linear,log_kcat_value
41,linear_pI,-0.24576252738061216,7.901454925537109,linear,log_kcat_value
42,linear_pI,0.05106787225451767,6.006085395812988,linear,log_kcat_value
43,linear_pI,0.0,6.734988689422607,linear,log_kcat_value
44,linear_pI,0.0,5.983747482299805,linear,log_kcat_value
45,linear_pI,0.15061747131244602,5.315207481384277,linear,log_kcat_value
46,linear_pI,0.0,6.28255033493042,linear,log_kcat_value
47,linear_pI,0.18730977773759866,5.207554340362549,linear,log_kcat_value
48,linear_pI,-0.30654105127245734,8.41720199584961,linear,log_kcat_value
49,linear_pI,-0.3588722671340059,8.76462173461914,linear,log_kcat_value
50,linear_pI,0.17847580795069826,5.227959632873535,linear,log_kcat_value
51,linear_pI,0.16809115369005423,5.230062484741211,linear,log_kcat_value
52,linear_pI,0.0,6.303125858306885,linear,log_kcat_value
53,linear_pI,-0.3270907519109278,8.511260986328125,linear,log_kcat_value
54,linear_pI,-0.19913630688919362,7.614003658294678,linear,log_kcat_value
55,linear_pI,-0.41969751291360413,9.094635963439941,linear,log_kcat_value
56,linear_pI,-0.3607155676186105,8.47560977935791,linear,log_kcat_value
57,linear_pI,0.14867156880978769,5.326916217803955,linear,log_kcat_value
58,linear_pI,-0.43449345353636015,9.225764274597168,linear,log_kcat_value
59,linear_pI,0.0,6.514169216156006,linear,log_kcat_value
60,linear_pI,0.10960481870125745,5.584965229034424,linear,log_kcat_value
61,linear_pI,-0.21941692850122102,7.81190824508667,linear,log_kcat_value
62,linear_pI,-0.10395547440774089,6.975531101226807,linear,log_kcat_value
63,linear_pI,-0.38246581455016926,8.813617706298828,linear,log_kcat_value
64,linear_pI,0.0,5.868591785430908,linear,log_kcat_value
65,linear_pI,0.0,6.357521057128906,linear,log_kcat_value
66,linear_pI,0.15833626633035922,5.149465084075928,linear,log_kcat_value
67,linear_pI,-0.21517701718838925,7.610593318939209,linear,log_kcat_value
68,linear_pI,0.0,6.351495742797852,linear,log_kcat_value
69,linear_pI,0.051389960247014324,5.978745937347412,linear,log_kcat_value
70,linear_pI,0.16122775868907172,5.27689790725708,linear,log_kcat_value
71,linear_pI,0.21713835773512935,4.823209285736084,linear,log_kcat_value
72,linear_pI,0.0,5.727005958557129,linear,log_kcat_value
73,linear_pI,0.055294976826334,5.920883655548096,linear,log_kcat_value
74,linear_pI,-0.07301364330982799,6.762271404266357,linear,log_kcat_value
75,linear_pI,0.0,6.6927571296691895,linear,log_kcat_value
76,linear_pI,-0.4625267559412432,9.252067565917969,linear,log_kcat_value
77,linear_pI,0.1938900619390787,5.130992412567139,linear,log_kcat_value
78,linear_pI,0.22319292032562335,4.874876022338867,linear,log_kcat_value
79,linear_pI,0.11327051333029736,5.383016586303711,linear,log_kcat_value
80,linear_pI,0.12104879195674936,5.401886940002441,linear,log_kcat_value
81,linear_pI,0.21491566513802912,4.935238838195801,linear,log_kcat_value
82,linear_pI,-0.3388504063863315,8.554519653320312,linear,log_kcat_value
83,linear_pI,-0.050202665772319466,6.668657302856445,linear,log_kcat_value
84,linear_pI,0.1133875625300232,5.543813705444336,linear,log_kcat_value
85,linear_pI,0.0,5.794075965881348,linear,log_kcat_value
86,linear_pI,0.17932081975427847,5.159696102142334,linear,log_kcat_value
87,linear_pI,0.22625279635765116,4.826619625091553,linear,log_kcat_value
88,linear_pI,-0.04879932092325201,6.654618263244629,linear,log_kcat_value
89,linear_pI,0.062025775880977754,5.863874435424805,linear,log_kcat_value
90,linear_pI,0.1024721976850331,5.636802673339844,linear,log_kcat_value
91,linear_pI,-0.10304131662172898,6.975531101226807,linear,log_kcat_value
92,linear_pI,0.0,6.449429512023926,linear,log_kcat_value
93,linear_pI,0.0,6.380199432373047,linear,log_kcat_value
94,linear_pI,0.23798112504996283,4.749773025512695,linear,log_kcat_value
95,linear_pI,-0.07283787878820279,6.791941165924072,linear,log_kcat_value
96,linear_pI,0.0,6.214229583740234,linear,log_kcat_value
97,linear_pI,0.07585208864419568,5.874048233032227,linear,log_kcat_value
98,linear_pI,-0.11852371377232145,7.120357036590576,linear,log_kcat_value
99,linear_pI,0.23241149384776935,4.759777069091797,linear,log_kcat_value
0,linear_aromaticity,-0.10831439353361738,0.056179776787757874,linear,log_kcat_value
1,linear_aromaticity,0.18581321743790474,0.1299559473991394,linear,log_kcat_value
2,linear_aromaticity,0.0,0.08964451402425766,linear,log_kcat_value
3,linear_aromaticity,0.0,0.08771929889917374,linear,log_kcat_value
4,linear_aromaticity,0.0,0.0731707289814949,linear,log_kcat_value
5,linear_aromaticity,0.0,0.07299269735813141,linear,log_kcat_value
6,linear_aromaticity,0.0,0.08666666597127914,linear,log_kcat_value
7,linear_aromaticity,0.0,0.06684491783380508,linear,log_kcat_value
8,linear_aromaticity,0.0,0.0882352963089943,linear,log_kcat_value
9,linear_aromaticity,0.0,0.08781362324953079,linear,log_kcat_value
10,linear_aromaticity,-0.08192475880166784,0.06557376682758331,linear,log_kcat_value
11,linear_aromaticity,0.0,0.08143322169780731,linear,log_kcat_value
12,linear_aromaticity,0.11909939953976312,0.11244980245828629,linear,log_kcat_value
13,linear_aromaticity,0.0,0.095563143491745,linear,log_kcat_value
14,linear_aromaticity,0.0,0.06735751032829285,linear,log_kcat_value
15,linear_aromaticity,-0.22233719000837357,0.03076923079788685,linear,log_kcat_value
16,linear_aromaticity,0.0,0.06617647409439087,linear,log_kcat_value
17,linear_aromaticity,0.09158801645050578,0.10382513701915741,linear,log_kcat_value
18,linear_aromaticity,0.037017780265246714,0.0925619825720787,linear,log_kcat_value
19,linear_aromaticity,0.0,0.09071274101734161,linear,log_kcat_value
20,linear_aromaticity,0.0,0.08363636583089828,linear,log_kcat_value
21,linear_aromaticity,-0.11045938074797315,0.057057056576013565,linear,log_kcat_value
22,linear_aromaticity,0.19258684597065606,0.12857143580913544,linear,log_kcat_value
23,linear_aromaticity,-0.16126257955482687,0.04194631054997444,linear,log_kcat_value
24,linear_aromaticity,0.0,0.1080000028014183,linear,log_kcat_value
25,linear_aromaticity,0.1235809959176799,0.11928429454565048,linear,log_kcat_value
26,linear_aromaticity,0.0,0.08759123831987381,linear,log_kcat_value
27,linear_aromaticity,0.0,0.09803921729326248,linear,log_kcat_value
28,linear_aromaticity,0.12920620473005295,0.11359026283025742,linear,log_kcat_value
29,linear_aromaticity,0.0,0.09090909361839294,linear,log_kcat_value
30,linear_aromaticity,0.0,0.08351488411426544,linear,log_kcat_value
31,linear_aromaticity,0.0,0.09809264540672302,linear,log_kcat_value
32,linear_aromaticity,0.0,0.08187134563922882,linear,log_kcat_value
33,linear_aromaticity,0.0,0.09433962404727936,linear,log_kcat_value
34,linear_aromaticity,0.0,0.08968609571456909,linear,log_kcat_value
35,linear_aromaticity,0.0,0.05074626952409744,linear,log_kcat_value
36,linear_aromaticity,0.0,0.07971014827489853,linear,log_kcat_value
37,linear_aromaticity,-0.10031186290472022,0.061274509876966476,linear,log_kcat_value
38,linear_aromaticity,0.0,0.07246376574039459,linear,log_kcat_value
39,linear_aromaticity,0.10056457492852434,0.10803323984146118,linear,log_kcat_value
40,linear_aromaticity,0.0,0.10315985232591629,linear,log_kcat_value
41,linear_aromaticity,0.16393202325252781,0.12406015396118164,linear,log_kcat_value
42,linear_aromaticity,0.0,0.0835443064570427,linear,log_kcat_value
43,linear_aromaticity,0.1174566380771908,0.11290322244167328,linear,log_kcat_value
44,linear_aromaticity,0.0,0.0833333358168602,linear,log_kcat_value
45,linear_aromaticity,0.08907975261940271,0.10629921406507492,linear,log_kcat_value
46,linear_aromaticity,-0.04305886333631042,0.07382550090551376,linear,log_kcat_value
47,linear_aromaticity,0.14430191086659389,0.11439114063978195,linear,log_kcat_value
48,linear_aromaticity,-0.0710179243663817,0.06551723927259445,linear,log_kcat_value
49,linear_aromaticity,0.0,0.09459459781646729,linear,log_kcat_value
50,linear_aromaticity,0.0,0.08363636583089828,linear,log_kcat_value
51,linear_aromaticity,-0.08976965979646397,0.0625,linear,log_kcat_value
52,linear_aromaticity,0.0,0.08896797150373459,linear,log_kcat_value
53,linear_aromaticity,0.0,0.09459459781646729,linear,log_kcat_value
54,linear_aromaticity,-0.05091722245679385,0.07260274142026901,linear,log_kcat_value
55,linear_aromaticity,-0.14745143538679584,0.04810996726155281,linear,log_kcat_value
56,linear_aromaticity,-0.1235540366660195,0.06166219711303711,linear,log_kcat_value
57,linear_aromaticity,0.13837059582855685,0.11836734414100647,linear,log_kcat_value
58,linear_aromaticity,0.0,0.095238097012043,linear,log_kcat_value
59,linear_aromaticity,0.048769332270555577,0.09584664553403854,linear,log_kcat_value
60,linear_aromaticity,-0.05053146691653393,0.07289719581604004,linear,log_kcat_value
61,linear_aromaticity,-0.11408636040429564,0.0555555559694767,linear,log_kcat_value
62,linear_aromaticity,0.0,0.08650518953800201,linear,log_kcat_value
63,linear_aromaticity,-0.1708940581575971,0.04316546767950058,linear,log_kcat_value
64,linear_aromaticity,0.13535582135016286,0.11695906519889832,linear,log_kcat_value
65,linear_aromaticity,0.1634718561229073,0.12391930818557739,linear,log_kcat_value
66,linear_aromaticity,-0.18774921648611761,0.043902438133955,linear,log_kcat_value
67,linear_aromaticity,0.0,0.08950617164373398,linear,log_kcat_value
68,linear_aromaticity,0.16498134171128287,0.11974109709262848,linear,log_kcat_value
69,linear_aromaticity,0.0,0.08103448152542114,linear,log_kcat_value
70,linear_aromaticity,-0.07475245090381154,0.06544502824544907,linear,log_kcat_value
71,linear_aromaticity,0.08382255593028498,0.10727272927761078,linear,log_kcat_value
72,linear_aromaticity,-0.10170315243380051,0.05923344939947128,linear,log_kcat_value
73,linear_aromaticity,0.0,0.07308970391750336,linear,log_kcat_value
74,linear_aromaticity,0.06955843856385657,0.10216718167066574,linear,log_kcat_value
75,linear_aromaticity,0.10256899184018686,0.11042945086956024,linear,log_kcat_value
76,linear_aromaticity,0.0,0.06829268485307693,linear,log_kcat_value
77,linear_aromaticity,-0.1529434044462019,0.045584045350551605,linear,log_kcat_value
78,linear_aromaticity,-0.05841803701848202,0.06984127312898636,linear,log_kcat_value
79,linear_aromaticity,0.21355568402038672,0.14141413569450378,linear,log_kcat_value
80,linear_aromaticity,0.05457476435767672,0.10160427540540695,linear,log_kcat_value
81,linear_aromaticity,0.04328621619985751,0.09433962404727936,linear,log_kcat_value
82,linear_aromaticity,0.0,0.08923884481191635,linear,log_kcat_value
83,linear_aromaticity,-0.09806822569545051,0.0602409653365612,linear,log_kcat_value
84,linear_aromaticity,0.021960096436045795,0.09090909361839294,linear,log_kcat_value
85,linear_aromaticity,0.0,0.08528784662485123,linear,log_kcat_value
86,linear_aromaticity,-0.0454434143884707,0.07279693335294724,linear,log_kcat_value
87,linear_aromaticity,0.0,0.0762711837887764,linear,log_kcat_value
88,linear_aromaticity,-0.07140481335521069,0.06681514531373978,linear,log_kcat_value
89,linear_aromaticity,0.11181364011445816,0.11263736337423325,linear,log_kcat_value
90,linear_aromaticity,0.0,0.09003215283155441,linear,log_kcat_value
91,linear_aromaticity,0.0,0.08650518953800201,linear,log_kcat_value
92,linear_aromaticity,0.0,0.07620321214199066,linear,log_kcat_value
93,linear_aromaticity,0.3448697887112434,0.1666666716337204,linear,log_kcat_value
94,linear_aromaticity,0.0,0.08527132123708725,linear,log_kcat_value
95,linear_aromaticity,0.0,0.07623318582773209,linear,log_kcat_value
96,linear_aromaticity,-0.15771551095726297,0.04554865509271622,linear,log_kcat_value
97,linear_aromaticity,0.1097483977907556,0.10912051796913147,linear,log_kcat_value
98,linear_aromaticity,0.2128853615318492,0.1345514953136444,linear,log_kcat_value
99,linear_aromaticity,0.0,0.09433962404727936,linear,log_kcat_value
0,linear_instability_index,-0.0933953462222219,40.4730339050293,linear,log_kcat_value
1,linear_instability_index,-0.15109658992623934,41.72361373901367,linear,log_kcat_value
2,linear_instability_index,0.4333011682942322,20.743894577026367,linear,log_kcat_value
3,linear_instability_index,0.19902972096226978,29.556184768676758,linear,log_kcat_value
4,linear_instability_index,0.32918771209338127,24.43170738220215,linear,log_kcat_value
5,linear_instability_index,-0.2507755861665208,45.554378509521484,linear,log_kcat_value
6,linear_instability_index,0.2732588767876768,26.795555114746094,linear,log_kcat_value
7,linear_instability_index,0.14827696916094765,30.498929977416992,linear,log_kcat_value
8,linear_instability_index,0.17979915870737936,30.132827758789062,linear,log_kcat_value
9,linear_instability_index,0.16198113837537764,30.215232849121094,linear,log_kcat_value
10,linear_instability_index,0.21312906827858527,28.77985954284668,linear,log_kcat_value
11,linear_instability_index,0.06418675096853309,34.23029327392578,linear,log_kcat_value
12,linear_instability_index,0.0,36.15943908691406,linear,log_kcat_value
13,linear_instability_index,0.44078069934012104,20.389760971069336,linear,log_kcat_value
14,linear_instability_index,0.24965257966782822,27.34922218322754,linear,log_kcat_value
15,linear_instability_index,-0.9698012973603941,71.22307586669922,linear,log_kcat_value
16,linear_instability_index,-0.1389745386781188,41.17647171020508,linear,log_kcat_value
17,linear_instability_index,0.28044435134028195,26.987977981567383,linear,log_kcat_value
18,linear_instability_index,0.16531986045008357,30.645967483520508,linear,log_kcat_value
19,linear_instability_index,-0.32549602990962373,48.34492492675781,linear,log_kcat_value
20,linear_instability_index,0.5177466798744003,18.041454315185547,linear,log_kcat_value
21,linear_instability_index,0.35102719954426637,24.145376205444336,linear,log_kcat_value
22,linear_instability_index,-0.11248388414084232,40.72292709350586,linear,log_kcat_value
23,linear_instability_index,-0.5495061589424577,56.4294548034668,linear,log_kcat_value
24,linear_instability_index,-0.11337579092807298,40.58243942260742,linear,log_kcat_value
25,linear_instability_index,0.1358840178071997,30.82608413696289,linear,log_kcat_value
26,linear_instability_index,-0.20747560822100944,43.99197006225586,linear,log_kcat_value
27,linear_instability_index,-0.1523704825949286,42.32263946533203,linear,log_kcat_value
28,linear_instability_index,0.0,33.6529426574707,linear,log_kcat_value
29,linear_instability_index,0.20240825051105152,29.49570655822754,linear,log_kcat_value
30,linear_instability_index,-0.07891152252067007,39.311256408691406,linear,log_kcat_value
31,linear_instability_index,-0.33207982473500536,48.76811981201172,linear,log_kcat_value
32,linear_instability_index,-0.553071400961763,56.306434631347656,linear,log_kcat_value
33,linear_instability_index,0.0,37.88867950439453,linear,log_kcat_value
34,linear_instability_index,0.26788431610348745,26.4313907623291,linear,log_kcat_value
35,linear_instability_index,0.30267058579835326,24.543283462524414,linear,log_kcat_value
36,linear_instability_index,0.0,36.16545867919922,linear,log_kcat_value
37,linear_instability_index,0.31550952405128974,25.085784912109375,linear,log_kcat_value
38,linear_instability_index,0.08945305999263797,33.18937301635742,linear,log_kcat_value
39,linear_instability_index,0.0,39.30194091796875,linear,log_kcat_value
40,linear_instability_index,-0.18220300842834533,43.170101165771484,linear,log_kcat_value
41,linear_instability_index,0.06060401351749219,34.2353401184082,linear,log_kcat_value
42,linear_instability_index,0.2763457133250998,26.821290969848633,linear,log_kcat_value
43,linear_instability_index,0.11597482645716262,32.27096939086914,linear,log_kcat_value
44,linear_instability_index,0.07377736937275459,33.936622619628906,linear,log_kcat_value
45,linear_instability_index,-0.4070900532067148,50.93901443481445,linear,log_kcat_value
46,linear_instability_index,-0.2492426898456115,45.46780776977539,linear,log_kcat_value
47,linear_instability_index,0.13462849490664786,32.34833908081055,linear,log_kcat_value
48,linear_instability_index,-0.3729676751877834,50.29576873779297,linear,log_kcat_value
49,linear_instability_index,-0.1923190522812279,43.838287353515625,linear,log_kcat_value
50,linear_instability_index,0.5319348442360069,18.041454315185547,linear,log_kcat_value
51,linear_instability_index,0.0,36.25592041015625,linear,log_kcat_value
52,linear_instability_index,0.11227299893997454,32.6473503112793,linear,log_kcat_value
53,linear_instability_index,-0.2588915861258769,46.05450439453125,linear,log_kcat_value
54,linear_instability_index,-0.057166710307411,38.49864196777344,linear,log_kcat_value
55,linear_instability_index,0.41482935854530306,21.893470764160156,linear,log_kcat_value
56,linear_instability_index,0.1540554881348012,29.977210998535156,linear,log_kcat_value
57,linear_instability_index,-0.09752359491269905,39.8644905090332,linear,log_kcat_value
58,linear_instability_index,-0.17530507789009697,43.14975357055664,linear,log_kcat_value
59,linear_instability_index,-0.3005236534610456,47.2415657043457,linear,log_kcat_value
60,linear_instability_index,0.2290187427936959,28.26448631286621,linear,log_kcat_value
61,linear_instability_index,0.0,33.99927520751953,linear,log_kcat_value
62,linear_instability_index,0.0,37.77802658081055,linear,log_kcat_value
63,linear_instability_index,-0.3537847096057059,49.12841796875,linear,log_kcat_value
64,linear_instability_index,-0.38873211855676887,50.57514572143555,linear,log_kcat_value
65,linear_instability_index,0.0623319773833334,34.1793098449707,linear,log_kcat_value
66,linear_instability_index,0.08589862310696195,32.57682800292969,linear,log_kcat_value
67,linear_instability_index,0.3799187701155431,22.448488235473633,linear,log_kcat_value
68,linear_instability_index,-0.288588819765027,47.34210205078125,linear,log_kcat_value
69,linear_instability_index,-0.07516992974425625,39.192256927490234,linear,log_kcat_value
70,linear_instability_index,0.08822336914564698,33.54400634765625,linear,log_kcat_value
71,linear_instability_index,0.0,38.735145568847656,linear,log_kcat_value
72,linear_instability_index,0.14607039290007698,31.679443359375,linear,log_kcat_value
73,linear_instability_index,0.3294127718411685,24.524917602539062,linear,log_kcat_value
74,linear_instability_index,0.0,36.70687484741211,linear,log_kcat_value
75,linear_instability_index,-0.10558241002225992,40.049713134765625,linear,log_kcat_value
76,linear_instability_index,-0.6022566510139596,57.29707336425781,linear,log_kcat_value
77,linear_instability_index,0.0,34.78888702392578,linear,log_kcat_value
78,linear_instability_index,0.06644248156526972,34.24253845214844,linear,log_kcat_value
79,linear_instability_index,0.2506595689218554,26.673736572265625,linear,log_kcat_value
80,linear_instability_index,0.2869208972746826,25.816452026367188,linear,log_kcat_value
81,linear_instability_index,0.20282898476026015,29.386295318603516,linear,log_kcat_value
82,linear_instability_index,0.07008970352428191,34.13729476928711,linear,log_kcat_value
83,linear_instability_index,0.40879282524641186,22.016265869140625,linear,log_kcat_value
84,linear_instability_index,0.1930527779091461,29.49570655822754,linear,log_kcat_value
85,linear_instability_index,-0.3572291285182733,49.28059768676758,linear,log_kcat_value
86,linear_instability_index,0.23451893848411542,28.227203369140625,linear,log_kcat_value
87,linear_instability_index,-0.44490013856002514,52.226505279541016,linear,log_kcat_value
88,linear_instability_index,-0.010207603632495899,36.974185943603516,linear,log_kcat_value
89,linear_instability_index,0.03415636173975565,35.23027420043945,linear,log_kcat_value
90,linear_instability_index,-0.12702873887984267,40.87767028808594,linear,log_kcat_value
91,linear_instability_index,0.0,37.77802658081055,linear,log_kcat_value
92,linear_instability_index,0.08375922144590377,33.57646942138672,linear,log_kcat_value
93,linear_instability_index,-0.4170681694436935,51.38637161254883,linear,log_kcat_value
94,linear_instability_index,0.03207844336272425,35.220970153808594,linear,log_kcat_value
95,linear_instability_index,-0.18824821165746147,43.26369857788086,linear,log_kcat_value
96,linear_instability_index,0.0765878263926545,33.91324996948242,linear,log_kcat_value
97,linear_instability_index,-0.16107650510101473,42.40099334716797,linear,log_kcat_value
98,linear_instability_index,0.0,37.09735870361328,linear,log_kcat_value
99,linear_instability_index,-0.12271765277120257,40.579246520996094,linear,log_kcat_value
0,linear_pH_value,0.0,8.0,linear,log_km_value
1,linear_pH_value,0.0,7.0,linear,log_km_value
2,linear_pH_value,0.0,7.5,linear,log_km_value
3,linear_pH_value,-0.022436456523284794,7.5,linear,log_km_value
4,linear_pH_value,0.0,7.0,linear,log_km_value
5,linear_pH_value,0.06893892472741925,6.5,linear,log_km_value
6,linear_pH_value,-0.07170809158278962,8.0,linear,log_km_value
7,linear_pH_value,0.0,7.5,linear,log_km_value
8,linear_pH_value,0.0,7.4,linear,log_km_value
9,linear_pH_value,-0.2149429524082889,9.5,linear,log_km_value
10,linear_pH_value,-0.0603793520554301,7.8,linear,log_km_value
11,linear_pH_value,0.027040028287377282,7.0,linear,log_km_value
12,linear_pH_value,-0.026394358729590783,7.5,linear,log_km_value
13,linear_pH_value,0.0,7.5,linear,log_km_value
14,linear_pH_value,-0.07222449526329414,8.0,linear,log_km_value
15,linear_pH_value,0.0,7.3,linear,log_km_value
16,linear_pH_value,-0.17554944148517682,9.0,linear,log_km_value
17,linear_pH_value,0.0,7.3,linear,log_km_value
18,linear_pH_value,0.02336460626257919,7.0,linear,log_km_value
19,linear_pH_value,0.0,7.0,linear,log_km_value
20,linear_pH_value,0.0,7.0,linear,log_km_value
21,linear_pH_value,0.0,7.2,linear,log_km_value
22,linear_pH_value,0.2790306160390381,4.5,linear,log_km_value
23,linear_pH_value,0.13055676405302585,6.0,linear,log_km_value
24,linear_pH_value,0.0,7.5,linear,log_km_value
25,linear_pH_value,0.0,8.0,linear,log_km_value
26,linear_pH_value,0.0,7.0,linear,log_km_value
27,linear_pH_value,0.0,8.0,linear,log_km_value
28,linear_pH_value,0.0,7.4,linear,log_km_value
29,linear_pH_value,0.0,8.0,linear,log_km_value
30,linear_pH_value,0.1470772343181004,5.75,linear,log_km_value
31,linear_pH_value,0.0,7.0,linear,log_km_value
32,linear_pH_value,-0.1894626490574599,9.25,linear,log_km_value
33,linear_pH_value,0.0,7.0,linear,log_km_value
34,linear_pH_value,0.0,7.0,linear,log_km_value
35,linear_pH_value,-0.15803879903987683,9.2,linear,log_km_value
36,linear_pH_value,0.0,7.5,linear,log_km_value
37,linear_pH_value,0.0,7.5,linear,log_km_value
38,linear_pH_value,0.0,8.0,linear,log_km_value
39,linear_pH_value,0.0,7.0,linear,log_km_value
40,linear_pH_value,0.0,7.4,linear,log_km_value
41,linear_pH_value,0.0,7.4,linear,log_km_value
42,linear_pH_value,-0.13475035169708502,8.5,linear,log_km_value
43,linear_pH_value,0.0,7.0,linear,log_km_value
44,linear_pH_value,0.0,6.7,linear,log_km_value
45,linear_pH_value,-0.09031146796976142,8.0,linear,log_km_value
46,linear_pH_value,-0.07413858500934623,8.0,linear,log_km_value
47,linear_pH_value,0.0,8.5,linear,log_km_value
48,linear_pH_value,0.0,7.5,linear,log_km_value
49,linear_pH_value,-0.058677119497413326,8.0,linear,log_km_value
50,linear_pH_value,0.0,7.0,linear,log_km_value
51,linear_pH_value,-0.02400673459488365,7.5,linear,log_km_value
52,linear_pH_value,-0.01626251703709014,7.4,linear,log_km_value
53,linear_pH_value,0.0,7.4,linear,log_km_value
54,linear_pH_value,-0.05465694535189689,7.8,linear,log_km_value
55,linear_pH_value,0.029953420287833765,7.0,linear,log_km_value
56,linear_pH_value,-0.2751647907911999,10.0,linear,log_km_value
57,linear_pH_value,0.0,7.1,linear,log_km_value
58,linear_pH_value,0.0,6.0,linear,log_km_value
59,linear_pH_value,0.0,7.4,linear,log_km_value
60,linear_pH_value,-0.07602599825808998,8.0,linear,log_km_value
61,linear_pH_value,-0.07526332598135484,8.0,linear,log_km_value
62,linear_pH_value,-0.23049226073898138,9.5,linear,log_km_value
63,linear_pH_value,0.0,6.0,linear,log_km_value
64,linear_pH_value,0.18071153535394124,5.5,linear,log_km_value
65,linear_pH_value,-0.08033314367717233,8.0,linear,log_km_value
66,linear_pH_value,0.0,7.4,linear,log_km_value
67,linear_pH_value,0.07831608769727083,6.5,linear,log_km_value
68,linear_pH_value,0.0,7.0,linear,log_km_value
69,linear_pH_value,0.0,7.4,linear,log_km_value
70,linear_pH_value,0.0,7.5,linear,log_km_value
71,linear_pH_value,0.0,7.6,linear,log_km_value
72,linear_pH_value,0.0,7.4,linear,log_km_value
73,linear_pH_value,-0.08806917703988139,8.0,linear,log_km_value
74,linear_pH_value,0.0,7.4,linear,log_km_value
75,linear_pH_value,-0.0847795891786354,8.0,linear,log_km_value
76,linear_pH_value,0.0,7.5,linear,log_km_value
77,linear_pH_value,0.07165967269344442,6.5,linear,log_km_value
78,linear_pH_value,0.0,7.5,linear,log_km_value
79,linear_pH_value,0.0,6.1,linear,log_km_value
80,linear_pH_value,0.0,7.5,linear,log_km_value
81,linear_pH_value,0.12367062413383695,6.0,linear,log_km_value
82,linear_pH_value,0.0,7.0,linear,log_km_value
83,linear_pH_value,0.0,7.5,linear,log_km_value
84,linear_pH_value,-0.08250319436513343,8.0,linear,log_km_value
85,linear_pH_value,0.0,7.5,linear,log_km_value
86,linear_pH_value,-0.07924861963787161,8.0,linear,log_km_value
87,linear_pH_value,0.0,8.0,linear,log_km_value
88,linear_pH_value,-0.07741956460429997,8.0,linear,log_km_value
89,linear_pH_value,0.0,7.5,linear,log_km_value
90,linear_pH_value,0.0,7.4,linear,log_km_value
91,linear_pH_value,-0.23103921619250914,9.5,linear,log_km_value
92,linear_pH_value,0.0,7.6,linear,log_km_value
93,linear_pH_value,0.0,7.2,linear,log_km_value
94,linear_pH_value,0.0,7.4,linear,log_km_value
95,linear_pH_value,0.0,7.4,linear,log_km_value
96,linear_pH_value,0.0,7.5,linear,log_km_value
97,linear_pH_value,0.0,7.4,linear,log_km_value
98,linear_pH_value,0.0,7.2,linear,log_km_value
99,linear_pH_value,0.0,7.8,linear,log_km_value
0,linear_temperature_value,-0.21214886360350008,25.0,linear,log_km_value
1,linear_temperature_value,-0.2250578536151569,25.0,linear,log_km_value
2,linear_temperature_value,0.1729533658829399,37.0,linear,log_km_value
3,linear_temperature_value,-0.05809380023745371,30.0,linear,log_km_value
4,linear_temperature_value,-0.06362816598077392,30.0,linear,log_km_value
5,linear_temperature_value,0.09932507425494329,35.0,linear,log_km_value
6,linear_temperature_value,0.447855102436837,45.0,linear,log_km_value
7,linear_temperature_value,-0.24192432462302563,25.0,linear,log_km_value
8,linear_temperature_value,-0.23371928877962408,25.0,linear,log_km_value
9,linear_temperature_value,-0.20990413725614118,25.0,linear,log_km_value
10,linear_temperature_value,-0.23491193398100108,25.0,linear,log_km_value
11,linear_temperature_value,-0.32995623082251685,22.0,linear,log_km_value
12,linear_temperature_value,0.17209206252477646,37.0,linear,log_km_value
13,linear_temperature_value,-0.2570429728540681,24.0,linear,log_km_value
14,linear_temperature_value,-0.22556741462345456,25.0,linear,log_km_value
15,linear_temperature_value,-0.2697554511690239,24.0,linear,log_km_value
16,linear_temperature_value,-0.2691550348871338,24.0,linear,log_km_value
17,linear_temperature_value,0.15799034899557074,37.0,linear,log_km_value
18,linear_temperature_value,-0.2995124842860924,23.0,linear,log_km_value
19,linear_temperature_value,-0.05122052102304897,30.0,linear,log_km_value
20,linear_temperature_value,0.17162117206040003,37.0,linear,log_km_value
21,linear_temperature_value,-0.30260784083805664,23.0,linear,log_km_value
22,linear_temperature_value,0.17039798406209605,37.0,linear,log_km_value
23,linear_temperature_value,0.0,30.0,linear,log_km_value
24,linear_temperature_value,-0.23679101198583816,25.0,linear,log_km_value
25,linear_temperature_value,0.1819434792124559,37.0,linear,log_km_value
26,linear_temperature_value,-0.22366857282769545,25.0,linear,log_km_value
27,linear_temperature_value,0.16283085985949475,37.0,linear,log_km_value
28,linear_temperature_value,-0.2577828494449769,24.0,linear,log_km_value
29,linear_temperature_value,0.1635905222267312,37.0,linear,log_km_value
30,linear_temperature_value,0.16961417007935908,37.0,linear,log_km_value
31,linear_temperature_value,0.1750940927782124,37.0,linear,log_km_value
32,linear_temperature_value,0.18449446650661605,37.0,linear,log_km_value
33,linear_temperature_value,-0.565750192441644,15.0,linear,log_km_value
34,linear_temperature_value,-0.2223654180303153,25.0,linear,log_km_value
35,linear_temperature_value,-0.18038180744295607,25.0,linear,log_km_value
36,linear_temperature_value,0.16789509734406544,36.85000000000002,linear,log_km_value
37,linear_temperature_value,0.16329493136817663,37.0,linear,log_km_value
38,linear_temperature_value,0.15816343551892056,37.0,linear,log_km_value
39,linear_temperature_value,-0.05741565715075431,30.0,linear,log_km_value
40,linear_temperature_value,0.0,30.0,linear,log_km_value
41,linear_temperature_value,0.172419311797625,37.0,linear,log_km_value
42,linear_temperature_value,-0.23386117820226188,25.0,linear,log_km_value
43,linear_temperature_value,-0.1345132011844592,28.0,linear,log_km_value
44,linear_temperature_value,-0.32365333307745786,22.0,linear,log_km_value
45,linear_temperature_value,0.0,30.0,linear,log_km_value
46,linear_temperature_value,-0.0595325138966883,30.0,linear,log_km_value
47,linear_temperature_value,0.09884907313254372,35.0,linear,log_km_value
48,linear_temperature_value,0.16881011079620534,37.0,linear,log_km_value
49,linear_temperature_value,-0.21441018518989244,25.0,linear,log_km_value
50,linear_temperature_value,0.1733688187785266,37.0,linear,log_km_value
51,linear_temperature_value,0.0,32.0,linear,log_km_value
52,linear_temperature_value,-0.23031076371825474,25.0,linear,log_km_value
53,linear_temperature_value,-0.06279419622783569,30.0,linear,log_km_value
54,linear_temperature_value,0.0,32.0,linear,log_km_value
55,linear_temperature_value,-0.22682705490893149,25.0,linear,log_km_value
56,linear_temperature_value,-0.21789555097925667,25.0,linear,log_km_value
57,linear_temperature_value,-0.06154813633098821,30.0,linear,log_km_value
58,linear_temperature_value,0.7956910778473583,55.0,linear,log_km_value
59,linear_temperature_value,-0.22949861281351497,25.0,linear,log_km_value
60,linear_temperature_value,-0.060836876920050464,30.0,linear,log_km_value
61,linear_temperature_value,0.17095950728836112,37.0,linear,log_km_value
62,linear_temperature_value,-0.06236231051944818,30.0,linear,log_km_value
63,linear_temperature_value,0.1831416167880695,37.0,linear,log_km_value
64,linear_temperature_value,-0.398192041179543,20.0,linear,log_km_value
65,linear_temperature_value,-0.06562840220802385,30.0,linear,log_km_value
66,linear_temperature_value,-0.31745649044481955,22.5,linear,log_km_value
67,linear_temperature_value,0.0,30.0,linear,log_km_value
68,linear_temperature_value,0.1767122233225562,37.0,linear,log_km_value
69,linear_temperature_value,-0.06603192951736032,30.0,linear,log_km_value
70,linear_temperature_value,0.17258825209627923,37.0,linear,log_km_value
71,linear_temperature_value,-0.23808523517495292,25.0,linear,log_km_value
72,linear_temperature_value,-0.4077159092291903,20.0,linear,log_km_value
73,linear_temperature_value,0.0,30.0,linear,log_km_value
74,linear_temperature_value,-0.23314773223891977,25.0,linear,log_km_value
75,linear_temperature_value,-0.2364734760794898,25.0,linear,log_km_value
76,linear_temperature_value,-0.21502511093780152,25.0,linear,log_km_value
77,linear_temperature_value,0.7767632457139185,55.0,linear,log_km_value
78,linear_temperature_value,-0.06386680805430031,30.0,linear,log_km_value
79,linear_temperature_value,0.20104552343769927,37.0,linear,log_km_value
80,linear_temperature_value,-0.2301883732028196,25.0,linear,log_km_value
81,linear_temperature_value,0.2720054731471903,40.0,linear,log_km_value
82,linear_temperature_value,-0.3942236724036152,20.0,linear,log_km_value
83,linear_temperature_value,0.16937637745605963,37.0,linear,log_km_value
84,linear_temperature_value,-0.23749334441140632,25.0,linear,log_km_value
85,linear_temperature_value,1.2822146439353672,70.0,linear,log_km_value
86,linear_temperature_value,-0.23261403516562393,25.0,linear,log_km_value
87,linear_temperature_value,0.15937757733679983,37.0,linear,log_km_value
88,linear_temperature_value,-0.23067196424540007,25.0,linear,log_km_value
89,linear_temperature_value,0.16727023950034184,37.0,linear,log_km_value
90,linear_temperature_value,0.174844549440591,37.0,linear,log_km_value
91,linear_temperature_value,-0.06164897891759025,30.0,linear,log_km_value
92,linear_temperature_value,0.16956206673671897,37.0,linear,log_km_value
93,linear_temperature_value,0.1726955313423604,37.0,linear,log_km_value
94,linear_temperature_value,-0.06060072329156569,30.0,linear,log_km_value
95,linear_temperature_value,0.17287762156286665,37.0,linear,log_km_value
96,linear_temperature_value,0.17406881136943547,37.0,linear,log_km_value
97,linear_temperature_value,0.16395649184770608,37.0,linear,log_km_value
98,linear_temperature_value,-0.22882747448040705,25.0,linear,log_km_value
99,linear_temperature_value,-0.5651102580696684,15.0,linear,log_km_value
0,log_mol_wt,-1.7305264685276553,6.731916427612305,linear,log_km_value
1,log_mol_wt,-0.2982481302502526,5.707943916320801,linear,log_km_value
2,log_mol_wt,-0.982812005683207,6.190985202789307,linear,log_km_value
3,log_mol_wt,-0.5080813193418718,5.8562517166137695,linear,log_km_value
4,log_mol_wt,-1.425889229900434,6.500457286834717,linear,log_km_value
5,log_mol_wt,0.22499224885294766,5.329045295715332,linear,log_km_value
6,log_mol_wt,-0.8082164052299016,6.069307327270508,linear,log_km_value
7,log_mol_wt,2.4019396198406433,3.785393476486206,linear,log_km_value
8,log_mol_wt,0.8469266376793684,4.891123294830322,linear,log_km_value
9,log_mol_wt,-1.3968041396404125,6.498941421508789,linear,log_km_value
10,log_mol_wt,0.5173148731739047,5.124207973480225,linear,log_km_value
11,log_mol_wt,-0.5023879973664409,5.849969863891602,linear,log_km_value
12,log_mol_wt,0.0,5.5057053565979,linear,log_km_value
13,log_mol_wt,-1.47193630544746,6.540703773498535,linear,log_km_value
14,log_mol_wt,-0.456977939185745,5.821132659912109,linear,log_km_value
15,log_mol_wt,1.0736245451180764,4.728201866149902,linear,log_km_value
16,log_mol_wt,1.1041901377650363,4.710214614868164,linear,log_km_value
17,log_mol_wt,0.9591407918871709,4.805061340332031,linear,log_km_value
18,log_mol_wt,0.4206299418059451,5.193823337554932,linear,log_km_value
19,log_mol_wt,-2.429570635147932,7.222805500030518,linear,log_km_value
20,log_mol_wt,0.6692375994631147,5.018080711364746,linear,log_km_value
21,log_mol_wt,0.7727909849140815,4.941864013671875,linear,log_km_value
22,log_mol_wt,-0.7421455964771179,6.014785289764404,linear,log_km_value
23,log_mol_wt,-0.9629863284602534,6.180339813232422,linear,log_km_value
24,log_mol_wt,-1.475430718824735,6.533179759979248,linear,log_km_value
25,log_mol_wt,-1.9715415256212938,6.898574352264404,linear,log_km_value
26,log_mol_wt,-1.4135208603280531,6.500457286834717,linear,log_km_value
27,log_mol_wt,-1.0970759399866432,6.263158321380615,linear,log_km_value
28,log_mol_wt,0.5133871254618253,5.133248329162598,linear,log_km_value
29,log_mol_wt,0.5334669508256037,5.1071085929870605,linear,log_km_value
30,log_mol_wt,-1.4336581050391488,6.504038333892822,linear,log_km_value
31,log_mol_wt,2.8182563372825746,3.4974162578582764,linear,log_km_value
32,log_mol_wt,-1.0807882944931746,6.267428398132324,linear,log_km_value
33,log_mol_wt,-1.5810558572007147,6.613954544067383,linear,log_km_value
34,log_mol_wt,-1.5746959400471467,6.613954544067383,linear,log_km_value
35,log_mol_wt,-1.3861235905244722,6.498941421508789,linear,log_km_value
36,log_mol_wt,0.30867352601074477,5.2737531661987305,linear,log_km_value
37,log_mol_wt,-1.0942216649230825,6.259927749633789,linear,log_km_value
38,log_mol_wt,-1.1917608293530673,6.326718330383301,linear,log_km_value
39,log_mol_wt,2.0799262323257945,4.022580146789551,linear,log_km_value
40,log_mol_wt,1.9897248746099063,4.076401233673096,linear,log_km_value
41,log_mol_wt,-0.4776450519626015,5.830177307128906,linear,log_km_value
42,log_mol_wt,0.12226781768663193,5.40387487411499,linear,log_km_value
43,log_mol_wt,-1.5868032645898638,6.613954544067383,linear,log_km_value
44,log_mol_wt,-1.0756747655380439,6.259927749633789,linear,log_km_value
45,log_mol_wt,0.8781674697242046,4.85970401763916,linear,log_km_value
46,log_mol_wt,-0.22886503804576533,5.656826972961426,linear,log_km_value
47,log_mol_wt,0.891181683985575,4.853708744049072,linear,log_km_value
48,log_mol_wt,0.9216438574959651,4.837193965911865,linear,log_km_value
49,log_mol_wt,0.26830885541046695,5.311001777648926,linear,log_km_value
50,log_mol_wt,1.1567459062668202,4.673874855041504,linear,log_km_value
51,log_mol_wt,-0.1326332371272558,5.588165760040283,linear,log_km_value
52,log_mol_wt,-0.0958460325981041,5.5612006187438965,linear,log_km_value
53,log_mol_wt,-0.18562282849174583,5.624988079071045,linear,log_km_value
54,log_mol_wt,0.5068485338674761,5.136133670806885,linear,log_km_value
55,log_mol_wt,-0.5077101089852529,5.8562517166137695,linear,log_km_value
56,log_mol_wt,-1.5716214171547103,6.612601280212402,linear,log_km_value
57,log_mol_wt,-0.09486114261106379,5.5612006187438965,linear,log_km_value
58,log_mol_wt,0.9453156985502491,4.837162494659424,linear,log_km_value
59,log_mol_wt,-0.3346943897721213,5.730693817138672,linear,log_km_value
60,log_mol_wt,0.7187464319687465,4.9846062660217285,linear,log_km_value
61,log_mol_wt,1.2232496025733322,4.6256489753723145,linear,log_km_value
62,log_mol_wt,-1.419703208041282,6.498941421508789,linear,log_km_value
63,log_mol_wt,0.4049749349121553,5.210633277893066,linear,log_km_value
64,log_mol_wt,0.11475108314006749,5.41232442855835,linear,log_km_value
65,log_mol_wt,1.412602011297093,4.489692211151123,linear,log_km_value
66,log_mol_wt,-1.4250631563455807,6.500457286834717,linear,log_km_value
67,log_mol_wt,-2.780033061087626,7.462864875793457,linear,log_km_value
68,log_mol_wt,-1.694624939205665,6.6965131759643555,linear,log_km_value
69,log_mol_wt,0.8557156381547386,4.883339881896973,linear,log_km_value
70,log_mol_wt,0.4299381602600178,5.1883463859558105,linear,log_km_value
71,log_mol_wt,0.10890757324019755,5.407664775848389,linear,log_km_value
72,log_mol_wt,-0.145766356786049,5.591841220855713,linear,log_km_value
73,log_mol_wt,1.030661537157676,4.754210472106934,linear,log_km_value
74,log_mol_wt,-0.2641003170950956,5.678338050842285,linear,log_km_value
75,log_mol_wt,-0.10157762610767443,5.5612006187438965,linear,log_km_value
76,log_mol_wt,-1.40186763232147,6.500457286834717,linear,log_km_value
77,log_mol_wt,1.3942957087938765,4.501164436340332,linear,log_km_value
78,log_mol_wt,0.09940044174617539,5.421349048614502,linear,log_km_value
79,log_mol_wt,-1.7964423711958049,6.788968563079834,linear,log_km_value
80,log_mol_wt,-0.6564187517662924,5.957556247711182,linear,log_km_value
81,log_mol_wt,0.41960824741594704,5.193823337554932,linear,log_km_value
82,log_mol_wt,-0.7523076244533886,6.029299736022949,linear,log_km_value
83,log_mol_wt,0.71394880638268,4.9846062660217285,linear,log_km_value
84,log_mol_wt,0.8449395684203946,4.891123294830322,linear,log_km_value
85,log_mol_wt,-1.4191032793418228,6.498941421508789,linear,log_km_value
86,log_mol_wt,0.41965835960543535,5.193823337554932,linear,log_km_value
87,log_mol_wt,-1.0492801066582234,6.228869915008545,linear,log_km_value
88,log_mol_wt,0.7675894917186601,4.948894500732422,linear,log_km_value
89,log_mol_wt,0.33394577837061196,5.252765655517578,linear,log_km_value
90,log_mol_wt,-0.9700913494765664,6.180093288421631,linear,log_km_value
91,log_mol_wt,-1.4193460836565375,6.498941421508789,linear,log_km_value
92,log_mol_wt,-1.041217626376974,6.228869915008545,linear,log_km_value
93,log_mol_wt,0.7076304680090014,4.991316795349121,linear,log_km_value
94,log_mol_wt,-0.5927654751624323,5.913881301879883,linear,log_km_value
95,log_mol_wt,-0.26596173511579146,5.681434631347656,linear,log_km_value
96,log_mol_wt,-0.7952365181711629,6.0572590827941895,linear,log_km_value
97,log_mol_wt,0.766135479700543,4.9423136711120605,linear,log_km_value
98,log_mol_wt,-0.3120717499225152,5.714913845062256,linear,log_km_value
99,log_mol_wt,-0.8439416461652033,6.094517230987549,linear,log_km_value
0,linear_log_p,-0.35799574403518336,1.738700032234192,linear,log_km_value
1,linear_log_p,0.08689971207475383,-1.2265000343322754,linear,log_km_value
2,linear_log_p,0.24035549023714783,-2.2304999828338623,linear,log_km_value
3,linear_log_p,-0.1555768493009232,0.3181000053882599,linear,log_km_value
4,linear_log_p,0.3069142855298851,-2.6863999366760254,linear,log_km_value
5,linear_log_p,-0.3872044878041484,1.7513999938964844,linear,log_km_value
6,linear_log_p,-0.1137574668346515,0.04989999905228615,linear,log_km_value
7,linear_log_p,-0.15168548903565465,0.20520000159740448,linear,log_km_value
8,linear_log_p,0.06236219298213716,-1.1269999742507935,linear,log_km_value
9,linear_log_p,0.3818829221401337,-3.015899896621704,linear,log_km_value
10,linear_log_p,-0.0653074691332543,-0.3059999942779541,linear,log_km_value
11,linear_log_p,0.18173873402499904,-1.8630000352859497,linear,log_km_value
12,linear_log_p,-0.2954037228628683,1.1789000034332275,linear,log_km_value
13,linear_log_p,-0.2825628925680369,1.1518199443817139,linear,log_km_value
14,linear_log_p,0.27788147957866477,-2.452899932861328,linear,log_km_value
15,linear_log_p,0.0,-0.49880000948905945,linear,log_km_value
16,linear_log_p,0.0,-1.6713000535964966,linear,log_km_value
17,linear_log_p,-0.15973286953811372,0.18050000071525574,linear,log_km_value
18,linear_log_p,0.39068745512961633,-3.221400022506714,linear,log_km_value
19,linear_log_p,-0.9171458419309455,5.2357401847839355,linear,log_km_value
20,linear_log_p,-0.33207994413452024,1.4072999954223633,linear,log_km_value
21,linear_log_p,0.0,-0.3578000068664551,linear,log_km_value
22,linear_log_p,0.0,-1.1049000024795532,linear,log_km_value
23,linear_log_p,0.24351635837707358,-2.2119998931884766,linear,log_km_value
24,linear_log_p,-0.6128305040142541,3.172600030899048,linear,log_km_value
25,linear_log_p,2.126239764223077,-14.257800102233887,linear,log_km_value
26,linear_log_p,0.31650503447654327,-2.6863999366760254,linear,log_km_value
27,linear_log_p,-1.9276934975542497,11.542499542236328,linear,log_km_value
28,linear_log_p,-0.3839010206704505,1.7745000123977661,linear,log_km_value
29,linear_log_p,-0.21999825475087947,0.640999972820282,linear,log_km_value
30,linear_log_p,-0.4220150101179655,1.9493000507354736,linear,log_km_value
31,linear_log_p,0.0,-0.6657000184059143,linear,log_km_value
32,linear_log_p,1.3801416661704162,-9.468000411987305,linear,log_km_value
33,linear_log_p,0.29252940744469463,-2.5694000720977783,linear,log_km_value
34,linear_log_p,0.3009814906977699,-2.5694000720977783,linear,log_km_value
35,linear_log_p,0.39158209748739786,-3.015899896621704,linear,log_km_value
36,linear_log_p,0.6426564117812175,-4.8277997970581055,linear,log_km_value
37,linear_log_p,0.24430863638270983,-2.335700035095215,linear,log_km_value
38,linear_log_p,0.3909657095105238,-3.2827000617980957,linear,log_km_value
39,linear_log_p,-0.10561961810681755,-0.0024999999441206455,linear,log_km_value
40,linear_log_p,-0.12203811701763695,-0.0024999999441206455,linear,log_km_value
41,linear_log_p,-0.9487925374121611,5.349999904632568,linear,log_km_value
42,linear_log_p,0.05026726799478991,-1.066499948501587,linear,log_km_value
43,linear_log_p,0.2899083443742722,-2.5694000720977783,linear,log_km_value
44,linear_log_p,0.2621786966077238,-2.335700035095215,linear,log_km_value
45,linear_log_p,-0.2551517468596227,0.8248999714851379,linear,log_km_value
46,linear_log_p,-0.4650475626419851,2.282399892807007,linear,log_km_value
47,linear_log_p,-0.5157881281052878,2.545799970626831,linear,log_km_value
48,linear_log_p,0.0,-0.6283800005912781,linear,log_km_value
49,linear_log_p,-0.43200692410744673,2.156399965286255,linear,log_km_value
50,linear_log_p,-0.2506051734073827,0.89410001039505,linear,log_km_value
51,linear_log_p,0.20123438382439207,-1.9800000190734863,linear,log_km_value
52,linear_log_p,0.3752625825691253,-3.1043999195098877,linear,log_km_value
53,linear_log_p,-0.2904206042095812,1.145799994468689,linear,log_km_value
54,linear_log_p,0.10256999815536609,-1.344499945640564,linear,log_km_value
55,linear_log_p,-0.15703262192795375,0.3181000053882599,linear,log_km_value
56,linear_log_p,0.3552265196652809,-2.898900032043457,linear,log_km_value
57,linear_log_p,0.376008150706597,-3.1043999195098877,linear,log_km_value
58,linear_log_p,-0.21589462390930536,0.8033999800682068,linear,log_km_value
59,linear_log_p,0.15781836596621504,-1.7057000398635864,linear,log_km_value
60,linear_log_p,0.099817197942858,-1.3361999988555908,linear,log_km_value
61,linear_log_p,0.2601504228616617,-2.3882999420166016,linear,log_km_value
62,linear_log_p,0.36236294627272947,-3.015899896621704,linear,log_km_value
63,linear_log_p,-0.4705146849153744,2.3125998973846436,linear,log_km_value
64,linear_log_p,-0.4725408690681098,2.311300039291382,linear,log_km_value
65,linear_log_p,0.0,-0.5817999839782715,linear,log_km_value
66,linear_log_p,0.30585084367330295,-2.6863999366760254,linear,log_km_value
67,linear_log_p,-1.891247569547146,11.403169631958008,linear,log_km_value
68,linear_log_p,0.0989670068519306,-1.3154000043869019,linear,log_km_value
69,linear_log_p,0.47398375316267055,-3.7627999782562256,linear,log_km_value
70,linear_log_p,0.39927247087590473,-3.255000114440918,linear,log_km_value
71,linear_log_p,-0.5612386414814278,2.80649995803833,linear,log_km_value
72,linear_log_p,0.23935926400096094,-2.268899917602539,linear,log_km_value
73,linear_log_p,0.30446268458665077,-2.733599901199341,linear,log_km_value
74,linear_log_p,-0.6992144645381472,3.7509000301361084,linear,log_km_value
75,linear_log_p,0.36900488590570685,-3.1043999195098877,linear,log_km_value
76,linear_log_p,0.3261211608777338,-2.6863999366760254,linear,log_km_value
77,linear_log_p,0.0,-0.25200000405311584,linear,log_km_value
78,linear_log_p,-0.04708001165059791,-0.41190001368522644,linear,log_km_value
79,linear_log_p,-0.4400143721725389,2.3472700119018555,linear,log_km_value
80,linear_log_p,-1.2658204770869936,7.388700008392334,linear,log_km_value
81,linear_log_p,0.3905146626371429,-3.221400022506714,linear,log_km_value
82,linear_log_p,0.07051775591811767,-1.129699945449829,linear,log_km_value
83,linear_log_p,0.09488284635875158,-1.3361999988555908,linear,log_km_value
84,linear_log_p,0.06096802738486259,-1.1269999742507935,linear,log_km_value
85,linear_log_p,0.36242233617733693,-3.015899896621704,linear,log_km_value
86,linear_log_p,0.39242665402292837,-3.221400022506714,linear,log_km_value
87,linear_log_p,0.1331827012124311,-1.628999948501587,linear,log_km_value
88,linear_log_p,0.018293729130769654,-0.8256000280380249,linear,log_km_value
89,linear_log_p,1.355471180293279,-9.398300170898438,linear,log_km_value
90,linear_log_p,-0.9944095794139034,5.662099838256836,linear,log_km_value
91,linear_log_p,0.3624657479512072,-3.015899896621704,linear,log_km_value
92,linear_log_p,0.1399500411612981,-1.628999948501587,linear,log_km_value
93,linear_log_p,0.004196552078208016,-0.7368999719619751,linear,log_km_value
94,linear_log_p,0.48242039595901953,-3.7822999954223633,linear,log_km_value
95,linear_log_p,-0.5313154488404797,2.6793999671936035,linear,log_km_value
96,linear_log_p,0.16298184147627243,-1.746000051498413,linear,log_km_value
97,linear_log_p,-0.4676762079059705,2.2037999629974365,linear,log_km_value
98,linear_log_p,-0.3995736818215256,1.8676999807357788,linear,log_km_value
99,linear_log_p,-0.10925397041638468,0.009999999776482582,linear,log_km_value
0,log1p_tpsa,0.5380148154196789,5.689615726470947,linear,log_km_value
1,log1p_tpsa,0.14493814569471036,4.966474533081055,linear,log_km_value
2,log1p_tpsa,0.35471595972893005,5.37860631942749,linear,log_km_value
3,log1p_tpsa,0.0,4.733827114105225,linear,log_km_value
4,log1p_tpsa,0.5487920039301428,5.763998985290527,linear,log_km_value
5,log1p_tpsa,-0.476183946740411,3.7925634384155273,linear,log_km_value
6,log1p_tpsa,0.23466054718582996,5.141955852508545,linear,log_km_value
7,log1p_tpsa,-0.9388138609887768,2.8942530155181885,linear,log_km_value
8,log1p_tpsa,-0.04252358540797918,4.621240615844727,linear,log_km_value
9,log1p_tpsa,0.5738556736533426,5.766005992889404,linear,log_km_value
10,log1p_tpsa,0.0,4.654531478881836,linear,log_km_value
11,log1p_tpsa,0.2771815633879604,5.231482982635498,linear,log_km_value
12,log1p_tpsa,0.020672758604362143,4.738739013671875,linear,log_km_value
13,log1p_tpsa,0.435490507870574,5.522819995880127,linear,log_km_value
14,log1p_tpsa,0.26250982440277526,5.193234443664551,linear,log_km_value
15,log1p_tpsa,-0.3049838206419084,4.116758346557617,linear,log_km_value
16,log1p_tpsa,-0.3343551016383571,4.06388521194458,linear,log_km_value
17,log1p_tpsa,-0.3530817683255569,4.042700290679932,linear,log_km_value
18,log1p_tpsa,0.0,4.712947845458984,linear,log_km_value
19,log1p_tpsa,0.9311202992504672,6.479016304016113,linear,log_km_value
20,log1p_tpsa,-0.3005562937710115,4.1143107414245605,linear,log_km_value
21,log1p_tpsa,-0.13824873543037286,4.440649509429932,linear,log_km_value
22,log1p_tpsa,0.21361134038499902,5.11865234375,linear,log_km_value
23,log1p_tpsa,0.4770755165067025,5.603667259216309,linear,log_km_value
24,log1p_tpsa,0.5131989351137951,5.702081203460693,linear,log_km_value
25,log1p_tpsa,0.8105162512695777,6.2441086769104,linear,log_km_value
26,log1p_tpsa,0.557729705567728,5.763998985290527,linear,log_km_value
27,log1p_tpsa,-0.7275193639728337,3.306886672973633,linear,log_km_value
28,log1p_tpsa,-0.4331711067807408,3.8501474857330322,linear,log_km_value
29,log1p_tpsa,-0.2838310304617372,4.163870811462402,linear,log_km_value
30,log1p_tpsa,0.32844130423887813,5.348582744598389,linear,log_km_value
31,log1p_tpsa,-0.43357288021614365,3.855452537536621,linear,log_km_value
32,log1p_tpsa,0.4868944828686508,5.6243062019348145,linear,log_km_value
33,log1p_tpsa,0.6236883475684816,5.900308132171631,linear,log_km_value
34,log1p_tpsa,0.6294938463724393,5.900308132171631,linear,log_km_value
35,log1p_tpsa,0.594786465829263,5.766005992889404,linear,log_km_value
36,log1p_tpsa,0.1345565111491786,4.957797050476074,linear,log_km_value
37,log1p_tpsa,0.5094676564484949,5.704115867614746,linear,log_km_value
38,log1p_tpsa,0.4951347821973946,5.67853307723999,linear,log_km_value
39,log1p_tpsa,-2.421499768222781,0.0,linear,log_km_value
40,log1p_tpsa,-2.434341276174875,0.0,linear,log_km_value
41,log1p_tpsa,-0.5437067757263364,3.6454498767852783,linear,log_km_value
42,log1p_tpsa,0.07166898420426046,4.849213600158691,linear,log_km_value
43,log1p_tpsa,0.6185492547898401,5.900308132171631,linear,log_km_value
44,log1p_tpsa,0.5264604033991037,5.704115867614746,linear,log_km_value
45,log1p_tpsa,-0.862457522465714,3.055415153503418,linear,log_km_value
46,log1p_tpsa,0.0,4.719658851623535,linear,log_km_value
47,log1p_tpsa,-0.9491033163192447,2.8942530155181885,linear,log_km_value
48,log1p_tpsa,-0.26113468361379377,4.200504779815674,linear,log_km_value
49,log1p_tpsa,-0.10086844490197784,4.46912145614624,linear,log_km_value
50,log1p_tpsa,-0.6554667131735245,3.4326961040496826,linear,log_km_value
51,log1p_tpsa,0.1299622133598155,4.945492267608643,linear,log_km_value
52,log1p_tpsa,0.18956938139117413,5.06202507019043,linear,log_km_value
53,log1p_tpsa,0.0,4.757204532623291,linear,log_km_value
54,log1p_tpsa,-0.01892847818641763,4.654531478881836,linear,log_km_value
55,log1p_tpsa,0.0,4.733827114105225,linear,log_km_value
56,log1p_tpsa,0.6376875287625454,5.902059555053711,linear,log_km_value
57,log1p_tpsa,0.1902326095289275,5.06202507019043,linear,log_km_value
58,log1p_tpsa,-0.2748677728225647,4.122121810913086,linear,log_km_value
59,log1p_tpsa,0.17116630835359778,5.024406909942627,linear,log_km_value
60,log1p_tpsa,0.0,4.6766533851623535,linear,log_km_value
61,log1p_tpsa,-0.1372745454852447,4.433432579040527,linear,log_km_value
62,log1p_tpsa,0.5526387064890296,5.766005992889404,linear,log_km_value
63,log1p_tpsa,-0.6491761269555474,3.4326961040496826,linear,log_km_value
64,log1p_tpsa,-0.2510173751349458,4.215971946716309,linear,log_km_value
65,log1p_tpsa,-0.27795224626979675,4.163870811462402,linear,log_km_value
66,log1p_tpsa,0.5465556940222908,5.763998985290527,linear,log_km_value
67,log1p_tpsa,0.8963303179002357,6.4251933097839355,linear,log_km_value
68,log1p_tpsa,0.6236663178526538,5.89888334274292,linear,log_km_value
69,log1p_tpsa,-0.044484823539088704,4.619960308074951,linear,log_km_value
70,log1p_tpsa,0.0344589106700486,4.763625621795654,linear,log_km_value
71,log1p_tpsa,-0.5513834244387558,3.6454498767852783,linear,log_km_value
72,log1p_tpsa,0.09839452700414808,4.901489734649658,linear,log_km_value
73,log1p_tpsa,-0.16254294241067269,4.397654056549072,linear,log_km_value
74,log1p_tpsa,-0.5045974797762641,3.724729061126709,linear,log_km_value
75,log1p_tpsa,0.18054242471235407,5.06202507019043,linear,log_km_value
76,log1p_tpsa,0.5667015601945455,5.763998985290527,linear,log_km_value
77,log1p_tpsa,-0.5027355005047387,3.724729061126709,linear,log_km_value
78,log1p_tpsa,0.0,4.726502418518066,linear,log_km_value
79,log1p_tpsa,0.72771186981826,6.047277450561523,linear,log_km_value
80,log1p_tpsa,-0.8465859264698593,3.055415153503418,linear,log_km_value
81,log1p_tpsa,0.0,4.712947845458984,linear,log_km_value
82,log1p_tpsa,0.2526143483111524,5.178012371063232,linear,log_km_value
83,log1p_tpsa,0.0,4.6766533851623535,linear,log_km_value
84,log1p_tpsa,0.0,4.621240615844727,linear,log_km_value
85,log1p_tpsa,0.5525242010162253,5.766005992889404,linear,log_km_value
86,log1p_tpsa,0.0,4.712947845458984,linear,log_km_value
87,log1p_tpsa,0.47197768154325354,5.63525390625,linear,log_km_value
88,log1p_tpsa,0.0,4.7081780433654785,linear,log_km_value
89,log1p_tpsa,0.0,4.675442218780518,linear,log_km_value
90,log1p_tpsa,-0.2728006160783188,4.163559436798096,linear,log_km_value
91,log1p_tpsa,0.5541727130084461,5.766005992889404,linear,log_km_value
92,log1p_tpsa,0.4811962035050131,5.63525390625,linear,log_km_value
93,log1p_tpsa,-0.0389423080057424,4.621240615844727,linear,log_km_value
94,log1p_tpsa,0.38986589669014116,5.448933124542236,linear,log_km_value
95,log1p_tpsa,-0.4469115606266876,3.8336288928985596,linear,log_km_value
96,log1p_tpsa,0.39209901123299606,5.453610420227051,linear,log_km_value
97,log1p_tpsa,-0.7280910949424025,3.306886672973633,linear,log_km_value
98,log1p_tpsa,-0.33702845912667123,4.040240287780762,linear,log_km_value
99,log1p_tpsa,0.35039534044246573,5.360775470733643,linear,log_km_value
0,log1p_num_h_donors,0.0,2.3025851249694824,linear,log_km_value
1,log1p_num_h_donors,0.0,1.6094379425048828,linear,log_km_value
2,log1p_num_h_donors,0.0,1.6094379425048828,linear,log_km_value
3,log1p_num_h_donors,0.0,1.3862943649291992,linear,log_km_value
4,log1p_num_h_donors,0.0,2.1972246170043945,linear,log_km_value
5,log1p_num_h_donors,0.0,0.0,linear,log_km_value
6,log1p_num_h_donors,0.0,1.945910096168518,linear,log_km_value
7,log1p_num_h_donors,0.0,0.0,linear,log_km_value
8,log1p_num_h_donors,0.0,1.3862943649291992,linear,log_km_value
9,log1p_num_h_donors,0.0,2.1972246170043945,linear,log_km_value
10,log1p_num_h_donors,0.0,1.3862943649291992,linear,log_km_value
11,log1p_num_h_donors,0.0,1.7917594909667969,linear,log_km_value
12,log1p_num_h_donors,0.0,1.3862943649291992,linear,log_km_value
13,log1p_num_h_donors,0.0,2.079441547393799,linear,log_km_value
14,log1p_num_h_donors,0.0,1.945910096168518,linear,log_km_value
15,log1p_num_h_donors,0.0,0.6931471824645996,linear,log_km_value
16,log1p_num_h_donors,0.0,0.0,linear,log_km_value
17,log1p_num_h_donors,0.0,0.6931471824645996,linear,log_km_value
18,log1p_num_h_donors,0.0,1.7917594909667969,linear,log_km_value
19,log1p_num_h_donors,0.0,3.044522523880005,linear,log_km_value
20,log1p_num_h_donors,0.0,0.0,linear,log_km_value
21,log1p_num_h_donors,0.0,1.0986123085021973,linear,log_km_value
22,log1p_num_h_donors,0.0,1.7917594909667969,linear,log_km_value
23,log1p_num_h_donors,0.0,2.079441547393799,linear,log_km_value
24,log1p_num_h_donors,0.0,2.1972246170043945,linear,log_km_value
25,log1p_num_h_donors,0.0,3.044522523880005,linear,log_km_value
26,log1p_num_h_donors,0.0,2.1972246170043945,linear,log_km_value
27,log1p_num_h_donors,0.0,0.0,linear,log_km_value
28,log1p_num_h_donors,0.0,0.6931471824645996,linear,log_km_value
29,log1p_num_h_donors,0.0,1.0986123085021973,linear,log_km_value
30,log1p_num_h_donors,0.0,1.945910096168518,linear,log_km_value
31,log1p_num_h_donors,0.0,1.0986123085021973,linear,log_km_value
32,log1p_num_h_donors,0.0,1.7917594909667969,linear,log_km_value
33,log1p_num_h_donors,0.0,2.3025851249694824,linear,log_km_value
34,log1p_num_h_donors,0.0,2.3025851249694824,linear,log_km_value
35,log1p_num_h_donors,0.0,2.1972246170043945,linear,log_km_value
36,log1p_num_h_donors,0.0,1.7917594909667969,linear,log_km_value
37,log1p_num_h_donors,0.0,2.1972246170043945,linear,log_km_value
38,log1p_num_h_donors,0.0,2.1972246170043945,linear,log_km_value
39,log1p_num_h_donors,0.0,0.0,linear,log_km_value
40,log1p_num_h_donors,0.0,0.0,linear,log_km_value
41,log1p_num_h_donors,0.0,0.6931471824645996,linear,log_km_value
42,log1p_num_h_donors,0.0,1.6094379425048828,linear,log_km_value
43,log1p_num_h_donors,0.0,2.3025851249694824,linear,log_km_value
44,log1p_num_h_donors,0.0,2.1972246170043945,linear,log_km_value
45,log1p_num_h_donors,0.0,0.6931471824645996,linear,log_km_value
46,log1p_num_h_donors,0.0,1.6094379425048828,linear,log_km_value
47,log1p_num_h_donors,0.0,0.0,linear,log_km_value
48,log1p_num_h_donors,0.0,1.0986123085021973,linear,log_km_value
49,log1p_num_h_donors,0.0,0.0,linear,log_km_value
50,log1p_num_h_donors,0.0,0.0,linear,log_km_value
51,log1p_num_h_donors,0.0,1.6094379425048828,linear,log_km_value
52,log1p_num_h_donors,0.0,1.945910096168518,linear,log_km_value
53,log1p_num_h_donors,0.0,0.6931471824645996,linear,log_km_value
54,log1p_num_h_donors,0.0,1.3862943649291992,linear,log_km_value
55,log1p_num_h_donors,0.0,1.3862943649291992,linear,log_km_value
56,log1p_num_h_donors,0.0,2.3025851249694824,linear,log_km_value
57,log1p_num_h_donors,0.0,1.945910096168518,linear,log_km_value
58,log1p_num_h_donors,0.0,1.3862943649291992,linear,log_km_value
59,log1p_num_h_donors,0.0,1.6094379425048828,linear,log_km_value
60,log1p_num_h_donors,0.0,1.3862943649291992,linear,log_km_value
61,log1p_num_h_donors,0.0,0.6931471824645996,linear,log_km_value
62,log1p_num_h_donors,0.0,2.1972246170043945,linear,log_km_value
63,log1p_num_h_donors,0.0,0.0,linear,log_km_value
64,log1p_num_h_donors,0.0,1.0986123085021973,linear,log_km_value
65,log1p_num_h_donors,0.0,1.0986123085021973,linear,log_km_value
66,log1p_num_h_donors,0.0,2.1972246170043945,linear,log_km_value
67,log1p_num_h_donors,0.0,2.995732307434082,linear,log_km_value
68,log1p_num_h_donors,0.0,2.3025851249694824,linear,log_km_value
69,log1p_num_h_donors,0.0,0.6931471824645996,linear,log_km_value
70,log1p_num_h_donors,0.0,1.7917594909667969,linear,log_km_value
71,log1p_num_h_donors,0.0,0.6931471824645996,linear,log_km_value
72,log1p_num_h_donors,0.0,1.6094379425048828,linear,log_km_value
73,log1p_num_h_donors,0.0,0.0,linear,log_km_value
74,log1p_num_h_donors,0.0,1.0986123085021973,linear,log_km_value
75,log1p_num_h_donors,0.0,1.945910096168518,linear,log_km_value
76,log1p_num_h_donors,0.0,2.1972246170043945,linear,log_km_value
77,log1p_num_h_donors,0.0,1.0986123085021973,linear,log_km_value
78,log1p_num_h_donors,0.0,1.3862943649291992,linear,log_km_value
79,log1p_num_h_donors,0.0,2.7725887298583984,linear,log_km_value
80,log1p_num_h_donors,0.0,0.6931471824645996,linear,log_km_value
81,log1p_num_h_donors,0.0,1.7917594909667969,linear,log_km_value
82,log1p_num_h_donors,0.0,1.6094379425048828,linear,log_km_value
83,log1p_num_h_donors,0.0,1.3862943649291992,linear,log_km_value
84,log1p_num_h_donors,0.0,1.3862943649291992,linear,log_km_value
85,log1p_num_h_donors,0.0,2.1972246170043945,linear,log_km_value
86,log1p_num_h_donors,0.0,1.7917594909667969,linear,log_km_value
87,log1p_num_h_donors,0.0,2.079441547393799,linear,log_km_value
88,log1p_num_h_donors,0.0,1.3862943649291992,linear,log_km_value
89,log1p_num_h_donors,0.0,0.6931471824645996,linear,log_km_value
90,log1p_num_h_donors,0.0,0.6931471824645996,linear,log_km_value
91,log1p_num_h_donors,0.0,2.1972246170043945,linear,log_km_value
92,log1p_num_h_donors,0.0,2.079441547393799,linear,log_km_value
93,log1p_num_h_donors,0.0,1.3862943649291992,linear,log_km_value
94,log1p_num_h_donors,0.0,2.1972246170043945,linear,log_km_value
95,log1p_num_h_donors,0.0,0.6931471824645996,linear,log_km_value
96,log1p_num_h_donors,0.0,1.945910096168518,linear,log_km_value
97,log1p_num_h_donors,0.0,0.0,linear,log_km_value
98,log1p_num_h_donors,-0.03002952999185689,0.0,linear,log_km_value
99,log1p_num_h_donors,0.0,2.079441547393799,linear,log_km_value
0,log1p_num_h_acceptors,-0.22208898790945678,2.397895336151123,linear,log_km_value
1,log1p_num_h_acceptors,-0.14904910477735808,2.1972246170043945,linear,log_km_value
2,log1p_num_h_acceptors,-0.34778058010086044,2.6390573978424072,linear,log_km_value
3,log1p_num_h_acceptors,0.03162852245111243,1.7917594909667969,linear,log_km_value
4,log1p_num_h_acceptors,-0.4916530625501438,2.944438934326172,linear,log_km_value
5,log1p_num_h_acceptors,0.20569093691610701,1.3862943649291992,linear,log_km_value
6,log1p_num_h_acceptors,-0.23714614060486058,2.397895336151123,linear,log_km_value
7,log1p_num_h_acceptors,0.5112634590398909,0.6931471824645996,linear,log_km_value
8,log1p_num_h_acceptors,0.20625184367269345,1.3862943649291992,linear,log_km_value
9,log1p_num_h_acceptors,-0.4464995426508205,2.890371799468994,linear,log_km_value
10,log1p_num_h_acceptors,0.2047602362893746,1.3862943649291992,linear,log_km_value
11,log1p_num_h_acceptors,-0.2415630717161002,2.397895336151123,linear,log_km_value
12,log1p_num_h_acceptors,0.10852985419741204,1.6094379425048828,linear,log_km_value
13,log1p_num_h_acceptors,-0.1952430657032159,2.3025851249694824,linear,log_km_value
14,log1p_num_h_acceptors,-0.09779627527012062,2.079441547393799,linear,log_km_value
15,log1p_num_h_acceptors,0.3318118891461911,1.0986123085021973,linear,log_km_value
16,log1p_num_h_acceptors,0.2118699976820933,1.3862943649291992,linear,log_km_value
17,log1p_num_h_acceptors,0.32283127647248794,1.0986123085021973,linear,log_km_value
18,log1p_num_h_acceptors,0.0,1.945910096168518,linear,log_km_value
19,log1p_num_h_acceptors,-0.4990594698811786,2.995732307434082,linear,log_km_value
20,log1p_num_h_acceptors,0.20793773897314366,1.3862943649291992,linear,log_km_value
21,log1p_num_h_acceptors,0.20234666192583517,1.3862943649291992,linear,log_km_value
22,log1p_num_h_acceptors,-0.246636098802552,2.397895336151123,linear,log_km_value
23,log1p_num_h_acceptors,-0.34607443581689046,2.6390573978424072,linear,log_km_value
24,log1p_num_h_acceptors,-0.2544914565443608,2.397895336151123,linear,log_km_value
25,log1p_num_h_acceptors,-0.7174083301966089,3.465735912322998,linear,log_km_value
26,log1p_num_h_acceptors,-0.4830953431569203,2.944438934326172,linear,log_km_value
27,log1p_num_h_acceptors,0.32569797131283945,1.0986123085021973,linear,log_km_value
28,log1p_num_h_acceptors,0.34160293052367585,1.0986123085021973,linear,log_km_value
29,log1p_num_h_acceptors,0.3301707502369397,1.0986123085021973,linear,log_km_value
30,log1p_num_h_acceptors,-0.10595446973634415,2.079441547393799,linear,log_km_value
31,log1p_num_h_acceptors,0.3385630147407866,1.0986123085021973,linear,log_km_value
32,log1p_num_h_acceptors,-0.40210054467831297,2.7725887298583984,linear,log_km_value
33,log1p_num_h_acceptors,-0.510239424672904,2.995732307434082,linear,log_km_value
34,log1p_num_h_acceptors,-0.5034133466437077,2.995732307434082,linear,log_km_value
35,log1p_num_h_acceptors,-0.4286629331054421,2.890371799468994,linear,log_km_value
36,log1p_num_h_acceptors,-0.10242376628971607,2.079441547393799,linear,log_km_value
37,log1p_num_h_acceptors,-0.39597542493026266,2.70805025100708,linear,log_km_value
38,log1p_num_h_acceptors,-0.4813636632669568,2.890371799468994,linear,log_km_value
39,log1p_num_h_acceptors,0.8330742981407822,0.0,linear,log_km_value
40,log1p_num_h_acceptors,0.8165051799359953,0.0,linear,log_km_value
41,log1p_num_h_acceptors,0.3377515000693216,1.0986123085021973,linear,log_km_value
42,log1p_num_h_acceptors,0.021656474806461712,1.7917594909667969,linear,log_km_value
43,log1p_num_h_acceptors,-0.5117538851808527,2.995732307434082,linear,log_km_value
44,log1p_num_h_acceptors,-0.37603342342547075,2.70805025100708,linear,log_km_value
45,log1p_num_h_acceptors,0.5041761457925148,0.6931471824645996,linear,log_km_value
46,log1p_num_h_acceptors,-0.039417920822117924,1.945910096168518,linear,log_km_value
47,log1p_num_h_acceptors,0.5066313808612466,0.6931471824645996,linear,log_km_value
48,log1p_num_h_acceptors,0.3322672179488926,1.0986123085021973,linear,log_km_value
49,log1p_num_h_acceptors,0.0,1.6094379425048828,linear,log_km_value
50,log1p_num_h_acceptors,0.33687025125619613,1.0986123085021973,linear,log_km_value
51,log1p_num_h_acceptors,-0.1992223403835198,2.3025851249694824,linear,log_km_value
52,log1p_num_h_acceptors,-0.10127311107904147,2.079441547393799,linear,log_km_value
53,log1p_num_h_acceptors,-0.15396408217714125,2.1972246170043945,linear,log_km_value
54,log1p_num_h_acceptors,0.11161946779584106,1.6094379425048828,linear,log_km_value
55,log1p_num_h_acceptors,0.031019834032440633,1.7917594909667969,linear,log_km_value
56,log1p_num_h_acceptors,-0.4762997215256412,2.944438934326172,linear,log_km_value
57,log1p_num_h_acceptors,-0.09965036460861418,2.079441547393799,linear,log_km_value
58,log1p_num_h_acceptors,0.2331535279442475,1.3862943649291992,linear,log_km_value
59,log1p_num_h_acceptors,-0.09982813048238265,2.079441547393799,linear,log_km_value
60,log1p_num_h_acceptors,0.2101442023507028,1.3862943649291992,linear,log_km_value
61,log1p_num_h_acceptors,0.20295252894470084,1.3862943649291992,linear,log_km_value
62,log1p_num_h_acceptors,-0.46355999014592175,2.890371799468994,linear,log_km_value
63,log1p_num_h_acceptors,0.3388045874833848,1.0986123085021973,linear,log_km_value
64,log1p_num_h_acceptors,0.3407708752795112,1.0986123085021973,linear,log_km_value
65,log1p_num_h_acceptors,0.3350638937573215,1.0986123085021973,linear,log_km_value
66,log1p_num_h_acceptors,-0.4943450301790858,2.944438934326172,linear,log_km_value
67,log1p_num_h_acceptors,-0.5747295300119422,3.1354942321777344,linear,log_km_value
68,log1p_num_h_acceptors,-0.5071867041673479,2.995732307434082,linear,log_km_value
69,log1p_num_h_acceptors,0.022428446061657947,1.7917594909667969,linear,log_km_value
70,log1p_num_h_acceptors,-0.04113639861100693,1.945910096168518,linear,log_km_value
71,log1p_num_h_acceptors,0.5085636183796803,0.6931471824645996,linear,log_km_value
72,log1p_num_h_acceptors,-0.1613163722960735,2.1972246170043945,linear,log_km_value
73,log1p_num_h_acceptors,0.09866704346381515,1.6094379425048828,linear,log_km_value
74,log1p_num_h_acceptors,0.33504589946618757,1.0986123085021973,linear,log_km_value
75,log1p_num_h_acceptors,-0.10674715673273849,2.079441547393799,linear,log_km_value
76,log1p_num_h_acceptors,-0.4746138056303164,2.944438934326172,linear,log_km_value
77,log1p_num_h_acceptors,0.33280594888399473,1.0986123085021973,linear,log_km_value
78,log1p_num_h_acceptors,0.10785610645336116,1.6094379425048828,linear,log_km_value
79,log1p_num_h_acceptors,-0.2808128827461041,2.5649492740631104,linear,log_km_value
80,log1p_num_h_acceptors,0.5199840237213422,0.6931471824645996,linear,log_km_value
81,log1p_num_h_acceptors,0.0,1.945910096168518,linear,log_km_value
82,log1p_num_h_acceptors,-0.14951877954389445,2.1972246170043945,linear,log_km_value
83,log1p_num_h_acceptors,0.20531586755029624,1.3862943649291992,linear,log_km_value
84,log1p_num_h_acceptors,0.20296764149019278,1.3862943649291992,linear,log_km_value
85,log1p_num_h_acceptors,-0.46348948427805725,2.890371799468994,linear,log_km_value
86,log1p_num_h_acceptors,0.0,1.945910096168518,linear,log_km_value
87,log1p_num_h_acceptors,-0.3961302892833377,2.70805025100708,linear,log_km_value
88,log1p_num_h_acceptors,0.20857216807707113,1.3862943649291992,linear,log_km_value
89,log1p_num_h_acceptors,0.02141580210235298,1.7917594909667969,linear,log_km_value
90,log1p_num_h_acceptors,-0.04039987073911222,1.945910096168518,linear,log_km_value
91,log1p_num_h_acceptors,-0.4644965805907865,2.890371799468994,linear,log_km_value
92,log1p_num_h_acceptors,-0.3855060630697407,2.70805025100708,linear,log_km_value
93,log1p_num_h_acceptors,0.20842145655789526,1.3862943649291992,linear,log_km_value
94,log1p_num_h_acceptors,-0.20039968869106828,2.3025851249694824,linear,log_km_value
95,log1p_num_h_acceptors,0.20854671240856265,1.3862943649291992,linear,log_km_value
96,log1p_num_h_acceptors,-0.3184893054488551,2.5649492740631104,linear,log_km_value
97,log1p_num_h_acceptors,0.32839620885849113,1.0986123085021973,linear,log_km_value
98,log1p_num_h_acceptors,0.0,1.7917594909667969,linear,log_km_value
99,log1p_num_h_acceptors,-0.1982844148178864,2.3025851249694824,linear,log_km_value
0,log1p_num_rot_bonds,0.0,2.944438934326172,linear,log_km_value
1,log1p_num_rot_bonds,0.0,1.6094379425048828,linear,log_km_value
2,log1p_num_rot_bonds,0.15376681293829003,2.397895336151123,linear,log_km_value
3,log1p_num_rot_bonds,0.0,1.6094379425048828,linear,log_km_value
4,log1p_num_rot_bonds,0.16240922260520457,2.4849066734313965,linear,log_km_value
5,log1p_num_rot_bonds,0.0,1.7917594909667969,linear,log_km_value
6,log1p_num_rot_bonds,0.0,1.6094379425048828,linear,log_km_value
7,log1p_num_rot_bonds,-0.2527658706109786,0.0,linear,log_km_value
8,log1p_num_rot_bonds,0.0,1.3862943649291992,linear,log_km_value
9,log1p_num_rot_bonds,0.1865578334364768,2.4849066734313965,linear,log_km_value
10,log1p_num_rot_bonds,0.0,1.3862943649291992,linear,log_km_value
11,log1p_num_rot_bonds,0.0,1.6094379425048828,linear,log_km_value
12,log1p_num_rot_bonds,0.07710312039833074,1.945910096168518,linear,log_km_value
13,log1p_num_rot_bonds,0.24219132558368434,2.890371799468994,linear,log_km_value
14,log1p_num_rot_bonds,0.1722522665995582,2.4849066734313965,linear,log_km_value
15,log1p_num_rot_bonds,-0.0681609334150699,1.0986123085021973,linear,log_km_value
16,log1p_num_rot_bonds,-0.12668751089618918,0.6931471824645996,linear,log_km_value
17,log1p_num_rot_bonds,0.0,0.6931471824645996,linear,log_km_value
18,log1p_num_rot_bonds,-0.1315928054004864,0.6931471824645996,linear,log_km_value
19,log1p_num_rot_bonds,0.39031674218758394,3.761200189590454,linear,log_km_value
20,log1p_num_rot_bonds,-0.06355550526611531,1.0986123085021973,linear,log_km_value
21,log1p_num_rot_bonds,-0.13571057352346147,0.6931471824645996,linear,log_km_value
22,log1p_num_rot_bonds,0.07544414444692527,1.945910096168518,linear,log_km_value
23,log1p_num_rot_bonds,0.0,2.1972246170043945,linear,log_km_value
24,log1p_num_rot_bonds,0.2146763570660517,2.8332133293151855,linear,log_km_value
25,log1p_num_rot_bonds,0.26871610973194504,3.044522523880005,linear,log_km_value
26,log1p_num_rot_bonds,0.17426381069503338,2.4849066734313965,linear,log_km_value
27,log1p_num_rot_bonds,0.2506597190392131,3.044522523880005,linear,log_km_value
28,log1p_num_rot_bonds,-0.24144996395745927,0.0,linear,log_km_value
29,log1p_num_rot_bonds,0.0,1.3862943649291992,linear,log_km_value
30,log1p_num_rot_bonds,0.22687013015207125,2.890371799468994,linear,log_km_value
31,log1p_num_rot_bonds,-0.2430241207856107,0.0,linear,log_km_value
32,log1p_num_rot_bonds,0.0,2.1972246170043945,linear,log_km_value
33,log1p_num_rot_bonds,0.19437067984481202,2.6390573978424072,linear,log_km_value
34,log1p_num_rot_bonds,0.20177131605573023,2.6390573978424072,linear,log_km_value
35,log1p_num_rot_bonds,0.0,2.4849066734313965,linear,log_km_value
36,log1p_num_rot_bonds,0.05227502659129112,1.7917594909667969,linear,log_km_value
37,log1p_num_rot_bonds,0.10561711325485877,2.1972246170043945,linear,log_km_value
38,log1p_num_rot_bonds,0.12291060712915536,2.3025851249694824,linear,log_km_value
39,log1p_num_rot_bonds,-0.24025145903964865,0.0,linear,log_km_value
40,log1p_num_rot_bonds,-0.2558888348149809,0.0,linear,log_km_value
41,log1p_num_rot_bonds,0.0,1.6094379425048828,linear,log_km_value
42,log1p_num_rot_bonds,0.0945756897675149,2.079441547393799,linear,log_km_value
43,log1p_num_rot_bonds,0.19217394787762593,2.6390573978424072,linear,log_km_value
44,log1p_num_rot_bonds,0.12586471317494002,2.1972246170043945,linear,log_km_value
45,log1p_num_rot_bonds,0.0,1.0986123085021973,linear,log_km_value
46,log1p_num_rot_bonds,-0.1263898685615741,0.6931471824645996,linear,log_km_value
47,log1p_num_rot_bonds,0.0,1.7917594909667969,linear,log_km_value
48,log1p_num_rot_bonds,-0.24918870478523883,0.0,linear,log_km_value
49,log1p_num_rot_bonds,-0.04956121737228525,1.0986123085021973,linear,log_km_value
50,log1p_num_rot_bonds,-0.13113710155647662,0.6931471824645996,linear,log_km_value
51,log1p_num_rot_bonds,-0.06063844321066491,1.0986123085021973,linear,log_km_value
52,log1p_num_rot_bonds,0.0,1.3862943649291992,linear,log_km_value
53,log1p_num_rot_bonds,-0.015202683793833716,1.3862943649291992,linear,log_km_value
54,log1p_num_rot_bonds,0.0,1.6094379425048828,linear,log_km_value
55,log1p_num_rot_bonds,0.0,1.6094379425048828,linear,log_km_value
56,log1p_num_rot_bonds,0.2048723420662699,2.6390573978424072,linear,log_km_value
57,log1p_num_rot_bonds,0.0,1.3862943649291992,linear,log_km_value
58,log1p_num_rot_bonds,-0.2280697699546411,0.0,linear,log_km_value
59,log1p_num_rot_bonds,0.0,1.6094379425048828,linear,log_km_value
60,log1p_num_rot_bonds,0.0,1.6094379425048828,linear,log_km_value
61,log1p_num_rot_bonds,0.0,1.0986123085021973,linear,log_km_value
62,log1p_num_rot_bonds,0.1674397587400153,2.4849066734313965,linear,log_km_value
63,log1p_num_rot_bonds,0.0,1.0986123085021973,linear,log_km_value
64,log1p_num_rot_bonds,0.0,1.0986123085021973,linear,log_km_value
65,log1p_num_rot_bonds,-0.1326802905251966,0.6931471824645996,linear,log_km_value
66,log1p_num_rot_bonds,0.16276091322305403,2.4849066734313965,linear,log_km_value
67,log1p_num_rot_bonds,0.4115840906459709,3.9512436389923096,linear,log_km_value
68,log1p_num_rot_bonds,0.25601487868343453,2.995732307434082,linear,log_km_value
69,log1p_num_rot_bonds,0.0,1.3862943649291992,linear,log_km_value
70,log1p_num_rot_bonds,-0.1313449392575274,0.6931471824645996,linear,log_km_value
71,log1p_num_rot_bonds,0.0880601269091631,2.079441547393799,linear,log_km_value
72,log1p_num_rot_bonds,0.0,1.0986123085021973,linear,log_km_value
73,log1p_num_rot_bonds,0.0,1.3862943649291992,linear,log_km_value
74,log1p_num_rot_bonds,-0.2468303967161422,0.0,linear,log_km_value
75,log1p_num_rot_bonds,0.0,1.3862943649291992,linear,log_km_value
76,log1p_num_rot_bonds,0.0,2.4849066734313965,linear,log_km_value
77,log1p_num_rot_bonds,-0.13231562730424967,0.6931471824645996,linear,log_km_value
78,log1p_num_rot_bonds,0.02199516890288039,1.6094379425048828,linear,log_km_value
79,log1p_num_rot_bonds,0.3282228236348054,3.295836925506592,linear,log_km_value
80,log1p_num_rot_bonds,0.0,1.7917594909667969,linear,log_km_value
81,log1p_num_rot_bonds,-0.13219541242476263,0.6931471824645996,linear,log_km_value
82,log1p_num_rot_bonds,0.14078786659018508,2.3025851249694824,linear,log_km_value
83,log1p_num_rot_bonds,0.019156011274198192,1.6094379425048828,linear,log_km_value
84,log1p_num_rot_bonds,0.0,1.3862943649291992,linear,log_km_value
85,log1p_num_rot_bonds,0.16675524635001482,2.4849066734313965,linear,log_km_value
86,log1p_num_rot_bonds,-0.1335700410183493,0.6931471824645996,linear,log_km_value
87,log1p_num_rot_bonds,0.10662008973173354,2.1972246170043945,linear,log_km_value
88,log1p_num_rot_bonds,-0.12975369294628836,0.6931471824645996,linear,log_km_value
89,log1p_num_rot_bonds,0.016606600791726697,1.6094379425048828,linear,log_km_value
90,log1p_num_rot_bonds,0.07849480258809745,1.945910096168518,linear,log_km_value
91,log1p_num_rot_bonds,0.16740827178088416,2.4849066734313965,linear,log_km_value
92,log1p_num_rot_bonds,0.1137534333188322,2.1972246170043945,linear,log_km_value
93,log1p_num_rot_bonds,0.021496005604870926,1.6094379425048828,linear,log_km_value
94,log1p_num_rot_bonds,0.15381814777932087,2.397895336151123,linear,log_km_value
95,log1p_num_rot_bonds,0.0,1.6094379425048828,linear,log_km_value
96,log1p_num_rot_bonds,0.07768048699569052,1.945910096168518,linear,log_km_value
97,log1p_num_rot_bonds,0.0,1.0986123085021973,linear,log_km_value
98,log1p_num_rot_bonds,-0.013306288877563022,1.3862943649291992,linear,log_km_value
99,log1p_num_rot_bonds,0.1397477975417032,2.3025851249694824,linear,log_km_value
0,log_seq_length,-1.6587666707831152,5.181783676147461,linear,log_km_value
1,log_seq_length,0.4056768383086306,6.118097305297852,linear,log_km_value
2,log_seq_length,1.190935592583299,6.472346305847168,linear,log_km_value
3,log_seq_length,-1.1271557622327244,5.429345607757568,linear,log_km_value
4,log_seq_length,-0.9651785051125843,5.505331516265869,linear,log_km_value
5,log_seq_length,-0.7300526252010452,5.613128185272217,linear,log_km_value
6,log_seq_length,0.38670274620578654,6.10924768447876,linear,log_km_value
7,log_seq_length,0.0,5.924255847930908,linear,log_km_value
8,log_seq_length,0.33866085313156635,6.091310024261475,linear,log_km_value
9,log_seq_length,0.8808932630171976,6.324358940124512,linear,log_km_value
10,log_seq_length,0.26000818380229085,6.056784152984619,linear,log_km_value
11,log_seq_length,-0.4684774938738957,5.7268476486206055,linear,log_km_value
12,log_seq_length,-0.9365901774183957,5.517452716827393,linear,log_km_value
13,log_seq_length,-0.5656157258248204,5.680172443389893,linear,log_km_value
14,log_seq_length,0.0,5.955837249755859,linear,log_km_value
15,log_seq_length,-3.92923484694672,4.174387454986572,linear,log_km_value
16,log_seq_length,-2.278165561597783,4.912654876708984,linear,log_km_value
17,log_seq_length,-1.6336405506477831,5.20948600769043,linear,log_km_value
18,log_seq_length,1.0364420904785552,6.405228614807129,linear,log_km_value
19,log_seq_length,1.9977257430112783,6.830874443054199,linear,log_km_value
20,log_seq_length,-0.714856291496836,5.616771221160889,linear,log_km_value
21,log_seq_length,-0.29279426373194134,5.80814266204834,linear,log_km_value
22,log_seq_length,-2.2177540944427054,4.9416422843933105,linear,log_km_value
23,log_seq_length,2.560058685437388,7.083387851715088,linear,log_km_value
24,log_seq_length,-0.9321403294651236,5.521461009979248,linear,log_km_value
25,log_seq_length,0.6422298453276801,6.220590114593506,linear,log_km_value
26,log_seq_length,-0.7156756390214676,5.613128185272217,linear,log_km_value
27,log_seq_length,0.8634743143375027,6.329720973968506,linear,log_km_value
28,log_seq_length,0.5903247200095585,6.200509071350098,linear,log_km_value
29,log_seq_length,0.08606307197722358,5.981414318084717,linear,log_km_value
30,log_seq_length,2.8626294368838545,7.227662563323975,linear,log_km_value
31,log_seq_length,-0.07233824200432354,5.905361652374268,linear,log_km_value
32,log_seq_length,-1.7599934682944367,5.141663551330566,linear,log_km_value
33,log_seq_length,-1.9313963871746367,5.068904399871826,linear,log_km_value
34,log_seq_length,0.3697214323335698,6.100318908691406,linear,log_km_value
35,log_seq_length,-0.23238505566596984,5.8141303062438965,linear,log_km_value
36,log_seq_length,0.19447801496715822,6.0258660316467285,linear,log_km_value
37,log_seq_length,0.14928631287790847,6.011267185211182,linear,log_km_value
38,log_seq_length,-1.3585023109309307,5.332718849182129,linear,log_km_value
39,log_seq_length,-0.10411009067825999,5.888877868652344,linear,log_km_value
40,log_seq_length,2.309137355707414,6.981005668640137,linear,log_km_value
41,log_seq_length,0.7531725033418597,6.2766432762146,linear,log_km_value
42,log_seq_length,0.08476639907461617,5.978885650634766,linear,log_km_value
43,log_seq_length,-4.0340228212134654,4.127134323120117,linear,log_km_value
44,log_seq_length,0.4174497483710147,6.122492790222168,linear,log_km_value
45,log_seq_length,-0.9051647444315594,5.537334442138672,linear,log_km_value
46,log_seq_length,0.36868992134542655,6.102558612823486,linear,log_km_value
47,log_seq_length,0.7827346217921182,6.295266151428223,linear,log_km_value
48,log_seq_length,1.8439333360063586,6.768493175506592,linear,log_km_value
49,log_seq_length,-1.177432524335328,5.402677536010742,linear,log_km_value
50,log_seq_length,-0.7152580613832388,5.616771221160889,linear,log_km_value
51,log_seq_length,-0.4899855889319887,5.71702766418457,linear,log_km_value
52,log_seq_length,0.8754509890844442,6.3315019607543945,linear,log_km_value
53,log_seq_length,-1.1901470545023662,5.402677536010742,linear,log_km_value
54,log_seq_length,1.460151507237354,6.593044757843018,linear,log_km_value
55,log_seq_length,-0.5850357115827627,5.673323154449463,linear,log_km_value
56,log_seq_length,0.0,5.921578407287598,linear,log_km_value
57,log_seq_length,-0.9707024406738842,5.501258373260498,linear,log_km_value
58,log_seq_length,1.076888869312012,6.411818504333496,linear,log_km_value
59,log_seq_length,-0.4258818025700936,5.746203422546387,linear,log_km_value
60,log_seq_length,0.7682352905353399,6.282266616821289,linear,log_km_value
61,log_seq_length,0.19187266054556953,6.0258660316467285,linear,log_km_value
62,log_seq_length,0.9394555227996967,6.359573841094971,linear,log_km_value
63,log_seq_length,-0.6867015620415594,5.627621173858643,linear,log_km_value
64,log_seq_length,-0.2273041983960638,5.834810733795166,linear,log_km_value
65,log_seq_length,-0.20048736394242728,5.849324703216553,linear,log_km_value
66,log_seq_length,0.16845768490840865,6.016157150268555,linear,log_km_value
67,log_seq_length,-0.3487135879749892,5.780743598937988,linear,log_km_value
68,log_seq_length,-0.45057712685441303,5.733341217041016,linear,log_km_value
69,log_seq_length,0.9413778779728743,6.363028049468994,linear,log_km_value
70,log_seq_length,0.0,5.945420742034912,linear,log_km_value
71,log_seq_length,0.8176128881093626,6.309918403625488,linear,log_km_value
72,log_seq_length,-0.6271378761570289,5.659482002258301,linear,log_km_value
73,log_seq_length,1.0177255534481977,6.400257587432861,linear,log_km_value
74,log_seq_length,-0.3593073059293925,5.777652263641357,linear,log_km_value
75,log_seq_length,0.5586440228749233,6.192362308502197,linear,log_km_value
76,log_seq_length,-1.3503414715926472,5.323009967803955,linear,log_km_value
77,log_seq_length,-0.1755054856118563,5.860786437988281,linear,log_km_value
78,log_seq_length,-0.4140787563611085,5.752572536468506,linear,log_km_value
79,log_seq_length,-0.5113507393801925,5.693732261657715,linear,log_km_value
80,log_seq_length,0.8740368861516996,6.329720973968506,linear,log_km_value
81,log_seq_length,0.9546036528672691,6.368186950683594,linear,log_km_value
82,log_seq_length,0.0,5.9427995681762695,linear,log_km_value
83,log_seq_length,-0.2994558651278828,5.8051347732543945,linear,log_km_value
84,log_seq_length,0.09213168349270794,5.981414318084717,linear,log_km_value
85,log_seq_length,0.47269709836561974,6.1506028175354,linear,log_km_value
86,log_seq_length,-0.8344600754062123,5.564520359039307,linear,log_km_value
87,log_seq_length,0.47759663305493244,6.156979084014893,linear,log_km_value
88,log_seq_length,0.3753958005878477,6.107022762298584,linear,log_km_value
89,log_seq_length,-0.09590139999947295,5.897153854370117,linear,log_km_value
90,log_seq_length,1.103458487508066,6.4329400062561035,linear,log_km_value
91,log_seq_length,0.9388381798595061,6.359573841094971,linear,log_km_value
92,log_seq_length,3.049337874970802,7.310550212860107,linear,log_km_value
93,log_seq_length,-2.9220802353218,4.624972820281982,linear,log_km_value
94,log_seq_length,-0.8548360158619895,5.552959442138672,linear,log_km_value
95,log_seq_length,2.8039430983626112,7.1989312171936035,linear,log_km_value
96,log_seq_length,0.5395016141380518,6.18001651763916,linear,log_km_value
97,log_seq_length,1.0632042289797978,6.419994831085205,linear,log_km_value
98,log_seq_length,1.0302278941882754,6.400257587432861,linear,log_km_value
99,log_seq_length,-1.9307346511827073,5.068904399871826,linear,log_km_value
0,log_seq_mol_wt,1.4416355163940369,9.895637512207031,linear,log_km_value
1,log_seq_mol_wt,-0.4239062329040346,10.868292808532715,linear,log_km_value
2,log_seq_mol_wt,-1.0040003260074535,11.16805648803711,linear,log_km_value
3,log_seq_mol_wt,0.9801446469891685,10.134017944335938,linear,log_km_value
4,log_seq_mol_wt,0.8826652011886427,10.179969787597656,linear,log_km_value
5,log_seq_mol_wt,0.5505867807411756,10.35327434539795,linear,log_km_value
6,log_seq_mol_wt,-0.35251254903266815,10.829964637756348,linear,log_km_value
7,log_seq_mol_wt,0.09450775201610995,10.589705467224121,linear,log_km_value
8,log_seq_mol_wt,-0.3417434694828478,10.82020378112793,linear,log_km_value
9,log_seq_mol_wt,-0.7057252754585418,11.025118827819824,linear,log_km_value
10,log_seq_mol_wt,-0.185030440574942,10.738465309143066,linear,log_km_value
11,log_seq_mol_wt,0.37531790045442753,10.448199272155762,linear,log_km_value
12,log_seq_mol_wt,0.7122823858851517,10.270760536193848,linear,log_km_value
13,log_seq_mol_wt,0.5518015285614343,10.358283996582031,linear,log_km_value
14,log_seq_mol_wt,0.0457393507036403,10.62234115600586,linear,log_km_value
15,log_seq_mol_wt,3.4410570675841523,8.8438720703125,linear,log_km_value
16,log_seq_mol_wt,2.0299068488890755,9.585155487060547,linear,log_km_value
17,log_seq_mol_wt,1.337179391811138,9.93643856048584,linear,log_km_value
18,log_seq_mol_wt,-0.8614998677609769,11.091901779174805,linear,log_km_value
19,log_seq_mol_wt,-1.7653665130524037,11.570343017578125,linear,log_km_value
20,log_seq_mol_wt,0.5446161891823034,10.358739852905273,linear,log_km_value
21,log_seq_mol_wt,0.3268163060004273,10.469345092773438,linear,log_km_value
22,log_seq_mol_wt,1.8845856912328507,9.657936096191406,linear,log_km_value
23,log_seq_mol_wt,-2.081567571754179,11.733443260192871,linear,log_km_value
24,log_seq_mol_wt,0.7251099718382163,10.262185096740723,linear,log_km_value
25,log_seq_mol_wt,-0.5387264735437439,10.931374549865723,linear,log_km_value
26,log_seq_mol_wt,0.5683765451313918,10.350407600402832,linear,log_km_value
27,log_seq_mol_wt,-0.7699763962428426,11.039839744567871,linear,log_km_value
28,log_seq_mol_wt,-0.5803378258577493,10.948140144348145,linear,log_km_value
29,log_seq_mol_wt,-0.08619888356547867,10.682188987731934,linear,log_km_value
30,log_seq_mol_wt,-2.4775350809913737,11.935462951660156,linear,log_km_value
31,log_seq_mol_wt,0.04044360315833151,10.6234130859375,linear,log_km_value
32,log_seq_mol_wt,1.4968152881661423,9.86694622039795,linear,log_km_value
33,log_seq_mol_wt,1.620066544030135,9.798083305358887,linear,log_km_value
34,log_seq_mol_wt,-0.2851408922369378,10.797884941101074,linear,log_km_value
35,log_seq_mol_wt,0.34149174380331143,10.486600875854492,linear,log_km_value
36,log_seq_mol_wt,-0.21970252224723813,10.757920265197754,linear,log_km_value
37,log_seq_mol_wt,0.0,10.699564933776855,linear,log_km_value
38,log_seq_mol_wt,1.1432586920967793,10.038525581359863,linear,log_km_value
39,log_seq_mol_wt,0.0,10.617300987243652,linear,log_km_value
40,log_seq_mol_wt,-2.052942170292606,11.71030330657959,linear,log_km_value
41,log_seq_mol_wt,-0.6881463997375651,11.002645492553711,linear,log_km_value
42,log_seq_mol_wt,0.0,10.673871040344238,linear,log_km_value
43,log_seq_mol_wt,3.501417158812579,8.813807487487793,linear,log_km_value
44,log_seq_mol_wt,-0.3301856120595195,10.82018756866455,linear,log_km_value
45,log_seq_mol_wt,0.7613381961915947,10.2382230758667,linear,log_km_value
46,log_seq_mol_wt,-0.30682685546574023,10.805061340332031,linear,log_km_value
47,log_seq_mol_wt,-0.7268815298126882,11.020642280578613,linear,log_km_value
48,log_seq_mol_wt,-1.6455869028073011,11.50092887878418,linear,log_km_value
49,log_seq_mol_wt,0.9774084947797399,10.143033981323242,linear,log_km_value
50,log_seq_mol_wt,0.5443562941303116,10.358739852905273,linear,log_km_value
51,log_seq_mol_wt,0.4858524799217082,10.390852928161621,linear,log_km_value
52,log_seq_mol_wt,-0.7314837175002634,11.025952339172363,linear,log_km_value
53,log_seq_mol_wt,0.9391660572396459,10.152830123901367,linear,log_km_value
54,log_seq_mol_wt,-1.198196940366007,11.271092414855957,linear,log_km_value
55,log_seq_mol_wt,0.5837642823169066,10.341065406799316,linear,log_km_value
56,log_seq_mol_wt,0.0,10.57559585571289,linear,log_km_value
57,log_seq_mol_wt,0.782028309822316,10.235960006713867,linear,log_km_value
58,log_seq_mol_wt,-0.9290870945801406,11.13865852355957,linear,log_km_value
59,log_seq_mol_wt,0.3078510366699168,10.483341217041016,linear,log_km_value
60,log_seq_mol_wt,-0.6686907997722866,10.992963790893555,linear,log_km_value
61,log_seq_mol_wt,-0.07782915316737649,10.684676170349121,linear,log_km_value
62,log_seq_mol_wt,-0.801550436016654,11.062714576721191,linear,log_km_value
63,log_seq_mol_wt,0.6748633121720963,10.2933931350708,linear,log_km_value
64,log_seq_mol_wt,0.10697942181640374,10.589863777160645,linear,log_km_value
65,log_seq_mol_wt,0.09925537062844093,10.59010124206543,linear,log_km_value
66,log_seq_mol_wt,0.0,10.667594909667969,linear,log_km_value
67,log_seq_mol_wt,0.296833604087534,10.489245414733887,linear,log_km_value
68,log_seq_mol_wt,0.3077380200801108,10.48501968383789,linear,log_km_value
69,log_seq_mol_wt,-0.8503054390682415,11.085429191589355,linear,log_km_value
70,log_seq_mol_wt,0.02092241054701184,10.632862091064453,linear,log_km_value
71,log_seq_mol_wt,-0.7145694808547726,11.010565757751465,linear,log_km_value
72,log_seq_mol_wt,0.5516658653176156,10.352237701416016,linear,log_km_value
73,log_seq_mol_wt,-0.8801147159510236,11.096953392028809,linear,log_km_value
74,log_seq_mol_wt,0.2537893708327603,10.509709358215332,linear,log_km_value
75,log_seq_mol_wt,-0.5728619501287995,10.938871383666992,linear,log_km_value
76,log_seq_mol_wt,1.1859577016154987,10.0322847366333,linear,log_km_value
77,log_seq_mol_wt,0.22662948560998478,10.523509979248047,linear,log_km_value
78,log_seq_mol_wt,0.41431015861022125,10.426422119140625,linear,log_km_value
79,log_seq_mol_wt,0.46578335994740844,10.418144226074219,linear,log_km_value
80,log_seq_mol_wt,-0.7305245509643185,11.026021957397461,linear,log_km_value
81,log_seq_mol_wt,-0.7900590906584025,11.055208206176758,linear,log_km_value
82,log_seq_mol_wt,0.03207338206196164,10.628644943237305,linear,log_km_value
83,log_seq_mol_wt,0.3113573709708455,10.479232788085938,linear,log_km_value
84,log_seq_mol_wt,-0.07945238602669535,10.682188987731934,linear,log_km_value
85,log_seq_mol_wt,-0.44908519120810336,10.87839126586914,linear,log_km_value
86,log_seq_mol_wt,0.7649825970515699,10.242412567138672,linear,log_km_value
87,log_seq_mol_wt,-0.465507227675576,10.881373405456543,linear,log_km_value
88,log_seq_mol_wt,-0.3115417630828287,10.8060884475708,linear,log_km_value
89,log_seq_mol_wt,0.012114517768715416,10.634742736816406,linear,log_km_value
90,log_seq_mol_wt,-0.9816928673941819,11.156765937805176,linear,log_km_value
91,log_seq_mol_wt,-0.8028460044608191,11.062714576721191,linear,log_km_value
92,log_seq_mol_wt,-2.6145428716746633,12.006189346313477,linear,log_km_value
93,log_seq_mol_wt,2.4109508825501837,9.38391399383545,linear,log_km_value
94,log_seq_mol_wt,0.7984458022237222,10.226869583129883,linear,log_km_value
95,log_seq_mol_wt,-2.41467434974684,11.904401779174805,linear,log_km_value
96,log_seq_mol_wt,-0.4215733253164731,10.86384105682373,linear,log_km_value
97,log_seq_mol_wt,-0.9326858234339713,11.124246597290039,linear,log_km_value
98,log_seq_mol_wt,-0.9344846125365435,11.133379936218262,linear,log_km_value
99,log_seq_mol_wt,1.6224713454567978,9.798135757446289,linear,log_km_value
0,linear_pI,-0.12607359278888094,7.06573486328125,linear,log_km_value
1,linear_pI,0.18958631248716787,5.298780918121338,linear,log_km_value
2,linear_pI,0.1609195001257801,5.449859142303467,linear,log_km_value
3,linear_pI,-0.2843370652162233,7.934462547302246,linear,log_km_value
4,linear_pI,0.0,6.739933490753174,linear,log_km_value
5,linear_pI,0.1841545327098066,5.270418167114258,linear,log_km_value
6,linear_pI,0.07488111334131192,5.94498348236084,linear,log_km_value
7,linear_pI,-0.20929491116655,7.450875759124756,linear,log_km_value
8,linear_pI,-0.2201034109211545,7.538123607635498,linear,log_km_value
9,linear_pI,-0.22087256427664653,7.6631693840026855,linear,log_km_value
10,linear_pI,0.1693982742506171,5.366362571716309,linear,log_km_value
11,linear_pI,-0.14613089592244374,7.147298812866211,linear,log_km_value
12,linear_pI,-0.4163145282330319,8.650577545166016,linear,log_km_value
13,linear_pI,0.16673183189489094,5.443492889404297,linear,log_km_value
14,linear_pI,0.0,6.326600551605225,linear,log_km_value
15,linear_pI,0.18186979315609744,5.284002780914307,linear,log_km_value
16,linear_pI,0.23324163380518162,5.036071300506592,linear,log_km_value
17,linear_pI,0.19066566574631014,5.198971748352051,linear,log_km_value
18,linear_pI,0.23303547145728495,5.01532506942749,linear,log_km_value
19,linear_pI,-0.1367212879544363,7.153323650360107,linear,log_km_value
20,linear_pI,0.19719212031491679,5.227959632873535,linear,log_km_value
21,linear_pI,0.2217850132077832,5.059147834777832,linear,log_km_value
22,linear_pI,0.14439389405239272,5.490214824676514,linear,log_km_value
23,linear_pI,-0.6366077229038466,9.912095069885254,linear,log_km_value
24,linear_pI,0.0,6.695826530456543,linear,log_km_value
25,linear_pI,0.3008279389915855,4.702028274536133,linear,log_km_value
26,linear_pI,-0.14954361611707787,7.202432632446289,linear,log_km_value
27,linear_pI,0.0,6.292781352996826,linear,log_km_value
28,linear_pI,-0.3459458182543718,8.276016235351562,linear,log_km_value
29,linear_pI,0.13115906032726377,5.543813705444336,linear,log_km_value
30,linear_pI,0.1104148841215434,5.687616348266602,linear,log_km_value
31,linear_pI,0.1632004878173471,5.420984745025635,linear,log_km_value
32,linear_pI,0.2754698614702449,4.8506622314453125,linear,log_km_value
33,linear_pI,0.251188383400184,4.928815841674805,linear,log_km_value
34,linear_pI,0.2305559545946887,5.096945762634277,linear,log_km_value
35,linear_pI,0.0,5.201074600219727,linear,log_km_value
36,linear_pI,0.09505128974599544,5.795383453369141,linear,log_km_value
37,linear_pI,0.1326475176015944,5.53369665145874,linear,log_km_value
38,linear_pI,0.15796857341500892,5.351470947265625,linear,log_km_value
39,linear_pI,-0.3794967178089633,8.480703353881836,linear,log_km_value
40,linear_pI,-0.3304978582258453,8.114522933959961,linear,log_km_value
41,linear_pI,-0.28347762356831707,7.901454925537109,linear,log_km_value
42,linear_pI,0.05208947590206129,6.006085395812988,linear,log_km_value
43,linear_pI,0.0,6.734988689422607,linear,log_km_value
44,linear_pI,0.06867882636436595,5.983747482299805,linear,log_km_value
45,linear_pI,0.1691554829993077,5.315207481384277,linear,log_km_value
46,linear_pI,0.0,6.28255033493042,linear,log_km_value
47,linear_pI,0.1883997499012412,5.207554340362549,linear,log_km_value
48,linear_pI,-0.3793638678433223,8.41720199584961,linear,log_km_value
49,linear_pI,-0.42100927714890896,8.76462173461914,linear,log_km_value
50,linear_pI,0.19597309286103523,5.227959632873535,linear,log_km_value
51,linear_pI,0.19843590184938617,5.230062484741211,linear,log_km_value
52,linear_pI,0.0,6.303125858306885,linear,log_km_value
53,linear_pI,-0.3902890640494782,8.511260986328125,linear,log_km_value
54,linear_pI,-0.22784737953999099,7.614003658294678,linear,log_km_value
55,linear_pI,-0.49168961687508334,9.094635963439941,linear,log_km_value
56,linear_pI,-0.3720532829053573,8.47560977935791,linear,log_km_value
57,linear_pI,0.18122654540817287,5.326916217803955,linear,log_km_value
58,linear_pI,-0.49738936590406985,9.225764274597168,linear,log_km_value
59,linear_pI,-0.03311788915131553,6.514169216156006,linear,log_km_value
60,linear_pI,0.13428524663422298,5.584965229034424,linear,log_km_value
61,linear_pI,-0.2642046956614517,7.81190824508667,linear,log_km_value
62,linear_pI,-0.11581746333791237,6.975531101226807,linear,log_km_value
63,linear_pI,-0.442607319287817,8.813617706298828,linear,log_km_value
64,linear_pI,0.0,5.868591785430908,linear,log_km_value
65,linear_pI,0.0,6.357521057128906,linear,log_km_value
66,linear_pI,0.20551108768042883,5.149465084075928,linear,log_km_value
67,linear_pI,-0.23034737089148005,7.610593318939209,linear,log_km_value
68,linear_pI,0.0,6.351495742797852,linear,log_km_value
69,linear_pI,0.05729901663052152,5.978745937347412,linear,log_km_value
70,linear_pI,0.1888998096336672,5.27689790725708,linear,log_km_value
71,linear_pI,0.25700234649200193,4.823209285736084,linear,log_km_value
72,linear_pI,0.0986560059298699,5.727005958557129,linear,log_km_value
73,linear_pI,0.06247977019587868,5.920883655548096,linear,log_km_value
74,linear_pI,-0.08033677943451611,6.762271404266357,linear,log_km_value
75,linear_pI,0.0,6.6927571296691895,linear,log_km_value
76,linear_pI,-0.5079992061665058,9.252067565917969,linear,log_km_value
77,linear_pI,0.21250516757651827,5.130992412567139,linear,log_km_value
78,linear_pI,0.25972303921612705,4.874876022338867,linear,log_km_value
79,linear_pI,0.0,5.383016586303711,linear,log_km_value
80,linear_pI,0.16827263928278532,5.401886940002441,linear,log_km_value
81,linear_pI,0.2475908635832119,4.935238838195801,linear,log_km_value
82,linear_pI,-0.3951325683023057,8.554519653320312,linear,log_km_value
83,linear_pI,-0.06427020415141133,6.668657302856445,linear,log_km_value
84,linear_pI,0.1345866301558195,5.543813705444336,linear,log_km_value
85,linear_pI,0.09544444910429817,5.794075965881348,linear,log_km_value
86,linear_pI,0.20800767403728104,5.159696102142334,linear,log_km_value
87,linear_pI,0.2566881141468976,4.826619625091553,linear,log_km_value
88,linear_pI,-0.05896513845126307,6.654618263244629,linear,log_km_value
89,linear_pI,0.07709493965686713,5.863874435424805,linear,log_km_value
90,linear_pI,0.12557736685500123,5.636802673339844,linear,log_km_value
91,linear_pI,-0.11509678328052929,6.975531101226807,linear,log_km_value
92,linear_pI,0.0,6.449429512023926,linear,log_km_value
93,linear_pI,0.0,6.380199432373047,linear,log_km_value
94,linear_pI,0.28365626110153147,4.749773025512695,linear,log_km_value
95,linear_pI,-0.08395454985658563,6.791941165924072,linear,log_km_value
96,linear_pI,0.0,6.214229583740234,linear,log_km_value
97,linear_pI,0.06938412046349154,5.874048233032227,linear,log_km_value
98,linear_pI,-0.13922323809589596,7.120357036590576,linear,log_km_value
99,linear_pI,0.2822103207109161,4.759777069091797,linear,log_km_value
0,linear_aromaticity,-0.18532774227781879,0.056179776787757874,linear,log_km_value
1,linear_aromaticity,0.3342697970598933,0.1299559473991394,linear,log_km_value
2,linear_aromaticity,0.0,0.08964451402425766,linear,log_km_value
3,linear_aromaticity,0.02974127388587544,0.08771929889917374,linear,log_km_value
4,linear_aromaticity,-0.07853994519837275,0.0731707289814949,linear,log_km_value
5,linear_aromaticity,0.0,0.07299269735813141,linear,log_km_value
6,linear_aromaticity,0.0,0.08666666597127914,linear,log_km_value
7,linear_aromaticity,-0.13077039516088393,0.06684491783380508,linear,log_km_value
8,linear_aromaticity,0.027304560825993085,0.0882352963089943,linear,log_km_value
9,linear_aromaticity,0.0,0.08781362324953079,linear,log_km_value
10,linear_aromaticity,-0.13594555987528054,0.06557376682758331,linear,log_km_value
11,linear_aromaticity,0.0,0.08143322169780731,linear,log_km_value
12,linear_aromaticity,0.20252203934198257,0.11244980245828629,linear,log_km_value
13,linear_aromaticity,0.0,0.095563143491745,linear,log_km_value
14,linear_aromaticity,-0.11253832645082207,0.06735751032829285,linear,log_km_value
15,linear_aromaticity,-0.38676734253173,0.03076923079788685,linear,log_km_value
16,linear_aromaticity,-0.12821060247722665,0.06617647409439087,linear,log_km_value
17,linear_aromaticity,0.1274237825781057,0.10382513701915741,linear,log_km_value
18,linear_aromaticity,0.05896879726277708,0.0925619825720787,linear,log_km_value
19,linear_aromaticity,0.0,0.09071274101734161,linear,log_km_value
20,linear_aromaticity,0.0,0.08363636583089828,linear,log_km_value
21,linear_aromaticity,-0.19840921918016335,0.057057056576013565,linear,log_km_value
22,linear_aromaticity,0.31703599883602596,0.12857143580913544,linear,log_km_value
23,linear_aromaticity,-0.28879546744830903,0.04194631054997444,linear,log_km_value
24,linear_aromaticity,0.1654889741756546,0.1080000028014183,linear,log_km_value
25,linear_aromaticity,0.26821837419469147,0.11928429454565048,linear,log_km_value
26,linear_aromaticity,0.0,0.08759123831987381,linear,log_km_value
27,linear_aromaticity,0.08915351597884902,0.09803921729326248,linear,log_km_value
28,linear_aromaticity,0.2142927412492992,0.11359026283025742,linear,log_km_value
29,linear_aromaticity,0.039079661010476184,0.09090909361839294,linear,log_km_value
30,linear_aromaticity,0.0,0.08351488411426544,linear,log_km_value
31,linear_aromaticity,0.10246513111007723,0.09809264540672302,linear,log_km_value
32,linear_aromaticity,0.0,0.08187134563922882,linear,log_km_value
33,linear_aromaticity,0.07470301884798292,0.09433962404727936,linear,log_km_value
34,linear_aromaticity,0.0,0.08968609571456909,linear,log_km_value
35,linear_aromaticity,-0.20707142009346663,0.05074626952409744,linear,log_km_value
36,linear_aromaticity,-0.030927458569177002,0.07971014827489853,linear,log_km_value
37,linear_aromaticity,-0.17463566391552116,0.061274509876966476,linear,log_km_value
38,linear_aromaticity,0.0,0.07246376574039459,linear,log_km_value
39,linear_aromaticity,0.1760845548070929,0.10803323984146118,linear,log_km_value
40,linear_aromaticity,0.1263311913158427,0.10315985232591629,linear,log_km_value
41,linear_aromaticity,0.2861533248961208,0.12406015396118164,linear,log_km_value
42,linear_aromaticity,0.0,0.0835443064570427,linear,log_km_value
43,linear_aromaticity,0.20433179661475961,0.11290322244167328,linear,log_km_value
44,linear_aromaticity,0.0,0.0833333358168602,linear,log_km_value
45,linear_aromaticity,0.14971368460387915,0.10629921406507492,linear,log_km_value
46,linear_aromaticity,-0.07136974586961625,0.07382550090551376,linear,log_km_value
47,linear_aromaticity,0.2082783737737641,0.11439114063978195,linear,log_km_value
48,linear_aromaticity,-0.1363428755737859,0.06551723927259445,linear,log_km_value
49,linear_aromaticity,0.0,0.09459459781646729,linear,log_km_value
50,linear_aromaticity,0.0,0.08363636583089828,linear,log_km_value
51,linear_aromaticity,-0.15258969610190953,0.0625,linear,log_km_value
52,linear_aromaticity,0.035803898961164884,0.08896797150373459,linear,log_km_value
53,linear_aromaticity,0.07477456069007266,0.09459459781646729,linear,log_km_value
54,linear_aromaticity,-0.07858927991156728,0.07260274142026901,linear,log_km_value
55,linear_aromaticity,-0.2537979345891112,0.04810996726155281,linear,log_km_value
56,linear_aromaticity,-0.15045916511828225,0.06166219711303711,linear,log_km_value
57,linear_aromaticity,0.2466116154176815,0.11836734414100647,linear,log_km_value
58,linear_aromaticity,0.0,0.095238097012043,linear,log_km_value
59,linear_aromaticity,0.08661444319932782,0.09584664553403854,linear,log_km_value
60,linear_aromaticity,-0.07895195980723452,0.07289719581604004,linear,log_km_value
61,linear_aromaticity,-0.20545939982916225,0.0555555559694767,linear,log_km_value
62,linear_aromaticity,0.0,0.08650518953800201,linear,log_km_value
63,linear_aromaticity,-0.2928758232870063,0.04316546767950058,linear,log_km_value
64,linear_aromaticity,0.23510277774018948,0.11695906519889832,linear,log_km_value
65,linear_aromaticity,0.28265619326877,0.12391930818557739,linear,log_km_value
66,linear_aromaticity,-0.2911773253709486,0.043902438133955,linear,log_km_value
67,linear_aromaticity,0.0,0.08950617164373398,linear,log_km_value
68,linear_aromaticity,0.2608901814704459,0.11974109709262848,linear,log_km_value
69,linear_aromaticity,-0.025679691628815,0.08103448152542114,linear,log_km_value
70,linear_aromaticity,-0.13310992388244286,0.06544502824544907,linear,log_km_value
71,linear_aromaticity,0.15747334250913264,0.10727272927761078,linear,log_km_value
72,linear_aromaticity,-0.18498591979110157,0.05923344939947128,linear,log_km_value
73,linear_aromaticity,-0.08855629158619771,0.07308970391750336,linear,log_km_value
74,linear_aromaticity,0.12684922289850453,0.10216718167066574,linear,log_km_value
75,linear_aromaticity,0.18202998209760254,0.11042945086956024,linear,log_km_value
76,linear_aromaticity,-0.09819883782617422,0.06829268485307693,linear,log_km_value
77,linear_aromaticity,-0.278951659375145,0.045584045350551605,linear,log_km_value
78,linear_aromaticity,-0.10213205823403577,0.06984127312898636,linear,log_km_value
79,linear_aromaticity,0.4405087179875355,0.14141413569450378,linear,log_km_value
80,linear_aromaticity,0.1269795596584582,0.10160427540540695,linear,log_km_value
81,linear_aromaticity,0.07236169008700677,0.09433962404727936,linear,log_km_value
82,linear_aromaticity,0.04124275807137446,0.08923884481191635,linear,log_km_value
83,linear_aromaticity,-0.17486435444752776,0.0602409653365612,linear,log_km_value
84,linear_aromaticity,0.04345541478113579,0.09090909361839294,linear,log_km_value
85,linear_aromaticity,0.0,0.08528784662485123,linear,log_km_value
86,linear_aromaticity,-0.08189790616972648,0.07279693335294724,linear,log_km_value
87,linear_aromaticity,0.0,0.0762711837887764,linear,log_km_value
88,linear_aromaticity,-0.12413783401030994,0.06681514531373978,linear,log_km_value
89,linear_aromaticity,0.19950120426392254,0.11263736337423325,linear,log_km_value
90,linear_aromaticity,0.0,0.09003215283155441,linear,log_km_value
91,linear_aromaticity,0.0,0.08650518953800201,linear,log_km_value
92,linear_aromaticity,-0.06065231146893453,0.07620321214199066,linear,log_km_value
93,linear_aromaticity,0.5916829963640494,0.1666666716337204,linear,log_km_value
94,linear_aromaticity,0.0,0.08527132123708725,linear,log_km_value
95,linear_aromaticity,-0.05734564803861919,0.07623318582773209,linear,log_km_value
96,linear_aromaticity,-0.27453292217641423,0.04554865509271622,linear,log_km_value
97,linear_aromaticity,0.16844290532025638,0.10912051796913147,linear,log_km_value
98,linear_aromaticity,0.3633515468972102,0.1345514953136444,linear,log_km_value
99,linear_aromaticity,0.0,0.09433962404727936,linear,log_km_value
0,linear_instability_index,-0.0726516996745099,40.4730339050293,linear,log_km_value
1,linear_instability_index,-0.12385621831164235,41.72361373901367,linear,log_km_value
2,linear_instability_index,0.3963662575678131,20.743894577026367,linear,log_km_value
3,linear_instability_index,0.17870258614540416,29.556184768676758,linear,log_km_value
4,linear_instability_index,0.29866750257776714,24.43170738220215,linear,log_km_value
5,linear_instability_index,-0.2277644913937712,45.554378509521484,linear,log_km_value
6,linear_instability_index,0.24840662151003148,26.795555114746094,linear,log_km_value
7,linear_instability_index,0.14122984823898724,30.498929977416992,linear,log_km_value
8,linear_instability_index,0.1576939766644572,30.132827758789062,linear,log_km_value
9,linear_instability_index,0.0,30.215232849121094,linear,log_km_value
10,linear_instability_index,0.1901503669454784,28.77985954284668,linear,log_km_value
11,linear_instability_index,0.05919265863509135,34.23029327392578,linear,log_km_value
12,linear_instability_index,0.0,36.15943908691406,linear,log_km_value
13,linear_instability_index,0.40881096000442185,20.389760971069336,linear,log_km_value
14,linear_instability_index,0.23480877530246347,27.34922218322754,linear,log_km_value
15,linear_instability_index,-0.8681858730197688,71.22307586669922,linear,log_km_value
16,linear_instability_index,0.0,41.17647171020508,linear,log_km_value
17,linear_instability_index,0.22169534673389676,26.987977981567383,linear,log_km_value
18,linear_instability_index,0.1447602095264493,30.645967483520508,linear,log_km_value
19,linear_instability_index,-0.2840870308168809,48.34492492675781,linear,log_km_value
20,linear_instability_index,0.4599045923053687,18.041454315185547,linear,log_km_value
21,linear_instability_index,0.3037223333643703,24.145376205444336,linear,log_km_value
22,linear_instability_index,0.0,40.72292709350586,linear,log_km_value
23,linear_instability_index,-0.48870697969549404,56.4294548034668,linear,log_km_value
24,linear_instability_index,-0.11049449372544773,40.58243942260742,linear,log_km_value
25,linear_instability_index,0.0,30.82608413696289,linear,log_km_value
26,linear_instability_index,-0.17820489444251322,43.99197006225586,linear,log_km_value
27,linear_instability_index,-0.15181542521522842,42.32263946533203,linear,log_km_value
28,linear_instability_index,0.0,33.6529426574707,linear,log_km_value
29,linear_instability_index,0.16625768187454354,29.49570655822754,linear,log_km_value
30,linear_instability_index,0.0,39.311256408691406,linear,log_km_value
31,linear_instability_index,-0.3022504866123189,48.76811981201172,linear,log_km_value
32,linear_instability_index,-0.477887146828276,56.306434631347656,linear,log_km_value
33,linear_instability_index,0.0,37.88867950439453,linear,log_km_value
34,linear_instability_index,0.26036382097860306,26.4313907623291,linear,log_km_value
35,linear_instability_index,0.336702389896859,24.543283462524414,linear,log_km_value
36,linear_instability_index,0.0,36.16545867919922,linear,log_km_value
37,linear_instability_index,0.2763806697665088,25.085784912109375,linear,log_km_value
38,linear_instability_index,0.0711392685834299,33.18937301635742,linear,log_km_value
39,linear_instability_index,-0.06500218725334082,39.30194091796875,linear,log_km_value
40,linear_instability_index,-0.17531808236932536,43.170101165771484,linear,log_km_value
41,linear_instability_index,0.05681839059136351,34.2353401184082,linear,log_km_value
42,linear_instability_index,0.23576928964356247,26.821290969848633,linear,log_km_value
43,linear_instability_index,0.10384397130138177,32.27096939086914,linear,log_km_value
44,linear_instability_index,0.07238681969939345,33.936622619628906,linear,log_km_value
45,linear_instability_index,-0.3735525344696512,50.93901443481445,linear,log_km_value
46,linear_instability_index,-0.2192336853767345,45.46780776977539,linear,log_km_value
47,linear_instability_index,0.09274209402583028,32.34833908081055,linear,log_km_value
48,linear_instability_index,-0.3461896745428629,50.29576873779297,linear,log_km_value
49,linear_instability_index,-0.16718049957839082,43.838287353515625,linear,log_km_value
50,linear_instability_index,0.4602687655669118,18.041454315185547,linear,log_km_value
51,linear_instability_index,0.0,36.25592041015625,linear,log_km_value
52,linear_instability_index,0.09820165254260568,32.6473503112793,linear,log_km_value
53,linear_instability_index,-0.2359887813098827,46.05450439453125,linear,log_km_value
54,linear_instability_index,-0.045889444269388395,38.49864196777344,linear,log_km_value
55,linear_instability_index,0.3707876616757377,21.893470764160156,linear,log_km_value
56,linear_instability_index,0.17528021836233387,29.977210998535156,linear,log_km_value
57,linear_instability_index,-0.08052045359355837,39.8644905090332,linear,log_km_value
58,linear_instability_index,-0.13844751725204363,43.14975357055664,linear,log_km_value
59,linear_instability_index,-0.26504487842206687,47.2415657043457,linear,log_km_value
60,linear_instability_index,0.20812610771391327,28.26448631286621,linear,log_km_value
61,linear_instability_index,0.0,33.99927520751953,linear,log_km_value
62,linear_instability_index,0.0,37.77802658081055,linear,log_km_value
63,linear_instability_index,-0.31236037396824506,49.12841796875,linear,log_km_value
64,linear_instability_index,-0.3433006711379991,50.57514572143555,linear,log_km_value
65,linear_instability_index,0.05628505957037433,34.1793098449707,linear,log_km_value
66,linear_instability_index,0.09583491759092744,32.57682800292969,linear,log_km_value
67,linear_instability_index,0.3532978988567293,22.448488235473633,linear,log_km_value
68,linear_instability_index,-0.26330804015389525,47.34210205078125,linear,log_km_value
69,linear_instability_index,-0.07027388051836954,39.192256927490234,linear,log_km_value
70,linear_instability_index,0.07559145889832357,33.54400634765625,linear,log_km_value
71,linear_instability_index,0.0,38.735145568847656,linear,log_km_value
72,linear_instability_index,0.11389531954506864,31.679443359375,linear,log_km_value
73,linear_instability_index,0.2898806242031361,24.524917602539062,linear,log_km_value
74,linear_instability_index,0.0,36.70687484741211,linear,log_km_value
75,linear_instability_index,-0.09366511195845714,40.049713134765625,linear,log_km_value
76,linear_instability_index,-0.5025650719536621,57.29707336425781,linear,log_km_value
77,linear_instability_index,0.0,34.78888702392578,linear,log_km_value
78,linear_instability_index,0.057309945416573436,34.24253845214844,linear,log_km_value
79,linear_instability_index,0.27589911150767177,26.673736572265625,linear,log_km_value
80,linear_instability_index,0.2694579868736441,25.816452026367188,linear,log_km_value
81,linear_instability_index,0.17774919650475948,29.386295318603516,linear,log_km_value
82,linear_instability_index,0.06479489491625254,34.13729476928711,linear,log_km_value
83,linear_instability_index,0.3586414454093166,22.016265869140625,linear,log_km_value
84,linear_instability_index,0.1720695724799339,29.49570655822754,linear,log_km_value
85,linear_instability_index,-0.31731979564238,49.28059768676758,linear,log_km_value
86,linear_instability_index,0.20487995093942493,28.227203369140625,linear,log_km_value
87,linear_instability_index,-0.40037025074884786,52.226505279541016,linear,log_km_value
88,linear_instability_index,0.0,36.974185943603516,linear,log_km_value
89,linear_instability_index,0.029141260061509692,35.23027420043945,linear,log_km_value
90,linear_instability_index,-0.10761076959457667,40.87767028808594,linear,log_km_value
91,linear_instability_index,0.0,37.77802658081055,linear,log_km_value
92,linear_instability_index,0.07009078817184024,33.57646942138672,linear,log_km_value
93,linear_instability_index,-0.36955472290942387,51.38637161254883,linear,log_km_value
94,linear_instability_index,0.03419013634174889,35.220970153808594,linear,log_km_value
95,linear_instability_index,-0.16730999582344247,43.26369857788086,linear,log_km_value
96,linear_instability_index,0.0673576785054314,33.91324996948242,linear,log_km_value
97,linear_instability_index,-0.15692191608655934,42.40099334716797,linear,log_km_value
98,linear_instability_index,0.0,37.09735870361328,linear,log_km_value
99,linear_instability_index,-0.0978632950516464,40.579246520996094,linear,log_km_value
0,linear_pH_value,-0.16521806894705993,8.0,xgb,log_kcat_value
1,linear_pH_value,0.21770404890732545,7.0,xgb,log_kcat_value
2,linear_pH_value,-0.21857984841143274,7.5,xgb,log_kcat_value
3,linear_pH_value,0.0,7.5,xgb,log_kcat_value
4,linear_pH_value,0.25887326040304676,7.0,xgb,log_kcat_value
5,linear_pH_value,0.3516677705198297,6.5,xgb,log_kcat_value
6,linear_pH_value,0.40033064826945913,8.0,xgb,log_kcat_value
7,linear_pH_value,-0.4124212509901333,7.5,xgb,log_kcat_value
8,linear_pH_value,-0.2948148846460667,7.4,xgb,log_kcat_value
9,linear_pH_value,0.06954218354703913,9.5,xgb,log_kcat_value
10,linear_pH_value,-0.4379412170249417,7.8,xgb,log_kcat_value
11,linear_pH_value,0.0,7.0,xgb,log_kcat_value
12,linear_pH_value,-0.3470296900683389,7.5,xgb,log_kcat_value
13,linear_pH_value,-0.3865905439516321,7.5,xgb,log_kcat_value
14,linear_pH_value,-0.0914131126293473,8.0,xgb,log_kcat_value
15,linear_pH_value,0.5242864785584797,7.3,xgb,log_kcat_value
16,linear_pH_value,-0.5309319637680456,9.0,xgb,log_kcat_value
17,linear_pH_value,0.15035565832473077,7.3,xgb,log_kcat_value
18,linear_pH_value,0.0,7.0,xgb,log_kcat_value
19,linear_pH_value,0.1838620890583452,7.0,xgb,log_kcat_value
20,linear_pH_value,0.42019327035885445,7.0,xgb,log_kcat_value
21,linear_pH_value,0.5794930102696844,7.2,xgb,log_kcat_value
22,linear_pH_value,0.5852195831462951,4.5,xgb,log_kcat_value
23,linear_pH_value,0.0,6.0,xgb,log_kcat_value
24,linear_pH_value,-0.3882165243326421,7.5,xgb,log_kcat_value
25,linear_pH_value,-0.17129029607952062,8.0,xgb,log_kcat_value
26,linear_pH_value,0.3524868081457498,7.0,xgb,log_kcat_value
27,linear_pH_value,0.0,8.0,xgb,log_kcat_value
28,linear_pH_value,-0.331804800279217,7.4,xgb,log_kcat_value
29,linear_pH_value,0.08179002930534,8.0,xgb,log_kcat_value
30,linear_pH_value,0.0,5.75,xgb,log_kcat_value
31,linear_pH_value,-0.1538527549711004,7.0,xgb,log_kcat_value
32,linear_pH_value,-0.07701761323710342,9.25,xgb,log_kcat_value
33,linear_pH_value,-0.08286095909425817,7.0,xgb,log_kcat_value
34,linear_pH_value,0.12825731827665698,7.0,xgb,log_kcat_value
35,linear_pH_value,0.27110952243076036,9.2,xgb,log_kcat_value
36,linear_pH_value,-0.12342567481954102,7.5,xgb,log_kcat_value
37,linear_pH_value,-0.24831000995523692,7.5,xgb,log_kcat_value
38,linear_pH_value,-0.25489360742842854,8.0,xgb,log_kcat_value
39,linear_pH_value,0.0,7.0,xgb,log_kcat_value
40,linear_pH_value,-0.49158643133818675,7.4,xgb,log_kcat_value
41,linear_pH_value,-0.6228804806286381,7.4,xgb,log_kcat_value
42,linear_pH_value,0.3328236517492485,8.5,xgb,log_kcat_value
43,linear_pH_value,-0.16769999671982025,7.0,xgb,log_kcat_value
44,linear_pH_value,0.3263862353849597,6.7,xgb,log_kcat_value
45,linear_pH_value,0.23476927843694317,8.0,xgb,log_kcat_value
46,linear_pH_value,0.16218968150841762,8.0,xgb,log_kcat_value
47,linear_pH_value,-0.27767328265681707,8.5,xgb,log_kcat_value
48,linear_pH_value,-0.20008539188030314,7.5,xgb,log_kcat_value
49,linear_pH_value,0.0,8.0,xgb,log_kcat_value
50,linear_pH_value,0.5144462081361506,7.0,xgb,log_kcat_value
51,linear_pH_value,-0.31784341462336757,7.5,xgb,log_kcat_value
52,linear_pH_value,0.04279467444336867,7.4,xgb,log_kcat_value
53,linear_pH_value,-0.19792323753035998,7.4,xgb,log_kcat_value
54,linear_pH_value,-0.2407627857520304,7.8,xgb,log_kcat_value
55,linear_pH_value,0.17758315136005662,7.0,xgb,log_kcat_value
56,linear_pH_value,0.217840080894952,10.0,xgb,log_kcat_value
57,linear_pH_value,-0.3236515196013173,7.1,xgb,log_kcat_value
58,linear_pH_value,0.6606412116365742,6.0,xgb,log_kcat_value
59,linear_pH_value,-0.36203312907737145,7.4,xgb,log_kcat_value
60,linear_pH_value,-0.0853491753155739,8.0,xgb,log_kcat_value
61,linear_pH_value,-0.21736824754357026,8.0,xgb,log_kcat_value
62,linear_pH_value,-0.312422865179983,9.5,xgb,log_kcat_value
63,linear_pH_value,0.9608696618939608,6.0,xgb,log_kcat_value
64,linear_pH_value,1.2587751827645914,5.5,xgb,log_kcat_value
65,linear_pH_value,0.16528129962119203,8.0,xgb,log_kcat_value
66,linear_pH_value,-0.14103142778302677,7.4,xgb,log_kcat_value
67,linear_pH_value,-0.05773361042316304,6.5,xgb,log_kcat_value
68,linear_pH_value,-0.5505307580941903,7.0,xgb,log_kcat_value
69,linear_pH_value,0.17540800319807215,7.4,xgb,log_kcat_value
70,linear_pH_value,-0.2262028347406013,7.5,xgb,log_kcat_value
71,linear_pH_value,-0.46088771624721947,7.6,xgb,log_kcat_value
72,linear_pH_value,-0.2637731324345862,7.4,xgb,log_kcat_value
73,linear_pH_value,-0.2131265750035935,8.0,xgb,log_kcat_value
74,linear_pH_value,-0.5672197247661946,7.4,xgb,log_kcat_value
75,linear_pH_value,0.2880648443312836,8.0,xgb,log_kcat_value
76,linear_pH_value,-0.2789391691852109,7.5,xgb,log_kcat_value
77,linear_pH_value,0.5689100683022319,6.5,xgb,log_kcat_value
78,linear_pH_value,-0.4504047116130599,7.5,xgb,log_kcat_value
79,linear_pH_value,0.2529672510277832,6.1,xgb,log_kcat_value
80,linear_pH_value,-0.46392257923203895,7.5,xgb,log_kcat_value
81,linear_pH_value,0.22496431924617477,6.0,xgb,log_kcat_value
82,linear_pH_value,0.17609107563882256,7.0,xgb,log_kcat_value
83,linear_pH_value,-0.29125213561868335,7.5,xgb,log_kcat_value
84,linear_pH_value,0.34183991485376414,8.0,xgb,log_kcat_value
85,linear_pH_value,-0.5799950702896178,7.5,xgb,log_kcat_value
86,linear_pH_value,0.12103673620876787,8.0,xgb,log_kcat_value
87,linear_pH_value,-0.15359688031359725,8.0,xgb,log_kcat_value
88,linear_pH_value,-0.10682238352292033,8.0,xgb,log_kcat_value
89,linear_pH_value,-0.34984035816422443,7.5,xgb,log_kcat_value
90,linear_pH_value,-0.3759157166845088,7.4,xgb,log_kcat_value
91,linear_pH_value,-0.30500572246469476,9.5,xgb,log_kcat_value
92,linear_pH_value,-0.4080352810510653,7.6,xgb,log_kcat_value
93,linear_pH_value,-0.5448563985255763,7.2,xgb,log_kcat_value
94,linear_pH_value,-0.16697521365121393,7.4,xgb,log_kcat_value
95,linear_pH_value,-0.4762038745603661,7.4,xgb,log_kcat_value
96,linear_pH_value,0.0,7.5,xgb,log_kcat_value
97,linear_pH_value,-0.5447517829585747,7.4,xgb,log_kcat_value
98,linear_pH_value,0.4211882369768017,7.2,xgb,log_kcat_value
99,linear_pH_value,0.0,7.8,xgb,log_kcat_value
0,linear_temperature_value,0.0,25.0,xgb,log_kcat_value
1,linear_temperature_value,0.07530983400676534,25.0,xgb,log_kcat_value
2,linear_temperature_value,0.17855294272134367,37.0,xgb,log_kcat_value
3,linear_temperature_value,0.09319794503708875,30.0,xgb,log_kcat_value
4,linear_temperature_value,0.08811053033832635,30.0,xgb,log_kcat_value
5,linear_temperature_value,-0.15743782222504182,35.0,xgb,log_kcat_value
6,linear_temperature_value,1.0235413795795933,45.0,xgb,log_kcat_value
7,linear_temperature_value,0.0,25.0,xgb,log_kcat_value
8,linear_temperature_value,0.1035600603657463,25.0,xgb,log_kcat_value
9,linear_temperature_value,0.17873339022571197,25.0,xgb,log_kcat_value
10,linear_temperature_value,0.04224852535767065,25.0,xgb,log_kcat_value
11,linear_temperature_value,-0.29899781650368834,22.0,xgb,log_kcat_value
12,linear_temperature_value,0.0,37.0,xgb,log_kcat_value
13,linear_temperature_value,-1.080599733907444,24.0,xgb,log_kcat_value
14,linear_temperature_value,0.0,25.0,xgb,log_kcat_value
15,linear_temperature_value,0.8303427299381216,24.0,xgb,log_kcat_value
16,linear_temperature_value,-0.08079957535107773,24.0,xgb,log_kcat_value
17,linear_temperature_value,-0.29895723864698026,37.0,xgb,log_kcat_value
18,linear_temperature_value,-0.12465463076282195,23.0,xgb,log_kcat_value
19,linear_temperature_value,0.0,30.0,xgb,log_kcat_value
20,linear_temperature_value,-0.42840929146416706,37.0,xgb,log_kcat_value
21,linear_temperature_value,0.40675006375534695,23.0,xgb,log_kcat_value
22,linear_temperature_value,-0.32082673836552794,37.0,xgb,log_kcat_value
23,linear_temperature_value,-0.19689393783625464,30.0,xgb,log_kcat_value
24,linear_temperature_value,0.0,25.0,xgb,log_kcat_value
25,linear_temperature_value,-0.29762936455815725,37.0,xgb,log_kcat_value
26,linear_temperature_value,0.26422644229910613,25.0,xgb,log_kcat_value
27,linear_temperature_value,-0.9882478252331028,37.0,xgb,log_kcat_value
28,linear_temperature_value,0.0,24.0,xgb,log_kcat_value
29,linear_temperature_value,-0.6138566114718487,37.0,xgb,log_kcat_value
30,linear_temperature_value,-0.3042848272196258,37.0,xgb,log_kcat_value
31,linear_temperature_value,-0.621812091504193,37.0,xgb,log_kcat_value
32,linear_temperature_value,-0.6391720707961681,37.0,xgb,log_kcat_value
33,linear_temperature_value,0.11471247490307078,15.0,xgb,log_kcat_value
34,linear_temperature_value,0.0,25.0,xgb,log_kcat_value
35,linear_temperature_value,0.10835027880391894,25.0,xgb,log_kcat_value
36,linear_temperature_value,-0.6130516229339292,36.85000000000002,xgb,log_kcat_value
37,linear_temperature_value,0.17497581034407572,37.0,xgb,log_kcat_value
38,linear_temperature_value,-0.5240848570608536,37.0,xgb,log_kcat_value
39,linear_temperature_value,-0.039761450982838314,30.0,xgb,log_kcat_value
40,linear_temperature_value,0.0,30.0,xgb,log_kcat_value
41,linear_temperature_value,-0.6288245143428421,37.0,xgb,log_kcat_value
42,linear_temperature_value,0.11972197467166719,25.0,xgb,log_kcat_value
43,linear_temperature_value,0.0,28.0,xgb,log_kcat_value
44,linear_temperature_value,-0.2139699317451998,22.0,xgb,log_kcat_value
45,linear_temperature_value,0.0,30.0,xgb,log_kcat_value
46,linear_temperature_value,0.0,30.0,xgb,log_kcat_value
47,linear_temperature_value,-0.308252968358374,35.0,xgb,log_kcat_value
48,linear_temperature_value,-0.45119057170872184,37.0,xgb,log_kcat_value
49,linear_temperature_value,0.25050989474221347,25.0,xgb,log_kcat_value
50,linear_temperature_value,-0.4061063167984308,37.0,xgb,log_kcat_value
51,linear_temperature_value,-0.12860246278689128,32.0,xgb,log_kcat_value
52,linear_temperature_value,0.16148970520437467,25.0,xgb,log_kcat_value
53,linear_temperature_value,0.0,30.0,xgb,log_kcat_value
54,linear_temperature_value,-0.3407994237405425,32.0,xgb,log_kcat_value
55,linear_temperature_value,0.2207575696226152,25.0,xgb,log_kcat_value
56,linear_temperature_value,0.24619868594099537,25.0,xgb,log_kcat_value
57,linear_temperature_value,-0.20612425719093885,30.0,xgb,log_kcat_value
58,linear_temperature_value,1.2160649947827689,55.0,xgb,log_kcat_value
59,linear_temperature_value,0.19722126980063392,25.0,xgb,log_kcat_value
60,linear_temperature_value,0.0,30.0,xgb,log_kcat_value
61,linear_temperature_value,-0.2899714191890083,37.0,xgb,log_kcat_value
62,linear_temperature_value,0.06699850240743979,30.0,xgb,log_kcat_value
63,linear_temperature_value,-0.25119043949076914,37.0,xgb,log_kcat_value
64,linear_temperature_value,0.40075333500673704,20.0,xgb,log_kcat_value
65,linear_temperature_value,0.0,30.0,xgb,log_kcat_value
66,linear_temperature_value,-0.04878385482271649,22.5,xgb,log_kcat_value
67,linear_temperature_value,-0.2721181086894555,30.0,xgb,log_kcat_value
68,linear_temperature_value,-1.0058941796431202,37.0,xgb,log_kcat_value
69,linear_temperature_value,0.12808712012586612,30.0,xgb,log_kcat_value
70,linear_temperature_value,-0.3775184161057482,37.0,xgb,log_kcat_value
71,linear_temperature_value,0.10352582059905695,25.0,xgb,log_kcat_value
72,linear_temperature_value,-0.052166888905778974,20.0,xgb,log_kcat_value
73,linear_temperature_value,0.09761507276907375,30.0,xgb,log_kcat_value
74,linear_temperature_value,0.0,25.0,xgb,log_kcat_value
75,linear_temperature_value,0.23451428131092994,25.0,xgb,log_kcat_value
76,linear_temperature_value,0.25678716903110843,25.0,xgb,log_kcat_value
77,linear_temperature_value,1.5273156737640106,55.0,xgb,log_kcat_value
78,linear_temperature_value,0.0,30.0,xgb,log_kcat_value
79,linear_temperature_value,-0.2781730246861664,37.0,xgb,log_kcat_value
80,linear_temperature_value,0.0,25.0,xgb,log_kcat_value
81,linear_temperature_value,0.12382650331984231,40.0,xgb,log_kcat_value
82,linear_temperature_value,0.0,20.0,xgb,log_kcat_value
83,linear_temperature_value,-0.13836385727892556,37.0,xgb,log_kcat_value
84,linear_temperature_value,0.25041961325880124,25.0,xgb,log_kcat_value
85,linear_temperature_value,0.6836645512129733,70.0,xgb,log_kcat_value
86,linear_temperature_value,0.3228719407104904,25.0,xgb,log_kcat_value
87,linear_temperature_value,-0.32683250166878186,37.0,xgb,log_kcat_value
88,linear_temperature_value,0.0,25.0,xgb,log_kcat_value
89,linear_temperature_value,0.0,37.0,xgb,log_kcat_value
90,linear_temperature_value,-0.3727000346062485,37.0,xgb,log_kcat_value
91,linear_temperature_value,0.07270001733681986,30.0,xgb,log_kcat_value
92,linear_temperature_value,-0.1663058565185755,37.0,xgb,log_kcat_value
93,linear_temperature_value,-0.9807334153637906,37.0,xgb,log_kcat_value
94,linear_temperature_value,0.06517426167341409,30.0,xgb,log_kcat_value
95,linear_temperature_value,-0.2973475644386232,37.0,xgb,log_kcat_value
96,linear_temperature_value,0.18343821515057368,37.0,xgb,log_kcat_value
97,linear_temperature_value,-0.2561280063402486,37.0,xgb,log_kcat_value
98,linear_temperature_value,0.31214744558408003,25.0,xgb,log_kcat_value
99,linear_temperature_value,0.08505077019649229,15.0,xgb,log_kcat_value
0,log_mol_wt,0.0,6.731916427612305,xgb,log_kcat_value
1,log_mol_wt,0.0,5.707943916320801,xgb,log_kcat_value
2,log_mol_wt,0.0,6.190985202789307,xgb,log_kcat_value
3,log_mol_wt,0.10946067132790523,5.8562517166137695,xgb,log_kcat_value
4,log_mol_wt,0.298535644455822,6.500457286834717,xgb,log_kcat_value
5,log_mol_wt,-0.19248436440725844,5.329045295715332,xgb,log_kcat_value
6,log_mol_wt,0.0,6.069307327270508,xgb,log_kcat_value
7,log_mol_wt,0.08627400820320541,3.785393476486206,xgb,log_kcat_value
8,log_mol_wt,-0.16975258768226575,4.891123294830322,xgb,log_kcat_value
9,log_mol_wt,0.02426288655250408,6.498941421508789,xgb,log_kcat_value
10,log_mol_wt,0.0986092656036605,5.124207973480225,xgb,log_kcat_value
11,log_mol_wt,-0.038030988164954316,5.849969863891602,xgb,log_kcat_value
12,log_mol_wt,-0.14371388204451274,5.5057053565979,xgb,log_kcat_value
13,log_mol_wt,0.0,6.540703773498535,xgb,log_kcat_value
14,log_mol_wt,0.055312304749101815,5.821132659912109,xgb,log_kcat_value
15,log_mol_wt,-0.37326258122127265,4.728201866149902,xgb,log_kcat_value
16,log_mol_wt,-0.23589403601028525,4.710214614868164,xgb,log_kcat_value
17,log_mol_wt,-0.09264767514661065,4.805061340332031,xgb,log_kcat_value
18,log_mol_wt,0.0,5.193823337554932,xgb,log_kcat_value
19,log_mol_wt,0.44534980953410225,7.222805500030518,xgb,log_kcat_value
20,log_mol_wt,-0.07286240588659965,5.018080711364746,xgb,log_kcat_value
21,log_mol_wt,0.0,4.941864013671875,xgb,log_kcat_value
22,log_mol_wt,0.13717137078540517,6.014785289764404,xgb,log_kcat_value
23,log_mol_wt,0.0,6.180339813232422,xgb,log_kcat_value
24,log_mol_wt,0.40317592622864157,6.533179759979248,xgb,log_kcat_value
25,log_mol_wt,0.0,6.898574352264404,xgb,log_kcat_value
26,log_mol_wt,0.27015178052022154,6.500457286834717,xgb,log_kcat_value
27,log_mol_wt,-0.1414286935683083,6.263158321380615,xgb,log_kcat_value
28,log_mol_wt,0.13059204258237922,5.133248329162598,xgb,log_kcat_value
29,log_mol_wt,-0.046877745250296865,5.1071085929870605,xgb,log_kcat_value
30,log_mol_wt,0.1336605597575608,6.504038333892822,xgb,log_kcat_value
31,log_mol_wt,0.0,3.4974162578582764,xgb,log_kcat_value
32,log_mol_wt,-0.030345934561064603,6.267428398132324,xgb,log_kcat_value
33,log_mol_wt,0.2668680705918927,6.613954544067383,xgb,log_kcat_value
34,log_mol_wt,-0.17435405911286944,6.613954544067383,xgb,log_kcat_value
35,log_mol_wt,0.02485834023574407,6.498941421508789,xgb,log_kcat_value
36,log_mol_wt,-0.20481296434027899,5.2737531661987305,xgb,log_kcat_value
37,log_mol_wt,0.08242096914244335,6.259927749633789,xgb,log_kcat_value
38,log_mol_wt,0.0,6.326718330383301,xgb,log_kcat_value
39,log_mol_wt,0.0,4.022580146789551,xgb,log_kcat_value
40,log_mol_wt,0.3932776648309084,4.076401233673096,xgb,log_kcat_value
41,log_mol_wt,-0.07964069847602297,5.830177307128906,xgb,log_kcat_value
42,log_mol_wt,0.0,5.40387487411499,xgb,log_kcat_value
43,log_mol_wt,0.33657411227251754,6.613954544067383,xgb,log_kcat_value
44,log_mol_wt,0.0,6.259927749633789,xgb,log_kcat_value
45,log_mol_wt,-0.04255150510449898,4.85970401763916,xgb,log_kcat_value
46,log_mol_wt,-0.15616367534513081,5.656826972961426,xgb,log_kcat_value
47,log_mol_wt,0.0,4.853708744049072,xgb,log_kcat_value
48,log_mol_wt,0.14933340120290683,4.837193965911865,xgb,log_kcat_value
49,log_mol_wt,0.0,5.311001777648926,xgb,log_kcat_value
50,log_mol_wt,-0.09580152321563713,4.673874855041504,xgb,log_kcat_value
51,log_mol_wt,0.0,5.588165760040283,xgb,log_kcat_value
52,log_mol_wt,0.0,5.5612006187438965,xgb,log_kcat_value
53,log_mol_wt,-0.061396340270745565,5.624988079071045,xgb,log_kcat_value
54,log_mol_wt,-0.01933754892635023,5.136133670806885,xgb,log_kcat_value
55,log_mol_wt,0.4395394370984083,5.8562517166137695,xgb,log_kcat_value
56,log_mol_wt,0.07014109443455221,6.612601280212402,xgb,log_kcat_value
57,log_mol_wt,0.0,5.5612006187438965,xgb,log_kcat_value
58,log_mol_wt,0.0,4.837162494659424,xgb,log_kcat_value
59,log_mol_wt,-0.15899118818085578,5.730693817138672,xgb,log_kcat_value
60,log_mol_wt,-0.39939943503945974,4.9846062660217285,xgb,log_kcat_value
61,log_mol_wt,0.0,4.6256489753723145,xgb,log_kcat_value
62,log_mol_wt,0.0,6.498941421508789,xgb,log_kcat_value
63,log_mol_wt,0.0,5.210633277893066,xgb,log_kcat_value
64,log_mol_wt,0.0,5.41232442855835,xgb,log_kcat_value
65,log_mol_wt,0.0,4.489692211151123,xgb,log_kcat_value
66,log_mol_wt,0.0,6.500457286834717,xgb,log_kcat_value
67,log_mol_wt,-0.13323826677111636,7.462864875793457,xgb,log_kcat_value
68,log_mol_wt,0.0,6.6965131759643555,xgb,log_kcat_value
69,log_mol_wt,0.09933917513046858,4.883339881896973,xgb,log_kcat_value
70,log_mol_wt,0.12887046469609684,5.1883463859558105,xgb,log_kcat_value
71,log_mol_wt,-0.04682433160454795,5.407664775848389,xgb,log_kcat_value
72,log_mol_wt,0.0,5.591841220855713,xgb,log_kcat_value
73,log_mol_wt,0.0,4.754210472106934,xgb,log_kcat_value
74,log_mol_wt,-0.19216877927479042,5.678338050842285,xgb,log_kcat_value
75,log_mol_wt,0.12168285029257986,5.5612006187438965,xgb,log_kcat_value
76,log_mol_wt,0.26326175242933825,6.500457286834717,xgb,log_kcat_value
77,log_mol_wt,0.0,4.501164436340332,xgb,log_kcat_value
78,log_mol_wt,-0.30360752820334913,5.421349048614502,xgb,log_kcat_value
79,log_mol_wt,-0.10133576609559336,6.788968563079834,xgb,log_kcat_value
80,log_mol_wt,0.0,5.957556247711182,xgb,log_kcat_value
81,log_mol_wt,0.026624583902902454,5.193823337554932,xgb,log_kcat_value
82,log_mol_wt,0.20661999605730294,6.029299736022949,xgb,log_kcat_value
83,log_mol_wt,-0.2853128376070295,4.9846062660217285,xgb,log_kcat_value
84,log_mol_wt,0.03427120297789932,4.891123294830322,xgb,log_kcat_value
85,log_mol_wt,0.0,6.498941421508789,xgb,log_kcat_value
86,log_mol_wt,0.31478233254377164,5.193823337554932,xgb,log_kcat_value
87,log_mol_wt,-0.21282776038170226,6.228869915008545,xgb,log_kcat_value
88,log_mol_wt,-0.3671827102303633,4.948894500732422,xgb,log_kcat_value
89,log_mol_wt,0.2035796940271441,5.252765655517578,xgb,log_kcat_value
90,log_mol_wt,0.09727397199207496,6.180093288421631,xgb,log_kcat_value
91,log_mol_wt,0.0,6.498941421508789,xgb,log_kcat_value
92,log_mol_wt,-0.10624060612135583,6.228869915008545,xgb,log_kcat_value
93,log_mol_wt,-0.30645177476101515,4.991316795349121,xgb,log_kcat_value
94,log_mol_wt,0.03986470026486555,5.913881301879883,xgb,log_kcat_value
95,log_mol_wt,-0.16207706991813028,5.681434631347656,xgb,log_kcat_value
96,log_mol_wt,0.31499859631747545,6.0572590827941895,xgb,log_kcat_value
97,log_mol_wt,-0.12677416403824548,4.9423136711120605,xgb,log_kcat_value
98,log_mol_wt,0.0,5.714913845062256,xgb,log_kcat_value
99,log_mol_wt,0.17131842054806173,6.094517230987549,xgb,log_kcat_value
0,linear_log_p,-0.7389586411853674,1.738700032234192,xgb,log_kcat_value
1,linear_log_p,0.17517968895136146,-1.2265000343322754,xgb,log_kcat_value
2,linear_log_p,-0.15000323371142585,-2.2304999828338623,xgb,log_kcat_value
3,linear_log_p,0.6996290418409089,0.3181000053882599,xgb,log_kcat_value
4,linear_log_p,0.06745792866226696,-2.6863999366760254,xgb,log_kcat_value
5,linear_log_p,-0.5665379121332959,1.7513999938964844,xgb,log_kcat_value
6,linear_log_p,0.442076763364658,0.04989999905228615,xgb,log_kcat_value
7,linear_log_p,-0.20851491450515683,0.20520000159740448,xgb,log_kcat_value
8,linear_log_p,0.0,-1.1269999742507935,xgb,log_kcat_value
9,linear_log_p,0.2583015609024675,-3.015899896621704,xgb,log_kcat_value
10,linear_log_p,0.27934544892644103,-0.3059999942779541,xgb,log_kcat_value
11,linear_log_p,0.20330848336720975,-1.8630000352859497,xgb,log_kcat_value
12,linear_log_p,0.0,1.1789000034332275,xgb,log_kcat_value
13,linear_log_p,-0.535101294590912,1.1518199443817139,xgb,log_kcat_value
14,linear_log_p,0.0,-2.452899932861328,xgb,log_kcat_value
15,linear_log_p,0.3023776914458787,-0.49880000948905945,xgb,log_kcat_value
16,linear_log_p,-0.1106024116173803,-1.6713000535964966,xgb,log_kcat_value
17,linear_log_p,0.0,0.18050000071525574,xgb,log_kcat_value
18,linear_log_p,0.27958945802198126,-3.221400022506714,xgb,log_kcat_value
19,linear_log_p,-0.5752849389402411,5.2357401847839355,xgb,log_kcat_value
20,linear_log_p,-0.15618294399201818,1.4072999954223633,xgb,log_kcat_value
21,linear_log_p,0.3017265453314933,-0.3578000068664551,xgb,log_kcat_value
22,linear_log_p,0.0,-1.1049000024795532,xgb,log_kcat_value
23,linear_log_p,-0.034597362523850664,-2.2119998931884766,xgb,log_kcat_value
24,linear_log_p,-0.8561912346997476,3.172600030899048,xgb,log_kcat_value
25,linear_log_p,0.19630468042027513,-14.257800102233887,xgb,log_kcat_value
26,linear_log_p,0.650841624835004,-2.6863999366760254,xgb,log_kcat_value
27,linear_log_p,-1.4372402678611533,11.542499542236328,xgb,log_kcat_value
28,linear_log_p,-0.7609204320782538,1.7745000123977661,xgb,log_kcat_value
29,linear_log_p,0.18123091390651314,0.640999972820282,xgb,log_kcat_value
30,linear_log_p,-0.7271443362092426,1.9493000507354736,xgb,log_kcat_value
31,linear_log_p,-0.07784556417245009,-0.6657000184059143,xgb,log_kcat_value
32,linear_log_p,0.0,-9.468000411987305,xgb,log_kcat_value
33,linear_log_p,0.09903350022087831,-2.5694000720977783,xgb,log_kcat_value
34,linear_log_p,0.2797353962640931,-2.5694000720977783,xgb,log_kcat_value
35,linear_log_p,0.09235977522698899,-3.015899896621704,xgb,log_kcat_value
36,linear_log_p,0.2586939818224555,-4.8277997970581055,xgb,log_kcat_value
37,linear_log_p,-0.2750023951069916,-2.335700035095215,xgb,log_kcat_value
38,linear_log_p,-0.31353692430246927,-3.2827000617980957,xgb,log_kcat_value
39,linear_log_p,-0.11403322339422484,-0.0024999999441206455,xgb,log_kcat_value
40,linear_log_p,0.0,-0.0024999999441206455,xgb,log_kcat_value
41,linear_log_p,-1.7333540988181755,5.349999904632568,xgb,log_kcat_value
42,linear_log_p,0.1539126888362421,-1.066499948501587,xgb,log_kcat_value
43,linear_log_p,0.19458554857226718,-2.5694000720977783,xgb,log_kcat_value
44,linear_log_p,-0.1681377294025573,-2.335700035095215,xgb,log_kcat_value
45,linear_log_p,0.09051058521913122,0.8248999714851379,xgb,log_kcat_value
46,linear_log_p,-0.9174750031019842,2.282399892807007,xgb,log_kcat_value
47,linear_log_p,-0.5305491990676864,2.545799970626831,xgb,log_kcat_value
48,linear_log_p,0.0,-0.6283800005912781,xgb,log_kcat_value
49,linear_log_p,-0.2747996904229607,2.156399965286255,xgb,log_kcat_value
50,linear_log_p,-0.12158216139231606,0.89410001039505,xgb,log_kcat_value
51,linear_log_p,0.15765433149612612,-1.9800000190734863,xgb,log_kcat_value
52,linear_log_p,0.8661081600596121,-3.1043999195098877,xgb,log_kcat_value
53,linear_log_p,-0.12076108091823033,1.145799994468689,xgb,log_kcat_value
54,linear_log_p,0.0,-1.344499945640564,xgb,log_kcat_value
55,linear_log_p,0.37801439727876146,0.3181000053882599,xgb,log_kcat_value
56,linear_log_p,0.0,-2.898900032043457,xgb,log_kcat_value
57,linear_log_p,0.18916202004934368,-3.1043999195098877,xgb,log_kcat_value
58,linear_log_p,0.0,0.8033999800682068,xgb,log_kcat_value
59,linear_log_p,0.20625724803534357,-1.7057000398635864,xgb,log_kcat_value
60,linear_log_p,-0.20655414021256754,-1.3361999988555908,xgb,log_kcat_value
61,linear_log_p,0.0,-2.3882999420166016,xgb,log_kcat_value
62,linear_log_p,0.2349264465498598,-3.015899896621704,xgb,log_kcat_value
63,linear_log_p,-0.40323128832747007,2.3125998973846436,xgb,log_kcat_value
64,linear_log_p,0.04116573964008996,2.311300039291382,xgb,log_kcat_value
65,linear_log_p,0.1746400098134171,-0.5817999839782715,xgb,log_kcat_value
66,linear_log_p,0.6024310554963919,-2.6863999366760254,xgb,log_kcat_value
67,linear_log_p,-1.846666470042992,11.403169631958008,xgb,log_kcat_value
68,linear_log_p,-0.22351408555032082,-1.3154000043869019,xgb,log_kcat_value
69,linear_log_p,0.8378782959341522,-3.7627999782562256,xgb,log_kcat_value
70,linear_log_p,0.389000040915489,-3.255000114440918,xgb,log_kcat_value
71,linear_log_p,-0.451194166258997,2.80649995803833,xgb,log_kcat_value
72,linear_log_p,-0.047488359693126106,-2.268899917602539,xgb,log_kcat_value
73,linear_log_p,0.0,-2.733599901199341,xgb,log_kcat_value
74,linear_log_p,-1.548426921204185,3.7509000301361084,xgb,log_kcat_value
75,linear_log_p,0.5785082410222543,-3.1043999195098877,xgb,log_kcat_value
76,linear_log_p,0.1865763549059019,-2.6863999366760254,xgb,log_kcat_value
77,linear_log_p,0.2539157963576668,-0.25200000405311584,xgb,log_kcat_value
78,linear_log_p,-0.18552227631067844,-0.41190001368522644,xgb,log_kcat_value
79,linear_log_p,0.0,2.3472700119018555,xgb,log_kcat_value
80,linear_log_p,-0.8147540954004033,7.388700008392334,xgb,log_kcat_value
81,linear_log_p,0.45561328120193073,-3.221400022506714,xgb,log_kcat_value
82,linear_log_p,0.15343934208385476,-1.129699945449829,xgb,log_kcat_value
83,linear_log_p,0.0,-1.3361999988555908,xgb,log_kcat_value
84,linear_log_p,0.0,-1.1269999742507935,xgb,log_kcat_value
85,linear_log_p,0.3747999238975935,-3.015899896621704,xgb,log_kcat_value
86,linear_log_p,0.41782863727904357,-3.221400022506714,xgb,log_kcat_value
87,linear_log_p,0.0186309866684925,-1.628999948501587,xgb,log_kcat_value
88,linear_log_p,-0.1247294590019326,-0.8256000280380249,xgb,log_kcat_value
89,linear_log_p,0.26394009328562545,-9.398300170898438,xgb,log_kcat_value
90,linear_log_p,-1.0263809298567617,5.662099838256836,xgb,log_kcat_value
91,linear_log_p,0.22779418824652706,-3.015899896621704,xgb,log_kcat_value
92,linear_log_p,0.0,-1.628999948501587,xgb,log_kcat_value
93,linear_log_p,-0.22333819793384838,-0.7368999719619751,xgb,log_kcat_value
94,linear_log_p,0.23795061185320707,-3.7822999954223633,xgb,log_kcat_value
95,linear_log_p,-0.5203793230256059,2.6793999671936035,xgb,log_kcat_value
96,linear_log_p,0.2299040329341536,-1.746000051498413,xgb,log_kcat_value
97,linear_log_p,-1.0546899078138237,2.2037999629974365,xgb,log_kcat_value
98,linear_log_p,-0.39220206584232364,1.8676999807357788,xgb,log_kcat_value
99,linear_log_p,0.07388442502464705,0.009999999776482582,xgb,log_kcat_value
0,log1p_tpsa,-0.15277719699457706,5.689615726470947,xgb,log_kcat_value
1,log1p_tpsa,0.32743530457926495,4.966474533081055,xgb,log_kcat_value
2,log1p_tpsa,0.3654816678343372,5.37860631942749,xgb,log_kcat_value
3,log1p_tpsa,0.40425363090190874,4.733827114105225,xgb,log_kcat_value
4,log1p_tpsa,0.0,5.763998985290527,xgb,log_kcat_value
5,log1p_tpsa,0.0,3.7925634384155273,xgb,log_kcat_value
6,log1p_tpsa,0.13366353038302559,5.141955852508545,xgb,log_kcat_value
7,log1p_tpsa,-0.28364565424046606,2.8942530155181885,xgb,log_kcat_value
8,log1p_tpsa,0.15237468368747223,4.621240615844727,xgb,log_kcat_value
9,log1p_tpsa,0.0,5.766005992889404,xgb,log_kcat_value
10,log1p_tpsa,0.2812203394273165,4.654531478881836,xgb,log_kcat_value
11,log1p_tpsa,-0.2883007039763531,5.231482982635498,xgb,log_kcat_value
12,log1p_tpsa,0.34295746874465477,4.738739013671875,xgb,log_kcat_value
13,log1p_tpsa,-0.21759318817266318,5.522819995880127,xgb,log_kcat_value
14,log1p_tpsa,0.0696927878013862,5.193234443664551,xgb,log_kcat_value
15,log1p_tpsa,0.0,4.116758346557617,xgb,log_kcat_value
16,log1p_tpsa,-0.3644836865272231,4.06388521194458,xgb,log_kcat_value
17,log1p_tpsa,-0.07929762505009222,4.042700290679932,xgb,log_kcat_value
18,log1p_tpsa,0.32440961584645955,4.712947845458984,xgb,log_kcat_value
19,log1p_tpsa,-0.26259469452646983,6.479016304016113,xgb,log_kcat_value
20,log1p_tpsa,0.0,4.1143107414245605,xgb,log_kcat_value
21,log1p_tpsa,0.1263882318062297,4.440649509429932,xgb,log_kcat_value
22,log1p_tpsa,0.0,5.11865234375,xgb,log_kcat_value
23,log1p_tpsa,-0.28080336912480536,5.603667259216309,xgb,log_kcat_value
24,log1p_tpsa,-0.2871621942826889,5.702081203460693,xgb,log_kcat_value
25,log1p_tpsa,-0.05960614222649796,6.2441086769104,xgb,log_kcat_value
26,log1p_tpsa,0.0,5.763998985290527,xgb,log_kcat_value
27,log1p_tpsa,-0.5257130158784119,3.306886672973633,xgb,log_kcat_value
28,log1p_tpsa,0.0,3.8501474857330322,xgb,log_kcat_value
29,log1p_tpsa,-0.20021148772743458,4.163870811462402,xgb,log_kcat_value
30,log1p_tpsa,0.0,5.348582744598389,xgb,log_kcat_value
31,log1p_tpsa,-0.10182976338507076,3.855452537536621,xgb,log_kcat_value
32,log1p_tpsa,0.0,5.6243062019348145,xgb,log_kcat_value
33,log1p_tpsa,0.0,5.900308132171631,xgb,log_kcat_value
34,log1p_tpsa,-0.09713091763207404,5.900308132171631,xgb,log_kcat_value
35,log1p_tpsa,0.17892111506560202,5.766005992889404,xgb,log_kcat_value
36,log1p_tpsa,0.3379895997877176,4.957797050476074,xgb,log_kcat_value
37,log1p_tpsa,-0.20260584271348878,5.704115867614746,xgb,log_kcat_value
38,log1p_tpsa,0.10271765035592532,5.67853307723999,xgb,log_kcat_value
39,log1p_tpsa,-0.2893376627426967,0.0,xgb,log_kcat_value
40,log1p_tpsa,-0.0710193616325397,0.0,xgb,log_kcat_value
41,log1p_tpsa,0.0,3.6454498767852783,xgb,log_kcat_value
42,log1p_tpsa,0.3624097838105832,4.849213600158691,xgb,log_kcat_value
43,log1p_tpsa,-0.24861593349342956,5.900308132171631,xgb,log_kcat_value
44,log1p_tpsa,-0.3464291697758811,5.704115867614746,xgb,log_kcat_value
45,log1p_tpsa,-0.06851004045964192,3.055415153503418,xgb,log_kcat_value
46,log1p_tpsa,0.0,4.719658851623535,xgb,log_kcat_value
47,log1p_tpsa,-0.5515534114384506,2.8942530155181885,xgb,log_kcat_value
48,log1p_tpsa,0.0,4.200504779815674,xgb,log_kcat_value
49,log1p_tpsa,-0.10355942094607147,4.46912145614624,xgb,log_kcat_value
50,log1p_tpsa,0.10936262560492474,3.4326961040496826,xgb,log_kcat_value
51,log1p_tpsa,0.3467246303556281,4.945492267608643,xgb,log_kcat_value
52,log1p_tpsa,0.3846970404493787,5.06202507019043,xgb,log_kcat_value
53,log1p_tpsa,0.0,4.757204532623291,xgb,log_kcat_value
54,log1p_tpsa,0.19257344363387313,4.654531478881836,xgb,log_kcat_value
55,log1p_tpsa,0.5567336565451604,4.733827114105225,xgb,log_kcat_value
56,log1p_tpsa,-0.242799012252642,5.902059555053711,xgb,log_kcat_value
57,log1p_tpsa,0.3354164560438854,5.06202507019043,xgb,log_kcat_value
58,log1p_tpsa,0.04952430207333516,4.122121810913086,xgb,log_kcat_value
59,log1p_tpsa,0.27232766714918316,5.024406909942627,xgb,log_kcat_value
60,log1p_tpsa,0.14867079130892083,4.6766533851623535,xgb,log_kcat_value
61,log1p_tpsa,0.052737303882118836,4.433432579040527,xgb,log_kcat_value
62,log1p_tpsa,-0.12693426331643848,5.766005992889404,xgb,log_kcat_value
63,log1p_tpsa,0.3509729082738266,3.4326961040496826,xgb,log_kcat_value
64,log1p_tpsa,0.0,4.215971946716309,xgb,log_kcat_value
65,log1p_tpsa,-0.11157249326904635,4.163870811462402,xgb,log_kcat_value
66,log1p_tpsa,-0.12249503006794743,5.763998985290527,xgb,log_kcat_value
67,log1p_tpsa,-0.528138490517804,6.4251933097839355,xgb,log_kcat_value
68,log1p_tpsa,-0.2375808313480663,5.89888334274292,xgb,log_kcat_value
69,log1p_tpsa,0.40701852690155155,4.619960308074951,xgb,log_kcat_value
70,log1p_tpsa,0.27082080837131967,4.763625621795654,xgb,log_kcat_value
71,log1p_tpsa,-0.2530450966971402,3.6454498767852783,xgb,log_kcat_value
72,log1p_tpsa,0.34500760625530896,4.901489734649658,xgb,log_kcat_value
73,log1p_tpsa,-0.17611067164608962,4.397654056549072,xgb,log_kcat_value
74,log1p_tpsa,0.3159472404821928,3.724729061126709,xgb,log_kcat_value
75,log1p_tpsa,0.48909000458251056,5.06202507019043,xgb,log_kcat_value
76,log1p_tpsa,0.0,5.763998985290527,xgb,log_kcat_value
77,log1p_tpsa,-0.03841770829070035,3.724729061126709,xgb,log_kcat_value
78,log1p_tpsa,0.0,4.726502418518066,xgb,log_kcat_value
79,log1p_tpsa,-0.41345195245801986,6.047277450561523,xgb,log_kcat_value
80,log1p_tpsa,0.059088484201641145,3.055415153503418,xgb,log_kcat_value
81,log1p_tpsa,0.27457857804809555,4.712947845458984,xgb,log_kcat_value
82,log1p_tpsa,0.22227803460009654,5.178012371063232,xgb,log_kcat_value
83,log1p_tpsa,0.3233282768721973,4.6766533851623535,xgb,log_kcat_value
84,log1p_tpsa,0.18815508504301523,4.621240615844727,xgb,log_kcat_value
85,log1p_tpsa,0.03989671071230494,5.766005992889404,xgb,log_kcat_value
86,log1p_tpsa,0.45876761074978956,4.712947845458984,xgb,log_kcat_value
87,log1p_tpsa,-0.08041411728551016,5.63525390625,xgb,log_kcat_value
88,log1p_tpsa,0.20555952747967154,4.7081780433654785,xgb,log_kcat_value
89,log1p_tpsa,0.23339452603981609,4.675442218780518,xgb,log_kcat_value
90,log1p_tpsa,-0.10531605649528153,4.163559436798096,xgb,log_kcat_value
91,log1p_tpsa,-0.12083779595992909,5.766005992889404,xgb,log_kcat_value
92,log1p_tpsa,-0.3401341896764,5.63525390625,xgb,log_kcat_value
93,log1p_tpsa,0.16162621114995224,4.621240615844727,xgb,log_kcat_value
94,log1p_tpsa,0.0,5.448933124542236,xgb,log_kcat_value
95,log1p_tpsa,0.0,3.8336288928985596,xgb,log_kcat_value
96,log1p_tpsa,0.0,5.453610420227051,xgb,log_kcat_value
97,log1p_tpsa,0.0,3.306886672973633,xgb,log_kcat_value
98,log1p_tpsa,0.0,4.040240287780762,xgb,log_kcat_value
99,log1p_tpsa,0.16827597822192444,5.360775470733643,xgb,log_kcat_value
0,log1p_num_h_donors,-0.2703090943923406,2.3025851249694824,xgb,log_kcat_value
1,log1p_num_h_donors,0.0,1.6094379425048828,xgb,log_kcat_value
2,log1p_num_h_donors,-0.05948718758181637,1.6094379425048828,xgb,log_kcat_value
3,log1p_num_h_donors,0.054458052814750246,1.3862943649291992,xgb,log_kcat_value
4,log1p_num_h_donors,0.0,2.1972246170043945,xgb,log_kcat_value
5,log1p_num_h_donors,0.5129543447141276,0.0,xgb,log_kcat_value
6,log1p_num_h_donors,-0.1631893349566127,1.945910096168518,xgb,log_kcat_value
7,log1p_num_h_donors,0.7247701834574573,0.0,xgb,log_kcat_value
8,log1p_num_h_donors,0.0,1.3862943649291992,xgb,log_kcat_value
9,log1p_num_h_donors,-0.18275030437045342,2.1972246170043945,xgb,log_kcat_value
10,log1p_num_h_donors,0.0,1.3862943649291992,xgb,log_kcat_value
11,log1p_num_h_donors,-0.17316135598518972,1.7917594909667969,xgb,log_kcat_value
12,log1p_num_h_donors,0.0,1.3862943649291992,xgb,log_kcat_value
13,log1p_num_h_donors,-0.5209189609967811,2.079441547393799,xgb,log_kcat_value
14,log1p_num_h_donors,-0.17319488884147902,1.945910096168518,xgb,log_kcat_value
15,log1p_num_h_donors,0.3962925614614884,0.6931471824645996,xgb,log_kcat_value
16,log1p_num_h_donors,0.45726586017052706,0.0,xgb,log_kcat_value
17,log1p_num_h_donors,0.19141161994929942,0.6931471824645996,xgb,log_kcat_value
18,log1p_num_h_donors,-0.15183043814215533,1.7917594909667969,xgb,log_kcat_value
19,log1p_num_h_donors,0.1550849547230584,3.044522523880005,xgb,log_kcat_value
20,log1p_num_h_donors,0.698986825645142,0.0,xgb,log_kcat_value
21,log1p_num_h_donors,0.278508093717388,1.0986123085021973,xgb,log_kcat_value
22,log1p_num_h_donors,-0.11845487102670837,1.7917594909667969,xgb,log_kcat_value
23,log1p_num_h_donors,-0.14130250035902822,2.079441547393799,xgb,log_kcat_value
24,log1p_num_h_donors,-0.18905536566335399,2.1972246170043945,xgb,log_kcat_value
25,log1p_num_h_donors,0.0,3.044522523880005,xgb,log_kcat_value
26,log1p_num_h_donors,-0.2555189530790063,2.1972246170043945,xgb,log_kcat_value
27,log1p_num_h_donors,0.0,0.0,xgb,log_kcat_value
28,log1p_num_h_donors,0.0,0.6931471824645996,xgb,log_kcat_value
29,log1p_num_h_donors,0.22849128769568494,1.0986123085021973,xgb,log_kcat_value
30,log1p_num_h_donors,-0.18562208923908713,1.945910096168518,xgb,log_kcat_value
31,log1p_num_h_donors,-0.06857558041093137,1.0986123085021973,xgb,log_kcat_value
32,log1p_num_h_donors,-0.11351344611543011,1.7917594909667969,xgb,log_kcat_value
33,log1p_num_h_donors,-0.21671634789917746,2.3025851249694824,xgb,log_kcat_value
34,log1p_num_h_donors,-0.21471105996662915,2.3025851249694824,xgb,log_kcat_value
35,log1p_num_h_donors,0.0,2.1972246170043945,xgb,log_kcat_value
36,log1p_num_h_donors,-0.19886911127481197,1.7917594909667969,xgb,log_kcat_value
37,log1p_num_h_donors,0.0,2.1972246170043945,xgb,log_kcat_value
38,log1p_num_h_donors,-0.1954958970437226,2.1972246170043945,xgb,log_kcat_value
39,log1p_num_h_donors,0.0,0.0,xgb,log_kcat_value
40,log1p_num_h_donors,0.4497608880541375,0.0,xgb,log_kcat_value
41,log1p_num_h_donors,0.0,0.6931471824645996,xgb,log_kcat_value
42,log1p_num_h_donors,0.1131406628756445,1.6094379425048828,xgb,log_kcat_value
43,log1p_num_h_donors,-0.29499945377295805,2.3025851249694824,xgb,log_kcat_value
44,log1p_num_h_donors,-0.2812457256362282,2.1972246170043945,xgb,log_kcat_value
45,log1p_num_h_donors,0.014099398767140281,0.6931471824645996,xgb,log_kcat_value
46,log1p_num_h_donors,-0.2326444435208914,1.6094379425048828,xgb,log_kcat_value
47,log1p_num_h_donors,0.10379800364599268,0.0,xgb,log_kcat_value
48,log1p_num_h_donors,-0.08155827436605181,1.0986123085021973,xgb,log_kcat_value
49,log1p_num_h_donors,0.6361850002192586,0.0,xgb,log_kcat_value
50,log1p_num_h_donors,0.7099178168420625,0.0,xgb,log_kcat_value
51,log1p_num_h_donors,-0.11853899437258628,1.6094379425048828,xgb,log_kcat_value
52,log1p_num_h_donors,-0.18736114585861785,1.945910096168518,xgb,log_kcat_value
53,log1p_num_h_donors,0.4107885293843386,0.6931471824645996,xgb,log_kcat_value
54,log1p_num_h_donors,-0.055238851224267554,1.3862943649291992,xgb,log_kcat_value
55,log1p_num_h_donors,0.0,1.3862943649291992,xgb,log_kcat_value
56,log1p_num_h_donors,-0.3176444266962096,2.3025851249694824,xgb,log_kcat_value
57,log1p_num_h_donors,-0.2762001720433876,1.945910096168518,xgb,log_kcat_value
58,log1p_num_h_donors,-0.1453359414419888,1.3862943649291992,xgb,log_kcat_value
59,log1p_num_h_donors,0.0,1.6094379425048828,xgb,log_kcat_value
60,log1p_num_h_donors,-0.13629051908720557,1.3862943649291992,xgb,log_kcat_value
61,log1p_num_h_donors,0.30898610039197116,0.6931471824645996,xgb,log_kcat_value
62,log1p_num_h_donors,-0.13473233442936244,2.1972246170043945,xgb,log_kcat_value
63,log1p_num_h_donors,0.47428730099086003,0.0,xgb,log_kcat_value
64,log1p_num_h_donors,0.3864157495055934,1.0986123085021973,xgb,log_kcat_value
65,log1p_num_h_donors,-0.04027571159400828,1.0986123085021973,xgb,log_kcat_value
66,log1p_num_h_donors,0.0,2.1972246170043945,xgb,log_kcat_value
67,log1p_num_h_donors,-0.6992694431701286,2.995732307434082,xgb,log_kcat_value
68,log1p_num_h_donors,-0.13250431811203534,2.3025851249694824,xgb,log_kcat_value
69,log1p_num_h_donors,0.12254758681543461,0.6931471824645996,xgb,log_kcat_value
70,log1p_num_h_donors,0.0,1.7917594909667969,xgb,log_kcat_value
71,log1p_num_h_donors,0.2065203928249007,0.6931471824645996,xgb,log_kcat_value
72,log1p_num_h_donors,-0.1728037462685079,1.6094379425048828,xgb,log_kcat_value
73,log1p_num_h_donors,0.47982225554903857,0.0,xgb,log_kcat_value
74,log1p_num_h_donors,0.0,1.0986123085021973,xgb,log_kcat_value
75,log1p_num_h_donors,0.0,1.945910096168518,xgb,log_kcat_value
76,log1p_num_h_donors,0.0,2.1972246170043945,xgb,log_kcat_value
77,log1p_num_h_donors,0.10220086123029024,1.0986123085021973,xgb,log_kcat_value
78,log1p_num_h_donors,-0.32631728873684096,1.3862943649291992,xgb,log_kcat_value
79,log1p_num_h_donors,-0.31112370482137,2.7725887298583984,xgb,log_kcat_value
80,log1p_num_h_donors,0.0,0.6931471824645996,xgb,log_kcat_value
81,log1p_num_h_donors,0.0,1.7917594909667969,xgb,log_kcat_value
82,log1p_num_h_donors,0.0,1.6094379425048828,xgb,log_kcat_value
83,log1p_num_h_donors,-0.05928905599718004,1.3862943649291992,xgb,log_kcat_value
84,log1p_num_h_donors,0.0,1.3862943649291992,xgb,log_kcat_value
85,log1p_num_h_donors,-0.0983505810740706,2.1972246170043945,xgb,log_kcat_value
86,log1p_num_h_donors,0.0,1.7917594909667969,xgb,log_kcat_value
87,log1p_num_h_donors,-0.2524371285788532,2.079441547393799,xgb,log_kcat_value
88,log1p_num_h_donors,-0.08410135717738462,1.3862943649291992,xgb,log_kcat_value
89,log1p_num_h_donors,0.0,0.6931471824645996,xgb,log_kcat_value
90,log1p_num_h_donors,0.0,0.6931471824645996,xgb,log_kcat_value
91,log1p_num_h_donors,-0.13118345806094295,2.1972246170043945,xgb,log_kcat_value
92,log1p_num_h_donors,-0.1164949716054158,2.079441547393799,xgb,log_kcat_value
93,log1p_num_h_donors,0.0,1.3862943649291992,xgb,log_kcat_value
94,log1p_num_h_donors,-0.27551651056341736,2.1972246170043945,xgb,log_kcat_value
95,log1p_num_h_donors,0.24448845676274394,0.6931471824645996,xgb,log_kcat_value
96,log1p_num_h_donors,-0.2969724129394629,1.945910096168518,xgb,log_kcat_value
97,log1p_num_h_donors,0.3178706194288996,0.0,xgb,log_kcat_value
98,log1p_num_h_donors,0.9654341733775466,0.0,xgb,log_kcat_value
99,log1p_num_h_donors,-0.2197051346390035,2.079441547393799,xgb,log_kcat_value
0,log1p_num_h_acceptors,-0.20315744174517691,2.397895336151123,xgb,log_kcat_value
1,log1p_num_h_acceptors,-0.08833780374721467,2.1972246170043945,xgb,log_kcat_value
2,log1p_num_h_acceptors,0.0,2.6390573978424072,xgb,log_kcat_value
3,log1p_num_h_acceptors,0.16411740132508562,1.7917594909667969,xgb,log_kcat_value
4,log1p_num_h_acceptors,0.0,2.944438934326172,xgb,log_kcat_value
5,log1p_num_h_acceptors,0.0,1.3862943649291992,xgb,log_kcat_value
6,log1p_num_h_acceptors,0.041461710564227566,2.397895336151123,xgb,log_kcat_value
7,log1p_num_h_acceptors,0.0,0.6931471824645996,xgb,log_kcat_value
8,log1p_num_h_acceptors,0.09237656903303171,1.3862943649291992,xgb,log_kcat_value
9,log1p_num_h_acceptors,0.14192444142131314,2.890371799468994,xgb,log_kcat_value
10,log1p_num_h_acceptors,0.12341016166571132,1.3862943649291992,xgb,log_kcat_value
11,log1p_num_h_acceptors,-0.10682311305538503,2.397895336151123,xgb,log_kcat_value
12,log1p_num_h_acceptors,0.19726949113090464,1.6094379425048828,xgb,log_kcat_value
13,log1p_num_h_acceptors,0.0,2.3025851249694824,xgb,log_kcat_value
14,log1p_num_h_acceptors,0.051161609011021236,2.079441547393799,xgb,log_kcat_value
15,log1p_num_h_acceptors,0.0,1.0986123085021973,xgb,log_kcat_value
16,log1p_num_h_acceptors,0.0,1.3862943649291992,xgb,log_kcat_value
17,log1p_num_h_acceptors,0.0,1.0986123085021973,xgb,log_kcat_value
18,log1p_num_h_acceptors,0.11354227932714038,1.945910096168518,xgb,log_kcat_value
19,log1p_num_h_acceptors,0.0,2.995732307434082,xgb,log_kcat_value
20,log1p_num_h_acceptors,-0.028262833326401227,1.3862943649291992,xgb,log_kcat_value
21,log1p_num_h_acceptors,0.0,1.3862943649291992,xgb,log_kcat_value
22,log1p_num_h_acceptors,-0.13847329323192792,2.397895336151123,xgb,log_kcat_value
23,log1p_num_h_acceptors,-0.02503260178881872,2.6390573978424072,xgb,log_kcat_value
24,log1p_num_h_acceptors,0.0,2.397895336151123,xgb,log_kcat_value
25,log1p_num_h_acceptors,0.0,3.465735912322998,xgb,log_kcat_value
26,log1p_num_h_acceptors,0.0,2.944438934326172,xgb,log_kcat_value
27,log1p_num_h_acceptors,-0.07466214581568931,1.0986123085021973,xgb,log_kcat_value
28,log1p_num_h_acceptors,-0.1813058574897427,1.0986123085021973,xgb,log_kcat_value
29,log1p_num_h_acceptors,0.0,1.0986123085021973,xgb,log_kcat_value
30,log1p_num_h_acceptors,0.0,2.079441547393799,xgb,log_kcat_value
31,log1p_num_h_acceptors,0.0,1.0986123085021973,xgb,log_kcat_value
32,log1p_num_h_acceptors,0.13906932317232304,2.7725887298583984,xgb,log_kcat_value
33,log1p_num_h_acceptors,0.0,2.995732307434082,xgb,log_kcat_value
34,log1p_num_h_acceptors,0.10951925373163728,2.995732307434082,xgb,log_kcat_value
35,log1p_num_h_acceptors,0.09048515906822166,2.890371799468994,xgb,log_kcat_value
36,log1p_num_h_acceptors,0.0,2.079441547393799,xgb,log_kcat_value
37,log1p_num_h_acceptors,0.0,2.70805025100708,xgb,log_kcat_value
38,log1p_num_h_acceptors,-0.12002898694054336,2.890371799468994,xgb,log_kcat_value
39,log1p_num_h_acceptors,-0.03266836129072148,0.0,xgb,log_kcat_value
40,log1p_num_h_acceptors,-0.1274969658048484,0.0,xgb,log_kcat_value
41,log1p_num_h_acceptors,-0.352161921317946,1.0986123085021973,xgb,log_kcat_value
42,log1p_num_h_acceptors,0.10347944199615289,1.7917594909667969,xgb,log_kcat_value
43,log1p_num_h_acceptors,0.0,2.995732307434082,xgb,log_kcat_value
44,log1p_num_h_acceptors,-0.08248298322260694,2.70805025100708,xgb,log_kcat_value
45,log1p_num_h_acceptors,0.1010032813445637,0.6931471824645996,xgb,log_kcat_value
46,log1p_num_h_acceptors,0.0,1.945910096168518,xgb,log_kcat_value
47,log1p_num_h_acceptors,-0.0408276407230247,0.6931471824645996,xgb,log_kcat_value
48,log1p_num_h_acceptors,0.0,1.0986123085021973,xgb,log_kcat_value
49,log1p_num_h_acceptors,0.07375245686684229,1.6094379425048828,xgb,log_kcat_value
50,log1p_num_h_acceptors,0.0,1.0986123085021973,xgb,log_kcat_value
51,log1p_num_h_acceptors,-0.17219496794302253,2.3025851249694824,xgb,log_kcat_value
52,log1p_num_h_acceptors,0.20937363243685825,2.079441547393799,xgb,log_kcat_value
53,log1p_num_h_acceptors,-0.1095612486100615,2.1972246170043945,xgb,log_kcat_value
54,log1p_num_h_acceptors,0.09899003955201623,1.6094379425048828,xgb,log_kcat_value
55,log1p_num_h_acceptors,0.1726743392768126,1.7917594909667969,xgb,log_kcat_value
56,log1p_num_h_acceptors,0.08599640273317238,2.944438934326172,xgb,log_kcat_value
57,log1p_num_h_acceptors,0.04821677098191546,2.079441547393799,xgb,log_kcat_value
58,log1p_num_h_acceptors,0.01907078331078349,1.3862943649291992,xgb,log_kcat_value
59,log1p_num_h_acceptors,0.0,2.079441547393799,xgb,log_kcat_value
60,log1p_num_h_acceptors,0.03662606755752932,1.3862943649291992,xgb,log_kcat_value
61,log1p_num_h_acceptors,0.0997145333434776,1.3862943649291992,xgb,log_kcat_value
62,log1p_num_h_acceptors,0.1340180571943806,2.890371799468994,xgb,log_kcat_value
63,log1p_num_h_acceptors,0.12304430944438915,1.0986123085021973,xgb,log_kcat_value
64,log1p_num_h_acceptors,0.20029998614708094,1.0986123085021973,xgb,log_kcat_value
65,log1p_num_h_acceptors,-0.13291499156011125,1.0986123085021973,xgb,log_kcat_value
66,log1p_num_h_acceptors,0.050003191841665816,2.944438934326172,xgb,log_kcat_value
67,log1p_num_h_acceptors,0.0,3.1354942321777344,xgb,log_kcat_value
68,log1p_num_h_acceptors,0.0,2.995732307434082,xgb,log_kcat_value
69,log1p_num_h_acceptors,0.16330339841531005,1.7917594909667969,xgb,log_kcat_value
70,log1p_num_h_acceptors,0.14786300504316488,1.945910096168518,xgb,log_kcat_value
71,log1p_num_h_acceptors,-0.1622227678460395,0.6931471824645996,xgb,log_kcat_value
72,log1p_num_h_acceptors,-0.08339727161814138,2.1972246170043945,xgb,log_kcat_value
73,log1p_num_h_acceptors,0.0,1.6094379425048828,xgb,log_kcat_value
74,log1p_num_h_acceptors,-0.2843633456217879,1.0986123085021973,xgb,log_kcat_value
75,log1p_num_h_acceptors,0.13731064615401317,2.079441547393799,xgb,log_kcat_value
76,log1p_num_h_acceptors,0.0,2.944438934326172,xgb,log_kcat_value
77,log1p_num_h_acceptors,0.0,1.0986123085021973,xgb,log_kcat_value
78,log1p_num_h_acceptors,0.0,1.6094379425048828,xgb,log_kcat_value
79,log1p_num_h_acceptors,0.18754255442669568,2.5649492740631104,xgb,log_kcat_value
80,log1p_num_h_acceptors,-0.29003905904821686,0.6931471824645996,xgb,log_kcat_value
81,log1p_num_h_acceptors,0.08176417504817415,1.945910096168518,xgb,log_kcat_value
82,log1p_num_h_acceptors,0.2500769119494201,2.1972246170043945,xgb,log_kcat_value
83,log1p_num_h_acceptors,0.0,1.3862943649291992,xgb,log_kcat_value
84,log1p_num_h_acceptors,0.04309980297799136,1.3862943649291992,xgb,log_kcat_value
85,log1p_num_h_acceptors,0.0,2.890371799468994,xgb,log_kcat_value
86,log1p_num_h_acceptors,0.23392175638663823,1.945910096168518,xgb,log_kcat_value
87,log1p_num_h_acceptors,0.0,2.70805025100708,xgb,log_kcat_value
88,log1p_num_h_acceptors,0.0,1.3862943649291992,xgb,log_kcat_value
89,log1p_num_h_acceptors,0.14140156787675326,1.7917594909667969,xgb,log_kcat_value
90,log1p_num_h_acceptors,0.0,1.945910096168518,xgb,log_kcat_value
91,log1p_num_h_acceptors,0.12644410707394205,2.890371799468994,xgb,log_kcat_value
92,log1p_num_h_acceptors,-0.09910945739490626,2.70805025100708,xgb,log_kcat_value
93,log1p_num_h_acceptors,0.0,1.3862943649291992,xgb,log_kcat_value
94,log1p_num_h_acceptors,-0.14568542999409645,2.3025851249694824,xgb,log_kcat_value
95,log1p_num_h_acceptors,0.0,1.3862943649291992,xgb,log_kcat_value
96,log1p_num_h_acceptors,0.0,2.5649492740631104,xgb,log_kcat_value
97,log1p_num_h_acceptors,0.0,1.0986123085021973,xgb,log_kcat_value
98,log1p_num_h_acceptors,-0.07969397655650612,1.7917594909667969,xgb,log_kcat_value
99,log1p_num_h_acceptors,0.0,2.3025851249694824,xgb,log_kcat_value
0,log1p_num_rot_bonds,0.33350091840042195,2.944438934326172,xgb,log_kcat_value
1,log1p_num_rot_bonds,0.037973970277883816,1.6094379425048828,xgb,log_kcat_value
2,log1p_num_rot_bonds,0.17651076212179392,2.397895336151123,xgb,log_kcat_value
3,log1p_num_rot_bonds,0.2071620280041256,1.6094379425048828,xgb,log_kcat_value
4,log1p_num_rot_bonds,0.44766254079176687,2.4849066734313965,xgb,log_kcat_value
5,log1p_num_rot_bonds,-0.04249080508519122,1.7917594909667969,xgb,log_kcat_value
6,log1p_num_rot_bonds,0.10844237902644027,1.6094379425048828,xgb,log_kcat_value
7,log1p_num_rot_bonds,-0.13983129211649684,0.0,xgb,log_kcat_value
8,log1p_num_rot_bonds,0.0,1.3862943649291992,xgb,log_kcat_value
9,log1p_num_rot_bonds,0.633388802204204,2.4849066734313965,xgb,log_kcat_value
10,log1p_num_rot_bonds,0.0,1.3862943649291992,xgb,log_kcat_value
11,log1p_num_rot_bonds,0.0,1.6094379425048828,xgb,log_kcat_value
12,log1p_num_rot_bonds,0.3486599111985217,1.945910096168518,xgb,log_kcat_value
13,log1p_num_rot_bonds,0.0,2.890371799468994,xgb,log_kcat_value
14,log1p_num_rot_bonds,0.35212470065864654,2.4849066734313965,xgb,log_kcat_value
15,log1p_num_rot_bonds,0.0,1.0986123085021973,xgb,log_kcat_value
16,log1p_num_rot_bonds,0.0,0.6931471824645996,xgb,log_kcat_value
17,log1p_num_rot_bonds,0.0,0.6931471824645996,xgb,log_kcat_value
18,log1p_num_rot_bonds,-0.07697183049452239,0.6931471824645996,xgb,log_kcat_value
19,log1p_num_rot_bonds,0.8106031273434713,3.761200189590454,xgb,log_kcat_value
20,log1p_num_rot_bonds,-0.09302096772660884,1.0986123085021973,xgb,log_kcat_value
21,log1p_num_rot_bonds,0.0,0.6931471824645996,xgb,log_kcat_value
22,log1p_num_rot_bonds,0.0,1.945910096168518,xgb,log_kcat_value
23,log1p_num_rot_bonds,-0.12625703668177923,2.1972246170043945,xgb,log_kcat_value
24,log1p_num_rot_bonds,0.3143250970864131,2.8332133293151855,xgb,log_kcat_value
25,log1p_num_rot_bonds,0.3784724152116144,3.044522523880005,xgb,log_kcat_value
26,log1p_num_rot_bonds,0.3806276920579743,2.4849066734313965,xgb,log_kcat_value
27,log1p_num_rot_bonds,-0.21542810082614086,3.044522523880005,xgb,log_kcat_value
28,log1p_num_rot_bonds,-0.2274981092010715,0.0,xgb,log_kcat_value
29,log1p_num_rot_bonds,0.0,1.3862943649291992,xgb,log_kcat_value
30,log1p_num_rot_bonds,0.2175973054957866,2.890371799468994,xgb,log_kcat_value
31,log1p_num_rot_bonds,-0.16684596396768522,0.0,xgb,log_kcat_value
32,log1p_num_rot_bonds,-0.0691827184530541,2.1972246170043945,xgb,log_kcat_value
33,log1p_num_rot_bonds,0.41635518662044374,2.6390573978424072,xgb,log_kcat_value
34,log1p_num_rot_bonds,0.33784858583218813,2.6390573978424072,xgb,log_kcat_value
35,log1p_num_rot_bonds,0.39996367673024324,2.4849066734313965,xgb,log_kcat_value
36,log1p_num_rot_bonds,0.0,1.7917594909667969,xgb,log_kcat_value
37,log1p_num_rot_bonds,0.0,2.1972246170043945,xgb,log_kcat_value
38,log1p_num_rot_bonds,0.08996555225798637,2.3025851249694824,xgb,log_kcat_value
39,log1p_num_rot_bonds,-0.1079228299676577,0.0,xgb,log_kcat_value
40,log1p_num_rot_bonds,-0.17547230066191205,0.0,xgb,log_kcat_value
41,log1p_num_rot_bonds,0.0,1.6094379425048828,xgb,log_kcat_value
42,log1p_num_rot_bonds,0.12475875104815826,2.079441547393799,xgb,log_kcat_value
43,log1p_num_rot_bonds,0.39355386657681496,2.6390573978424072,xgb,log_kcat_value
44,log1p_num_rot_bonds,0.0,2.1972246170043945,xgb,log_kcat_value
45,log1p_num_rot_bonds,-0.05013283160896049,1.0986123085021973,xgb,log_kcat_value
46,log1p_num_rot_bonds,-0.2049224555347981,0.6931471824645996,xgb,log_kcat_value
47,log1p_num_rot_bonds,0.0,1.7917594909667969,xgb,log_kcat_value
48,log1p_num_rot_bonds,-0.22186003896967976,0.0,xgb,log_kcat_value
49,log1p_num_rot_bonds,-0.05095413185316488,1.0986123085021973,xgb,log_kcat_value
50,log1p_num_rot_bonds,-0.09156898494509358,0.6931471824645996,xgb,log_kcat_value
51,log1p_num_rot_bonds,-0.22856652058136376,1.0986123085021973,xgb,log_kcat_value
52,log1p_num_rot_bonds,-0.059378033141048725,1.3862943649291992,xgb,log_kcat_value
53,log1p_num_rot_bonds,-0.050076999993468596,1.3862943649291992,xgb,log_kcat_value
54,log1p_num_rot_bonds,0.1298082391227895,1.6094379425048828,xgb,log_kcat_value
55,log1p_num_rot_bonds,0.1709412360953536,1.6094379425048828,xgb,log_kcat_value
56,log1p_num_rot_bonds,0.6703663047398699,2.6390573978424072,xgb,log_kcat_value
57,log1p_num_rot_bonds,-0.060411840794953146,1.3862943649291992,xgb,log_kcat_value
58,log1p_num_rot_bonds,-0.14980227714351252,0.0,xgb,log_kcat_value
59,log1p_num_rot_bonds,0.0,1.6094379425048828,xgb,log_kcat_value
60,log1p_num_rot_bonds,0.0,1.6094379425048828,xgb,log_kcat_value
61,log1p_num_rot_bonds,0.0,1.0986123085021973,xgb,log_kcat_value
62,log1p_num_rot_bonds,0.6061239170569054,2.4849066734313965,xgb,log_kcat_value
63,log1p_num_rot_bonds,0.0,1.0986123085021973,xgb,log_kcat_value
64,log1p_num_rot_bonds,0.0,1.0986123085021973,xgb,log_kcat_value
65,log1p_num_rot_bonds,-0.13737227308880762,0.6931471824645996,xgb,log_kcat_value
66,log1p_num_rot_bonds,0.3986863646867876,2.4849066734313965,xgb,log_kcat_value
67,log1p_num_rot_bonds,0.0,3.9512436389923096,xgb,log_kcat_value
68,log1p_num_rot_bonds,0.0,2.995732307434082,xgb,log_kcat_value
69,log1p_num_rot_bonds,0.0,1.3862943649291992,xgb,log_kcat_value
70,log1p_num_rot_bonds,0.0,0.6931471824645996,xgb,log_kcat_value
71,log1p_num_rot_bonds,0.07149525051119254,2.079441547393799,xgb,log_kcat_value
72,log1p_num_rot_bonds,-0.2525736451149504,1.0986123085021973,xgb,log_kcat_value
73,log1p_num_rot_bonds,0.03543709686264028,1.3862943649291992,xgb,log_kcat_value
74,log1p_num_rot_bonds,-0.2187595865365126,0.0,xgb,log_kcat_value
75,log1p_num_rot_bonds,0.0,1.3862943649291992,xgb,log_kcat_value
76,log1p_num_rot_bonds,0.3324695728160803,2.4849066734313965,xgb,log_kcat_value
77,log1p_num_rot_bonds,-0.037068012533448894,0.6931471824645996,xgb,log_kcat_value
78,log1p_num_rot_bonds,-0.061231154209744544,1.6094379425048828,xgb,log_kcat_value
79,log1p_num_rot_bonds,0.3150478983999895,3.295836925506592,xgb,log_kcat_value
80,log1p_num_rot_bonds,0.10821087104185771,1.7917594909667969,xgb,log_kcat_value
81,log1p_num_rot_bonds,0.0,0.6931471824645996,xgb,log_kcat_value
82,log1p_num_rot_bonds,0.1708994692221265,2.3025851249694824,xgb,log_kcat_value
83,log1p_num_rot_bonds,0.12923392024667937,1.6094379425048828,xgb,log_kcat_value
84,log1p_num_rot_bonds,0.0,1.3862943649291992,xgb,log_kcat_value
85,log1p_num_rot_bonds,0.23364417664762177,2.4849066734313965,xgb,log_kcat_value
86,log1p_num_rot_bonds,0.0,0.6931471824645996,xgb,log_kcat_value
87,log1p_num_rot_bonds,-0.10288029276265391,2.1972246170043945,xgb,log_kcat_value
88,log1p_num_rot_bonds,-0.3240731503181243,0.6931471824645996,xgb,log_kcat_value
89,log1p_num_rot_bonds,0.04711320699360522,1.6094379425048828,xgb,log_kcat_value
90,log1p_num_rot_bonds,0.08762743912334633,1.945910096168518,xgb,log_kcat_value
91,log1p_num_rot_bonds,0.6047791824401176,2.4849066734313965,xgb,log_kcat_value
92,log1p_num_rot_bonds,-0.010423814013230226,2.1972246170043945,xgb,log_kcat_value
93,log1p_num_rot_bonds,0.0,1.6094379425048828,xgb,log_kcat_value
94,log1p_num_rot_bonds,0.1396624985007062,2.397895336151123,xgb,log_kcat_value
95,log1p_num_rot_bonds,-0.06444787626017368,1.6094379425048828,xgb,log_kcat_value
96,log1p_num_rot_bonds,0.2785592283045945,1.945910096168518,xgb,log_kcat_value
97,log1p_num_rot_bonds,-0.07158358969219591,1.0986123085021973,xgb,log_kcat_value
98,log1p_num_rot_bonds,0.0,1.3862943649291992,xgb,log_kcat_value
99,log1p_num_rot_bonds,0.13762855980820835,2.3025851249694824,xgb,log_kcat_value
0,log_seq_length,-0.8981227423252166,5.181783676147461,xgb,log_kcat_value
1,log_seq_length,0.3854610955409713,6.118097305297852,xgb,log_kcat_value
2,log_seq_length,0.46621765199370585,6.472346305847168,xgb,log_kcat_value
3,log_seq_length,-0.674588227110301,5.429345607757568,xgb,log_kcat_value
4,log_seq_length,-0.2865701561081976,5.505331516265869,xgb,log_kcat_value
5,log_seq_length,-0.3553273270140429,5.613128185272217,xgb,log_kcat_value
6,log_seq_length,0.2113146680672,6.10924768447876,xgb,log_kcat_value
7,log_seq_length,0.2894234472021139,5.924255847930908,xgb,log_kcat_value
8,log_seq_length,0.1440758203059239,6.091310024261475,xgb,log_kcat_value
9,log_seq_length,0.6385590205636456,6.324358940124512,xgb,log_kcat_value
10,log_seq_length,0.07099406972449687,6.056784152984619,xgb,log_kcat_value
11,log_seq_length,0.0,5.7268476486206055,xgb,log_kcat_value
12,log_seq_length,0.07142256024401264,5.517452716827393,xgb,log_kcat_value
13,log_seq_length,-0.4422005597854881,5.680172443389893,xgb,log_kcat_value
14,log_seq_length,0.13945578444643195,5.955837249755859,xgb,log_kcat_value
15,log_seq_length,-0.22710025095271114,4.174387454986572,xgb,log_kcat_value
16,log_seq_length,-1.0503393147426496,4.912654876708984,xgb,log_kcat_value
17,log_seq_length,-1.0164579835704028,5.20948600769043,xgb,log_kcat_value
18,log_seq_length,0.8570797623226896,6.405228614807129,xgb,log_kcat_value
19,log_seq_length,1.4109071080485835,6.830874443054199,xgb,log_kcat_value
20,log_seq_length,0.0,5.616771221160889,xgb,log_kcat_value
21,log_seq_length,0.5579317030012179,5.80814266204834,xgb,log_kcat_value
22,log_seq_length,-1.2669388432968123,4.9416422843933105,xgb,log_kcat_value
23,log_seq_length,0.0,7.083387851715088,xgb,log_kcat_value
24,log_seq_length,-0.17635344150769044,5.521461009979248,xgb,log_kcat_value
25,log_seq_length,0.40867587723401216,6.220590114593506,xgb,log_kcat_value
26,log_seq_length,0.0,5.613128185272217,xgb,log_kcat_value
27,log_seq_length,0.0,6.329720973968506,xgb,log_kcat_value
28,log_seq_length,0.3418768505080531,6.200509071350098,xgb,log_kcat_value
29,log_seq_length,-0.17347305172692637,5.981414318084717,xgb,log_kcat_value
30,log_seq_length,0.643633632513812,7.227662563323975,xgb,log_kcat_value
31,log_seq_length,-0.37584089584332253,5.905361652374268,xgb,log_kcat_value
32,log_seq_length,-0.7252504132155158,5.141663551330566,xgb,log_kcat_value
33,log_seq_length,-0.8938353258027786,5.068904399871826,xgb,log_kcat_value
34,log_seq_length,0.0,6.100318908691406,xgb,log_kcat_value
35,log_seq_length,0.30175076843736576,5.8141303062438965,xgb,log_kcat_value
36,log_seq_length,-0.2693422145387306,6.0258660316467285,xgb,log_kcat_value
37,log_seq_length,0.38901021430536464,6.011267185211182,xgb,log_kcat_value
38,log_seq_length,-1.1038936349528081,5.332718849182129,xgb,log_kcat_value
39,log_seq_length,-0.11773662636711503,5.888877868652344,xgb,log_kcat_value
40,log_seq_length,1.1427062546163158,6.981005668640137,xgb,log_kcat_value
41,log_seq_length,0.228180662398632,6.2766432762146,xgb,log_kcat_value
42,log_seq_length,0.0,5.978885650634766,xgb,log_kcat_value
43,log_seq_length,-0.9196376143012154,4.127134323120117,xgb,log_kcat_value
44,log_seq_length,0.16052478799181225,6.122492790222168,xgb,log_kcat_value
45,log_seq_length,0.0,5.537334442138672,xgb,log_kcat_value
46,log_seq_length,0.28177323805362986,6.102558612823486,xgb,log_kcat_value
47,log_seq_length,0.0,6.295266151428223,xgb,log_kcat_value
48,log_seq_length,0.57022843253625,6.768493175506592,xgb,log_kcat_value
49,log_seq_length,-0.7397115683558787,5.402677536010742,xgb,log_kcat_value
50,log_seq_length,0.0,5.616771221160889,xgb,log_kcat_value
51,log_seq_length,-0.16752392677407157,5.71702766418457,xgb,log_kcat_value
52,log_seq_length,0.7254634433240318,6.3315019607543945,xgb,log_kcat_value
53,log_seq_length,-0.8405846076542468,5.402677536010742,xgb,log_kcat_value
54,log_seq_length,0.7454371147464595,6.593044757843018,xgb,log_kcat_value
55,log_seq_length,-0.1334920844872768,5.673323154449463,xgb,log_kcat_value
56,log_seq_length,0.24577490644021036,5.921578407287598,xgb,log_kcat_value
57,log_seq_length,-1.473271365145562,5.501258373260498,xgb,log_kcat_value
58,log_seq_length,0.9576745016703626,6.411818504333496,xgb,log_kcat_value
59,log_seq_length,-0.43130131175124353,5.746203422546387,xgb,log_kcat_value
60,log_seq_length,0.27365713978656303,6.282266616821289,xgb,log_kcat_value
61,log_seq_length,0.11162404451711153,6.0258660316467285,xgb,log_kcat_value
62,log_seq_length,0.3598847990334912,6.359573841094971,xgb,log_kcat_value
63,log_seq_length,-0.3941335234463401,5.627621173858643,xgb,log_kcat_value
64,log_seq_length,0.2292643002536891,5.834810733795166,xgb,log_kcat_value
65,log_seq_length,0.0,5.849324703216553,xgb,log_kcat_value
66,log_seq_length,0.0,6.016157150268555,xgb,log_kcat_value
67,log_seq_length,-0.24148322471060915,5.780743598937988,xgb,log_kcat_value
68,log_seq_length,-0.4232679288989243,5.733341217041016,xgb,log_kcat_value
69,log_seq_length,0.9045371308862151,6.363028049468994,xgb,log_kcat_value
70,log_seq_length,-0.1407888574348395,5.945420742034912,xgb,log_kcat_value
71,log_seq_length,0.4042308889382592,6.309918403625488,xgb,log_kcat_value
72,log_seq_length,-0.29549522980077747,5.659482002258301,xgb,log_kcat_value
73,log_seq_length,0.30924266481458634,6.400257587432861,xgb,log_kcat_value
74,log_seq_length,-0.2040180030041468,5.777652263641357,xgb,log_kcat_value
75,log_seq_length,0.42155091301677383,6.192362308502197,xgb,log_kcat_value
76,log_seq_length,-0.4736110873414445,5.323009967803955,xgb,log_kcat_value
77,log_seq_length,0.014460602929930566,5.860786437988281,xgb,log_kcat_value
78,log_seq_length,-0.23422555991472196,5.752572536468506,xgb,log_kcat_value
79,log_seq_length,-0.22615584605701408,5.693732261657715,xgb,log_kcat_value
80,log_seq_length,0.6251262985101907,6.329720973968506,xgb,log_kcat_value
81,log_seq_length,0.6949248853212202,6.368186950683594,xgb,log_kcat_value
82,log_seq_length,0.2516984915430361,5.9427995681762695,xgb,log_kcat_value
83,log_seq_length,0.0,5.8051347732543945,xgb,log_kcat_value
84,log_seq_length,0.058946182510409915,5.981414318084717,xgb,log_kcat_value
85,log_seq_length,0.4105048610421211,6.1506028175354,xgb,log_kcat_value
86,log_seq_length,0.0,5.564520359039307,xgb,log_kcat_value
87,log_seq_length,0.5519169167941181,6.156979084014893,xgb,log_kcat_value
88,log_seq_length,0.0,6.107022762298584,xgb,log_kcat_value
89,log_seq_length,-0.17369354522331631,5.897153854370117,xgb,log_kcat_value
90,log_seq_length,0.768181145931167,6.4329400062561035,xgb,log_kcat_value
91,log_seq_length,0.3567073126177758,6.359573841094971,xgb,log_kcat_value
92,log_seq_length,0.0,7.310550212860107,xgb,log_kcat_value
93,log_seq_length,-0.7958121819790978,4.624972820281982,xgb,log_kcat_value
94,log_seq_length,0.07904886111436449,5.552959442138672,xgb,log_kcat_value
95,log_seq_length,1.0629329018600882,7.1989312171936035,xgb,log_kcat_value
96,log_seq_length,0.6742194311456026,6.18001651763916,xgb,log_kcat_value
97,log_seq_length,0.8408431151884067,6.419994831085205,xgb,log_kcat_value
98,log_seq_length,0.9645127080539873,6.400257587432861,xgb,log_kcat_value
99,log_seq_length,-0.6165675794822182,5.068904399871826,xgb,log_kcat_value
0,log_seq_mol_wt,0.2608093822938091,9.895637512207031,xgb,log_kcat_value
1,log_seq_mol_wt,-0.25021458080345615,10.868292808532715,xgb,log_kcat_value
2,log_seq_mol_wt,-0.37129117922136295,11.16805648803711,xgb,log_kcat_value
3,log_seq_mol_wt,0.9531391789324549,10.134017944335938,xgb,log_kcat_value
4,log_seq_mol_wt,0.2502120701223297,10.179969787597656,xgb,log_kcat_value
5,log_seq_mol_wt,0.6994745023141614,10.35327434539795,xgb,log_kcat_value
6,log_seq_mol_wt,0.07279327016255016,10.829964637756348,xgb,log_kcat_value
7,log_seq_mol_wt,0.0,10.589705467224121,xgb,log_kcat_value
8,log_seq_mol_wt,-0.07909566004289886,10.82020378112793,xgb,log_kcat_value
9,log_seq_mol_wt,0.0,11.025118827819824,xgb,log_kcat_value
10,log_seq_mol_wt,0.0,10.738465309143066,xgb,log_kcat_value
11,log_seq_mol_wt,0.08181425913264664,10.448199272155762,xgb,log_kcat_value
12,log_seq_mol_wt,0.7396592469189942,10.270760536193848,xgb,log_kcat_value
13,log_seq_mol_wt,0.16004050180850804,10.358283996582031,xgb,log_kcat_value
14,log_seq_mol_wt,-0.05932827476499419,10.62234115600586,xgb,log_kcat_value
15,log_seq_mol_wt,0.6233657254859908,8.8438720703125,xgb,log_kcat_value
16,log_seq_mol_wt,0.5816710446658121,9.585155487060547,xgb,log_kcat_value
17,log_seq_mol_wt,0.407834866751082,9.93643856048584,xgb,log_kcat_value
18,log_seq_mol_wt,-0.2636568996495677,11.091901779174805,xgb,log_kcat_value
19,log_seq_mol_wt,-0.4483254307999638,11.570343017578125,xgb,log_kcat_value
20,log_seq_mol_wt,0.25979836914888566,10.358739852905273,xgb,log_kcat_value
21,log_seq_mol_wt,0.22290894225333718,10.469345092773438,xgb,log_kcat_value
22,log_seq_mol_wt,0.7484689082929011,9.657936096191406,xgb,log_kcat_value
23,log_seq_mol_wt,-0.6275435689229296,11.733443260192871,xgb,log_kcat_value
24,log_seq_mol_wt,0.7992153987154437,10.262185096740723,xgb,log_kcat_value
25,log_seq_mol_wt,-0.09462144002544744,10.931374549865723,xgb,log_kcat_value
26,log_seq_mol_wt,0.6989027342950627,10.350407600402832,xgb,log_kcat_value
27,log_seq_mol_wt,-0.5651096467514086,11.039839744567871,xgb,log_kcat_value
28,log_seq_mol_wt,-0.1661020789196945,10.948140144348145,xgb,log_kcat_value
29,log_seq_mol_wt,0.504631237873957,10.682188987731934,xgb,log_kcat_value
30,log_seq_mol_wt,-0.4212817789580358,11.935462951660156,xgb,log_kcat_value
31,log_seq_mol_wt,-0.27393706701428916,10.6234130859375,xgb,log_kcat_value
32,log_seq_mol_wt,0.6291079507778534,9.86694622039795,xgb,log_kcat_value
33,log_seq_mol_wt,0.9667989659211513,9.798083305358887,xgb,log_kcat_value
34,log_seq_mol_wt,0.0,10.797884941101074,xgb,log_kcat_value
35,log_seq_mol_wt,0.0,10.486600875854492,xgb,log_kcat_value
36,log_seq_mol_wt,-0.10538424587811338,10.757920265197754,xgb,log_kcat_value
37,log_seq_mol_wt,0.1920773231876579,10.699564933776855,xgb,log_kcat_value
38,log_seq_mol_wt,0.2991936007236789,10.038525581359863,xgb,log_kcat_value
39,log_seq_mol_wt,-0.19759908208488047,10.617300987243652,xgb,log_kcat_value
40,log_seq_mol_wt,-0.6184049634954372,11.71030330657959,xgb,log_kcat_value
41,log_seq_mol_wt,-0.694614660247641,11.002645492553711,xgb,log_kcat_value
42,log_seq_mol_wt,0.17021909766168764,10.673871040344238,xgb,log_kcat_value
43,log_seq_mol_wt,0.7748964093470545,8.813807487487793,xgb,log_kcat_value
44,log_seq_mol_wt,-0.07762437376322603,10.82018756866455,xgb,log_kcat_value
45,log_seq_mol_wt,0.9930365515108173,10.2382230758667,xgb,log_kcat_value
46,log_seq_mol_wt,-0.2988701735481412,10.805061340332031,xgb,log_kcat_value
47,log_seq_mol_wt,-0.5101526299187428,11.020642280578613,xgb,log_kcat_value
48,log_seq_mol_wt,-1.1008303057802091,11.50092887878418,xgb,log_kcat_value
49,log_seq_mol_wt,0.6727463937509842,10.143033981323242,xgb,log_kcat_value
50,log_seq_mol_wt,0.2709135292810958,10.358739852905273,xgb,log_kcat_value
51,log_seq_mol_wt,0.0,10.390852928161621,xgb,log_kcat_value
52,log_seq_mol_wt,-0.1880143620785367,11.025952339172363,xgb,log_kcat_value
53,log_seq_mol_wt,0.952472996898187,10.152830123901367,xgb,log_kcat_value
54,log_seq_mol_wt,-0.27654018142446596,11.271092414855957,xgb,log_kcat_value
55,log_seq_mol_wt,0.3383148129677249,10.341065406799316,xgb,log_kcat_value
56,log_seq_mol_wt,0.0,10.57559585571289,xgb,log_kcat_value
57,log_seq_mol_wt,0.32508185746491153,10.235960006713867,xgb,log_kcat_value
58,log_seq_mol_wt,-0.2923144446190881,11.13865852355957,xgb,log_kcat_value
59,log_seq_mol_wt,-0.02061005368481883,10.483341217041016,xgb,log_kcat_value
60,log_seq_mol_wt,-0.5354417891923585,10.992963790893555,xgb,log_kcat_value
61,log_seq_mol_wt,0.5287082008124613,10.684676170349121,xgb,log_kcat_value
62,log_seq_mol_wt,-0.33714595834642525,11.062714576721191,xgb,log_kcat_value
63,log_seq_mol_wt,0.8948359609323328,10.2933931350708,xgb,log_kcat_value
64,log_seq_mol_wt,0.26399809536708746,10.589863777160645,xgb,log_kcat_value
65,log_seq_mol_wt,0.10688749842633141,10.59010124206543,xgb,log_kcat_value
66,log_seq_mol_wt,0.036953735729502335,10.667594909667969,xgb,log_kcat_value
67,log_seq_mol_wt,-0.12345098536239825,10.489245414733887,xgb,log_kcat_value
68,log_seq_mol_wt,-0.19557966385681244,10.48501968383789,xgb,log_kcat_value
69,log_seq_mol_wt,0.0,11.085429191589355,xgb,log_kcat_value
70,log_seq_mol_wt,-0.1843466147053622,10.632862091064453,xgb,log_kcat_value
71,log_seq_mol_wt,-0.3583262761059784,11.010565757751465,xgb,log_kcat_value
72,log_seq_mol_wt,0.3693717010198061,10.352237701416016,xgb,log_kcat_value
73,log_seq_mol_wt,-0.2574830274139764,11.096953392028809,xgb,log_kcat_value
74,log_seq_mol_wt,-0.3052359791581924,10.509709358215332,xgb,log_kcat_value
75,log_seq_mol_wt,0.0,10.938871383666992,xgb,log_kcat_value
76,log_seq_mol_wt,0.7507508852489285,10.0322847366333,xgb,log_kcat_value
77,log_seq_mol_wt,0.0,10.523509979248047,xgb,log_kcat_value
78,log_seq_mol_wt,-0.05723388520804429,10.426422119140625,xgb,log_kcat_value
79,log_seq_mol_wt,0.0,10.418144226074219,xgb,log_kcat_value
80,log_seq_mol_wt,-0.29067186511891296,11.026021957397461,xgb,log_kcat_value
81,log_seq_mol_wt,0.0,11.055208206176758,xgb,log_kcat_value
82,log_seq_mol_wt,0.09729366820041063,10.628644943237305,xgb,log_kcat_value
83,log_seq_mol_wt,0.2463378941732307,10.479232788085938,xgb,log_kcat_value
84,log_seq_mol_wt,0.28959196296937106,10.682188987731934,xgb,log_kcat_value
85,log_seq_mol_wt,-0.0899930570800342,10.87839126586914,xgb,log_kcat_value
86,log_seq_mol_wt,0.4675840029947422,10.242412567138672,xgb,log_kcat_value
87,log_seq_mol_wt,0.0,10.881373405456543,xgb,log_kcat_value
88,log_seq_mol_wt,-0.2528451116005723,10.8060884475708,xgb,log_kcat_value
89,log_seq_mol_wt,0.057521956374069504,10.634742736816406,xgb,log_kcat_value
90,log_seq_mol_wt,-0.41678759907474183,11.156765937805176,xgb,log_kcat_value
91,log_seq_mol_wt,-0.3388174209251453,11.062714576721191,xgb,log_kcat_value
92,log_seq_mol_wt,-0.1998099758717058,12.006189346313477,xgb,log_kcat_value
93,log_seq_mol_wt,0.515183175769512,9.38391399383545,xgb,log_kcat_value
94,log_seq_mol_wt,0.4944965523930363,10.226869583129883,xgb,log_kcat_value
95,log_seq_mol_wt,-0.7872312283694867,11.904401779174805,xgb,log_kcat_value
96,log_seq_mol_wt,-0.16050157802800724,10.86384105682373,xgb,log_kcat_value
97,log_seq_mol_wt,-0.8210285814732551,11.124246597290039,xgb,log_kcat_value
98,log_seq_mol_wt,-0.24200108534707007,11.133379936218262,xgb,log_kcat_value
99,log_seq_mol_wt,0.5695987831700426,9.798135757446289,xgb,log_kcat_value
0,linear_pI,-0.3559602757458777,7.06573486328125,xgb,log_kcat_value
1,linear_pI,0.2712976718210303,5.298780918121338,xgb,log_kcat_value
2,linear_pI,0.4024267754980771,5.449859142303467,xgb,log_kcat_value
3,linear_pI,0.0,7.934462547302246,xgb,log_kcat_value
4,linear_pI,-0.26383785506966406,6.739933490753174,xgb,log_kcat_value
5,linear_pI,0.09686264122748882,5.270418167114258,xgb,log_kcat_value
6,linear_pI,0.0,5.94498348236084,xgb,log_kcat_value
7,linear_pI,0.5755690671000894,7.450875759124756,xgb,log_kcat_value
8,linear_pI,0.07512954770386457,7.538123607635498,xgb,log_kcat_value
9,linear_pI,0.23695041319398732,7.6631693840026855,xgb,log_kcat_value
10,linear_pI,0.09491549763640635,5.366362571716309,xgb,log_kcat_value
11,linear_pI,-0.4036226067458801,7.147298812866211,xgb,log_kcat_value
12,linear_pI,0.13472832682186942,8.650577545166016,xgb,log_kcat_value
13,linear_pI,-0.13489505167222562,5.443492889404297,xgb,log_kcat_value
14,linear_pI,-0.15563663035568312,6.326600551605225,xgb,log_kcat_value
15,linear_pI,0.3413897521161089,5.284002780914307,xgb,log_kcat_value
16,linear_pI,0.0,5.036071300506592,xgb,log_kcat_value
17,linear_pI,0.2314950615170756,5.198971748352051,xgb,log_kcat_value
18,linear_pI,0.11976913839007601,5.01532506942749,xgb,log_kcat_value
19,linear_pI,0.0,7.153323650360107,xgb,log_kcat_value
20,linear_pI,0.20365684079628588,5.227959632873535,xgb,log_kcat_value
21,linear_pI,0.7804052022245298,5.059147834777832,xgb,log_kcat_value
22,linear_pI,0.26240624061513756,5.490214824676514,xgb,log_kcat_value
23,linear_pI,-0.5707853773924862,9.912095069885254,xgb,log_kcat_value
24,linear_pI,-0.12517621545537444,6.695826530456543,xgb,log_kcat_value
25,linear_pI,0.39878697587555545,4.702028274536133,xgb,log_kcat_value
26,linear_pI,0.06424936197456685,7.202432632446289,xgb,log_kcat_value
27,linear_pI,-0.20626412532746508,6.292781352996826,xgb,log_kcat_value
28,linear_pI,-0.20899820440627626,8.276016235351562,xgb,log_kcat_value
29,linear_pI,0.30231576236751057,5.543813705444336,xgb,log_kcat_value
30,linear_pI,0.1833601719679151,5.687616348266602,xgb,log_kcat_value
31,linear_pI,0.0,5.420984745025635,xgb,log_kcat_value
32,linear_pI,0.0,4.8506622314453125,xgb,log_kcat_value
33,linear_pI,0.10418136928393654,4.928815841674805,xgb,log_kcat_value
34,linear_pI,-0.3336667297937642,5.096945762634277,xgb,log_kcat_value
35,linear_pI,0.0,5.201074600219727,xgb,log_kcat_value
36,linear_pI,-0.09200671981073272,5.795383453369141,xgb,log_kcat_value
37,linear_pI,0.620450322867208,5.53369665145874,xgb,log_kcat_value
38,linear_pI,0.0,5.351470947265625,xgb,log_kcat_value
39,linear_pI,-0.40142953401957737,8.480703353881836,xgb,log_kcat_value
40,linear_pI,0.0,8.114522933959961,xgb,log_kcat_value
41,linear_pI,-0.601489101986233,7.901454925537109,xgb,log_kcat_value
42,linear_pI,0.0,6.006085395812988,xgb,log_kcat_value
43,linear_pI,-0.39521134351321974,6.734988689422607,xgb,log_kcat_value
44,linear_pI,-0.19560363740208736,5.983747482299805,xgb,log_kcat_value
45,linear_pI,0.2434595205128047,5.315207481384277,xgb,log_kcat_value
46,linear_pI,-0.2404041966013712,6.28255033493042,xgb,log_kcat_value
47,linear_pI,-0.31554867280550003,5.207554340362549,xgb,log_kcat_value
48,linear_pI,-1.1082958360162114,8.41720199584961,xgb,log_kcat_value
49,linear_pI,0.0,8.76462173461914,xgb,log_kcat_value
50,linear_pI,0.1912598956081905,5.227959632873535,xgb,log_kcat_value
51,linear_pI,0.244585307288288,5.230062484741211,xgb,log_kcat_value
52,linear_pI,-0.1434953269930014,6.303125858306885,xgb,log_kcat_value
53,linear_pI,-0.15984052641535498,8.511260986328125,xgb,log_kcat_value
54,linear_pI,-0.11646883395435526,7.614003658294678,xgb,log_kcat_value
55,linear_pI,0.0,9.094635963439941,xgb,log_kcat_value
56,linear_pI,0.0,8.47560977935791,xgb,log_kcat_value
57,linear_pI,0.13137021367761578,5.326916217803955,xgb,log_kcat_value
58,linear_pI,0.0,9.225764274597168,xgb,log_kcat_value
59,linear_pI,-0.18590535069476483,6.514169216156006,xgb,log_kcat_value
60,linear_pI,0.042004453812288255,5.584965229034424,xgb,log_kcat_value
61,linear_pI,0.11148960182044763,7.81190824508667,xgb,log_kcat_value
62,linear_pI,0.0,6.975531101226807,xgb,log_kcat_value
63,linear_pI,0.0,8.813617706298828,xgb,log_kcat_value
64,linear_pI,0.3044722298402867,5.868591785430908,xgb,log_kcat_value
65,linear_pI,-0.1601396738346886,6.357521057128906,xgb,log_kcat_value
66,linear_pI,-0.054464578389363257,5.149465084075928,xgb,log_kcat_value
67,linear_pI,-0.33987683800369123,7.610593318939209,xgb,log_kcat_value
68,linear_pI,-0.7326900443524275,6.351495742797852,xgb,log_kcat_value
69,linear_pI,-0.3451165124850176,5.978745937347412,xgb,log_kcat_value
70,linear_pI,0.24995797777238646,5.27689790725708,xgb,log_kcat_value
71,linear_pI,0.0,4.823209285736084,xgb,log_kcat_value
72,linear_pI,0.0,5.727005958557129,xgb,log_kcat_value
73,linear_pI,-0.18052025881845818,5.920883655548096,xgb,log_kcat_value
74,linear_pI,-0.35131968049875867,6.762271404266357,xgb,log_kcat_value
75,linear_pI,0.017084350518162594,6.6927571296691895,xgb,log_kcat_value
76,linear_pI,0.06166456596187042,9.252067565917969,xgb,log_kcat_value
77,linear_pI,0.21038841684849888,5.130992412567139,xgb,log_kcat_value
78,linear_pI,-0.9394752849677533,4.874876022338867,xgb,log_kcat_value
79,linear_pI,0.30297246511634707,5.383016586303711,xgb,log_kcat_value
80,linear_pI,-0.06136093866604159,5.401886940002441,xgb,log_kcat_value
81,linear_pI,0.38468927975847556,4.935238838195801,xgb,log_kcat_value
82,linear_pI,0.4576674271317777,8.554519653320312,xgb,log_kcat_value
83,linear_pI,-0.0606249877659857,6.668657302856445,xgb,log_kcat_value
84,linear_pI,0.2777191561543404,5.543813705444336,xgb,log_kcat_value
85,linear_pI,0.7348013131859611,5.794075965881348,xgb,log_kcat_value
86,linear_pI,0.2299581532216515,5.159696102142334,xgb,log_kcat_value
87,linear_pI,-0.015261300680903561,4.826619625091553,xgb,log_kcat_value
88,linear_pI,-1.4832552210949999,6.654618263244629,xgb,log_kcat_value
89,linear_pI,0.14456619489717984,5.863874435424805,xgb,log_kcat_value
90,linear_pI,0.26906142996038207,5.636802673339844,xgb,log_kcat_value
91,linear_pI,0.0,6.975531101226807,xgb,log_kcat_value
92,linear_pI,-0.16660362257860334,6.449429512023926,xgb,log_kcat_value
93,linear_pI,-0.4378910531100399,6.380199432373047,xgb,log_kcat_value
94,linear_pI,0.0,4.749773025512695,xgb,log_kcat_value
95,linear_pI,-0.25217476374031556,6.791941165924072,xgb,log_kcat_value
96,linear_pI,0.8494378476616845,6.214229583740234,xgb,log_kcat_value
97,linear_pI,0.0,5.874048233032227,xgb,log_kcat_value
98,linear_pI,-0.129895727658407,7.120357036590576,xgb,log_kcat_value
99,linear_pI,0.0,4.759777069091797,xgb,log_kcat_value
0,linear_aromaticity,-0.1970370228943363,0.056179776787757874,xgb,log_kcat_value
1,linear_aromaticity,0.23327430095775178,0.1299559473991394,xgb,log_kcat_value
2,linear_aromaticity,0.0,0.08964451402425766,xgb,log_kcat_value
3,linear_aromaticity,0.0,0.08771929889917374,xgb,log_kcat_value
4,linear_aromaticity,0.19211752687853792,0.0731707289814949,xgb,log_kcat_value
5,linear_aromaticity,0.0,0.07299269735813141,xgb,log_kcat_value
6,linear_aromaticity,0.0,0.08666666597127914,xgb,log_kcat_value
7,linear_aromaticity,-0.2515117384909506,0.06684491783380508,xgb,log_kcat_value
8,linear_aromaticity,-0.13414208743361253,0.0882352963089943,xgb,log_kcat_value
9,linear_aromaticity,0.0,0.08781362324953079,xgb,log_kcat_value
10,linear_aromaticity,-0.25172049728838136,0.06557376682758331,xgb,log_kcat_value
11,linear_aromaticity,0.09234119489251696,0.08143322169780731,xgb,log_kcat_value
12,linear_aromaticity,0.13009875128858,0.11244980245828629,xgb,log_kcat_value
13,linear_aromaticity,-0.4929115941949018,0.095563143491745,xgb,log_kcat_value
14,linear_aromaticity,0.0,0.06735751032829285,xgb,log_kcat_value
15,linear_aromaticity,0.2749101209096556,0.03076923079788685,xgb,log_kcat_value
16,linear_aromaticity,-0.23437907469703212,0.06617647409439087,xgb,log_kcat_value
17,linear_aromaticity,-0.2513141533827012,0.10382513701915741,xgb,log_kcat_value
18,linear_aromaticity,0.0,0.0925619825720787,xgb,log_kcat_value
19,linear_aromaticity,0.1606684559698864,0.09071274101734161,xgb,log_kcat_value
20,linear_aromaticity,0.0,0.08363636583089828,xgb,log_kcat_value
21,linear_aromaticity,0.758715252035512,0.057057056576013565,xgb,log_kcat_value
22,linear_aromaticity,0.24230409886178203,0.12857143580913544,xgb,log_kcat_value
23,linear_aromaticity,-0.34562936834275226,0.04194631054997444,xgb,log_kcat_value
24,linear_aromaticity,-0.07861528618371283,0.1080000028014183,xgb,log_kcat_value
25,linear_aromaticity,0.2610922141950504,0.11928429454565048,xgb,log_kcat_value
26,linear_aromaticity,0.14185817010756985,0.08759123831987381,xgb,log_kcat_value
27,linear_aromaticity,-0.19626595546548484,0.09803921729326248,xgb,log_kcat_value
28,linear_aromaticity,-0.06542596253380503,0.11359026283025742,xgb,log_kcat_value
29,linear_aromaticity,0.0,0.09090909361839294,xgb,log_kcat_value
30,linear_aromaticity,-0.07347507832509836,0.08351488411426544,xgb,log_kcat_value
31,linear_aromaticity,-0.1734002115792785,0.09809264540672302,xgb,log_kcat_value
32,linear_aromaticity,-0.09247549230548928,0.08187134563922882,xgb,log_kcat_value
33,linear_aromaticity,0.0,0.09433962404727936,xgb,log_kcat_value
34,linear_aromaticity,-0.13802021786731672,0.08968609571456909,xgb,log_kcat_value
35,linear_aromaticity,0.3737080998762184,0.05074626952409744,xgb,log_kcat_value
36,linear_aromaticity,0.22785137279320014,0.07971014827489853,xgb,log_kcat_value
37,linear_aromaticity,0.3167036542162063,0.061274509876966476,xgb,log_kcat_value
38,linear_aromaticity,0.0,0.07246376574039459,xgb,log_kcat_value
39,linear_aromaticity,-0.33156201057236356,0.10803323984146118,xgb,log_kcat_value
40,linear_aromaticity,-0.04152320852087982,0.10315985232591629,xgb,log_kcat_value
41,linear_aromaticity,-0.11571473679009527,0.12406015396118164,xgb,log_kcat_value
42,linear_aromaticity,0.07933898208771306,0.0835443064570427,xgb,log_kcat_value
43,linear_aromaticity,-0.16896913301499347,0.11290322244167328,xgb,log_kcat_value
44,linear_aromaticity,0.0,0.0833333358168602,xgb,log_kcat_value
45,linear_aromaticity,0.0,0.10629921406507492,xgb,log_kcat_value
46,linear_aromaticity,-0.04733537984921466,0.07382550090551376,xgb,log_kcat_value
47,linear_aromaticity,-0.26372337838386123,0.11439114063978195,xgb,log_kcat_value
48,linear_aromaticity,-0.23326715282992247,0.06551723927259445,xgb,log_kcat_value
49,linear_aromaticity,0.06596877650419528,0.09459459781646729,xgb,log_kcat_value
50,linear_aromaticity,0.0,0.08363636583089828,xgb,log_kcat_value
51,linear_aromaticity,0.2931409264923315,0.0625,xgb,log_kcat_value
52,linear_aromaticity,0.0,0.08896797150373459,xgb,log_kcat_value
53,linear_aromaticity,0.0,0.09459459781646729,xgb,log_kcat_value
54,linear_aromaticity,0.0,0.07260274142026901,xgb,log_kcat_value
55,linear_aromaticity,0.0,0.04810996726155281,xgb,log_kcat_value
56,linear_aromaticity,0.30369881704257146,0.06166219711303711,xgb,log_kcat_value
57,linear_aromaticity,0.0,0.11836734414100647,xgb,log_kcat_value
58,linear_aromaticity,0.1584956391764093,0.095238097012043,xgb,log_kcat_value
59,linear_aromaticity,-0.0692448154188374,0.09584664553403854,xgb,log_kcat_value
60,linear_aromaticity,0.025484517390553352,0.07289719581604004,xgb,log_kcat_value
61,linear_aromaticity,0.12839450109789194,0.0555555559694767,xgb,log_kcat_value
62,linear_aromaticity,-0.43163679879849653,0.08650518953800201,xgb,log_kcat_value
63,linear_aromaticity,-0.31927231651594035,0.04316546767950058,xgb,log_kcat_value
64,linear_aromaticity,0.5232969100615297,0.11695906519889832,xgb,log_kcat_value
65,linear_aromaticity,-0.1896818164616191,0.12391930818557739,xgb,log_kcat_value
66,linear_aromaticity,-0.19335014700319425,0.043902438133955,xgb,log_kcat_value
67,linear_aromaticity,-0.05872203386163566,0.08950617164373398,xgb,log_kcat_value
68,linear_aromaticity,-0.22332969698779684,0.11974109709262848,xgb,log_kcat_value
69,linear_aromaticity,0.04398538854692591,0.08103448152542114,xgb,log_kcat_value
70,linear_aromaticity,-0.2635000733342602,0.06544502824544907,xgb,log_kcat_value
71,linear_aromaticity,0.0,0.10727272927761078,xgb,log_kcat_value
72,linear_aromaticity,0.3683041803829728,0.05923344939947128,xgb,log_kcat_value
73,linear_aromaticity,0.03096828529485357,0.07308970391750336,xgb,log_kcat_value
74,linear_aromaticity,-0.09389134179666811,0.10216718167066574,xgb,log_kcat_value
75,linear_aromaticity,0.039731336803837065,0.11042945086956024,xgb,log_kcat_value
76,linear_aromaticity,0.10881076328893868,0.06829268485307693,xgb,log_kcat_value
77,linear_aromaticity,0.041365351344352486,0.045584045350551605,xgb,log_kcat_value
78,linear_aromaticity,-0.20882890099093546,0.06984127312898636,xgb,log_kcat_value
79,linear_aromaticity,0.0,0.14141413569450378,xgb,log_kcat_value
80,linear_aromaticity,0.12985627391593232,0.10160427540540695,xgb,log_kcat_value
81,linear_aromaticity,0.12244749966589029,0.09433962404727936,xgb,log_kcat_value
82,linear_aromaticity,0.0,0.08923884481191635,xgb,log_kcat_value
83,linear_aromaticity,0.19550288661400658,0.0602409653365612,xgb,log_kcat_value
84,linear_aromaticity,0.07582084790502806,0.09090909361839294,xgb,log_kcat_value
85,linear_aromaticity,0.23233695574635208,0.08528784662485123,xgb,log_kcat_value
86,linear_aromaticity,0.1257531471496362,0.07279693335294724,xgb,log_kcat_value
87,linear_aromaticity,0.0,0.0762711837887764,xgb,log_kcat_value
88,linear_aromaticity,-1.1925252578855337,0.06681514531373978,xgb,log_kcat_value
89,linear_aromaticity,0.0,0.11263736337423325,xgb,log_kcat_value
90,linear_aromaticity,0.06399063214763179,0.09003215283155441,xgb,log_kcat_value
91,linear_aromaticity,-0.43350090813309927,0.08650518953800201,xgb,log_kcat_value
92,linear_aromaticity,-0.09394454958886239,0.07620321214199066,xgb,log_kcat_value
93,linear_aromaticity,-0.0453844074463493,0.1666666716337204,xgb,log_kcat_value
94,linear_aromaticity,0.10286494336187722,0.08527132123708725,xgb,log_kcat_value
95,linear_aromaticity,0.0,0.07623318582773209,xgb,log_kcat_value
96,linear_aromaticity,0.36260345682625394,0.04554865509271622,xgb,log_kcat_value
97,linear_aromaticity,-0.12034217468969564,0.10912051796913147,xgb,log_kcat_value
98,linear_aromaticity,0.389845412950894,0.1345514953136444,xgb,log_kcat_value
99,linear_aromaticity,0.0608382565792448,0.09433962404727936,xgb,log_kcat_value
0,linear_instability_index,0.0,40.4730339050293,xgb,log_kcat_value
1,linear_instability_index,0.0,41.72361373901367,xgb,log_kcat_value
2,linear_instability_index,0.36008004649699893,20.743894577026367,xgb,log_kcat_value
3,linear_instability_index,0.27394109760940677,29.556184768676758,xgb,log_kcat_value
4,linear_instability_index,0.7278016859372486,24.43170738220215,xgb,log_kcat_value
5,linear_instability_index,-0.3138229202782857,45.554378509521484,xgb,log_kcat_value
6,linear_instability_index,0.7803301166018209,26.795555114746094,xgb,log_kcat_value
7,linear_instability_index,0.34516053576527106,30.498929977416992,xgb,log_kcat_value
8,linear_instability_index,0.22194231780430948,30.132827758789062,xgb,log_kcat_value
9,linear_instability_index,0.30575231110172746,30.215232849121094,xgb,log_kcat_value
10,linear_instability_index,0.3093234677590797,28.77985954284668,xgb,log_kcat_value
11,linear_instability_index,-0.1332762488533311,34.23029327392578,xgb,log_kcat_value
12,linear_instability_index,0.30500994199064013,36.15943908691406,xgb,log_kcat_value
13,linear_instability_index,-1.0121034643938978,20.389760971069336,xgb,log_kcat_value
14,linear_instability_index,0.18591934601291293,27.34922218322754,xgb,log_kcat_value
15,linear_instability_index,0.9926209683535809,71.22307586669922,xgb,log_kcat_value
16,linear_instability_index,-0.2852978662650557,41.17647171020508,xgb,log_kcat_value
17,linear_instability_index,0.479041898698767,26.987977981567383,xgb,log_kcat_value
18,linear_instability_index,0.23146353925545082,30.645967483520508,xgb,log_kcat_value
19,linear_instability_index,-0.8621458065017301,48.34492492675781,xgb,log_kcat_value
20,linear_instability_index,0.24776257559919923,18.041454315185547,xgb,log_kcat_value
21,linear_instability_index,1.4942154571205046,24.145376205444336,xgb,log_kcat_value
22,linear_instability_index,0.1333878637049746,40.72292709350586,xgb,log_kcat_value
23,linear_instability_index,-1.5138745577477695,56.4294548034668,xgb,log_kcat_value
24,linear_instability_index,0.0,40.58243942260742,xgb,log_kcat_value
25,linear_instability_index,0.1779443505723631,30.82608413696289,xgb,log_kcat_value
26,linear_instability_index,0.3026420951807713,43.99197006225586,xgb,log_kcat_value
27,linear_instability_index,-0.5160582529923337,42.32263946533203,xgb,log_kcat_value
28,linear_instability_index,0.2810005444074335,33.6529426574707,xgb,log_kcat_value
29,linear_instability_index,0.20424484232399395,29.49570655822754,xgb,log_kcat_value
30,linear_instability_index,-0.07025270373840724,39.311256408691406,xgb,log_kcat_value
31,linear_instability_index,-0.8665223024824443,48.76811981201172,xgb,log_kcat_value
32,linear_instability_index,-0.4792101381029147,56.306434631347656,xgb,log_kcat_value
33,linear_instability_index,0.2242891856970856,37.88867950439453,xgb,log_kcat_value
34,linear_instability_index,0.519002111348751,26.4313907623291,xgb,log_kcat_value
35,linear_instability_index,0.5690184411925477,24.543283462524414,xgb,log_kcat_value
36,linear_instability_index,0.0,36.16545867919922,xgb,log_kcat_value
37,linear_instability_index,0.715565062344704,25.085784912109375,xgb,log_kcat_value
38,linear_instability_index,0.04020678650187626,33.18937301635742,xgb,log_kcat_value
39,linear_instability_index,-0.12981295275756657,39.30194091796875,xgb,log_kcat_value
40,linear_instability_index,-0.24039702203445093,43.170101165771484,xgb,log_kcat_value
41,linear_instability_index,-0.07863162572025287,34.2353401184082,xgb,log_kcat_value
42,linear_instability_index,0.5171961536067591,26.821290969848633,xgb,log_kcat_value
43,linear_instability_index,0.0,32.27096939086914,xgb,log_kcat_value
44,linear_instability_index,0.20302703428187546,33.936622619628906,xgb,log_kcat_value
45,linear_instability_index,0.015163165927339375,50.93901443481445,xgb,log_kcat_value
46,linear_instability_index,-0.21792539064750674,45.46780776977539,xgb,log_kcat_value
47,linear_instability_index,0.17650758525155297,32.34833908081055,xgb,log_kcat_value
48,linear_instability_index,-0.6622986067574096,50.29576873779297,xgb,log_kcat_value
49,linear_instability_index,-0.04147251306732347,43.838287353515625,xgb,log_kcat_value
50,linear_instability_index,0.1819718572642917,18.041454315185547,xgb,log_kcat_value
51,linear_instability_index,0.0,36.25592041015625,xgb,log_kcat_value
52,linear_instability_index,0.0,32.6473503112793,xgb,log_kcat_value
53,linear_instability_index,-0.34276987721178975,46.05450439453125,xgb,log_kcat_value
54,linear_instability_index,0.0,38.49864196777344,xgb,log_kcat_value
55,linear_instability_index,-0.11987237430401887,21.893470764160156,xgb,log_kcat_value
56,linear_instability_index,0.2602827204423608,29.977210998535156,xgb,log_kcat_value
57,linear_instability_index,0.0,39.8644905090332,xgb,log_kcat_value
58,linear_instability_index,-0.04941688263071875,43.14975357055664,xgb,log_kcat_value
59,linear_instability_index,-0.7476368676744156,47.2415657043457,xgb,log_kcat_value
60,linear_instability_index,0.0,28.26448631286621,xgb,log_kcat_value
61,linear_instability_index,0.13972979736036903,33.99927520751953,xgb,log_kcat_value
62,linear_instability_index,0.0,37.77802658081055,xgb,log_kcat_value
63,linear_instability_index,-0.14868138350364463,49.12841796875,xgb,log_kcat_value
64,linear_instability_index,0.6766947877784107,50.57514572143555,xgb,log_kcat_value
65,linear_instability_index,-0.029956320147340565,34.1793098449707,xgb,log_kcat_value
66,linear_instability_index,0.07304715892156506,32.57682800292969,xgb,log_kcat_value
67,linear_instability_index,0.0,22.448488235473633,xgb,log_kcat_value
68,linear_instability_index,-1.4279952671537588,47.34210205078125,xgb,log_kcat_value
69,linear_instability_index,0.0,39.192256927490234,xgb,log_kcat_value
70,linear_instability_index,0.0,33.54400634765625,xgb,log_kcat_value
71,linear_instability_index,0.0,38.735145568847656,xgb,log_kcat_value
72,linear_instability_index,0.0,31.679443359375,xgb,log_kcat_value
73,linear_instability_index,0.09838768634410675,24.524917602539062,xgb,log_kcat_value
74,linear_instability_index,0.0,36.70687484741211,xgb,log_kcat_value
75,linear_instability_index,0.23972074507652608,40.049713134765625,xgb,log_kcat_value
76,linear_instability_index,-0.40458286649231884,57.29707336425781,xgb,log_kcat_value
77,linear_instability_index,-0.10992886658334154,34.78888702392578,xgb,log_kcat_value
78,linear_instability_index,-0.3234364717604151,34.24253845214844,xgb,log_kcat_value
79,linear_instability_index,0.6636279242089782,26.673736572265625,xgb,log_kcat_value
80,linear_instability_index,0.752708110239305,25.816452026367188,xgb,log_kcat_value
81,linear_instability_index,0.17272676470065684,29.386295318603516,xgb,log_kcat_value
82,linear_instability_index,0.3960384049889078,34.13729476928711,xgb,log_kcat_value
83,linear_instability_index,0.465192249141887,22.016265869140625,xgb,log_kcat_value
84,linear_instability_index,0.1484214181826158,29.49570655822754,xgb,log_kcat_value
85,linear_instability_index,0.0,49.28059768676758,xgb,log_kcat_value
86,linear_instability_index,0.15579599486336249,28.227203369140625,xgb,log_kcat_value
87,linear_instability_index,-0.4008592699545972,52.226505279541016,xgb,log_kcat_value
88,linear_instability_index,-0.5551502771253952,36.974185943603516,xgb,log_kcat_value
89,linear_instability_index,0.12424471705196198,35.23027420043945,xgb,log_kcat_value
90,linear_instability_index,0.0,40.87767028808594,xgb,log_kcat_value
91,linear_instability_index,0.0,37.77802658081055,xgb,log_kcat_value
92,linear_instability_index,0.0,33.57646942138672,xgb,log_kcat_value
93,linear_instability_index,-0.8017916323404131,51.38637161254883,xgb,log_kcat_value
94,linear_instability_index,0.0,35.220970153808594,xgb,log_kcat_value
95,linear_instability_index,-0.5448280746491966,43.26369857788086,xgb,log_kcat_value
96,linear_instability_index,0.44136462960746303,33.91324996948242,xgb,log_kcat_value
97,linear_instability_index,-0.7029300949207923,42.40099334716797,xgb,log_kcat_value
98,linear_instability_index,0.41409140936466826,37.09735870361328,xgb,log_kcat_value
99,linear_instability_index,0.18992545497968916,40.579246520996094,xgb,log_kcat_value
0,linear_pH_value,0.2830961448775427,8.0,xgb,log_km_value
1,linear_pH_value,0.08699391120375394,7.0,xgb,log_km_value
2,linear_pH_value,-0.10139060592327952,7.5,xgb,log_km_value
3,linear_pH_value,-0.21942066416965983,7.5,xgb,log_km_value
4,linear_pH_value,0.0,7.0,xgb,log_km_value
5,linear_pH_value,0.43997031723352814,6.5,xgb,log_km_value
6,linear_pH_value,0.12045488987521293,8.0,xgb,log_km_value
7,linear_pH_value,0.0,7.5,xgb,log_km_value
8,linear_pH_value,-0.18978961080428114,7.4,xgb,log_km_value
9,linear_pH_value,0.7598347466169373,9.5,xgb,log_km_value
10,linear_pH_value,0.0,7.8,xgb,log_km_value
11,linear_pH_value,-0.12099209972973787,7.0,xgb,log_km_value
12,linear_pH_value,-0.2652930836997229,7.5,xgb,log_km_value
13,linear_pH_value,-0.17198922945533196,7.5,xgb,log_km_value
14,linear_pH_value,0.13523139407315485,8.0,xgb,log_km_value
15,linear_pH_value,-0.11455505157418656,7.3,xgb,log_km_value
16,linear_pH_value,0.3276876942194614,9.0,xgb,log_km_value
17,linear_pH_value,-0.24764560513846678,7.3,xgb,log_km_value
18,linear_pH_value,0.16207242064426494,7.0,xgb,log_km_value
19,linear_pH_value,0.08710183526542448,7.0,xgb,log_km_value
20,linear_pH_value,0.2781868211340777,7.0,xgb,log_km_value
21,linear_pH_value,-0.07937942709588762,7.2,xgb,log_km_value
22,linear_pH_value,0.6672947460719099,4.5,xgb,log_km_value
23,linear_pH_value,0.3419155289075336,6.0,xgb,log_km_value
24,linear_pH_value,-0.10228392571685431,7.5,xgb,log_km_value
25,linear_pH_value,-0.1741193525474166,8.0,xgb,log_km_value
26,linear_pH_value,-0.08159255796166326,7.0,xgb,log_km_value
27,linear_pH_value,-0.10891984459798154,8.0,xgb,log_km_value
28,linear_pH_value,-0.16633876704949396,7.4,xgb,log_km_value
29,linear_pH_value,0.2358859819321965,8.0,xgb,log_km_value
30,linear_pH_value,-0.28736613583569465,5.75,xgb,log_km_value
31,linear_pH_value,0.17696290767137676,7.0,xgb,log_km_value
32,linear_pH_value,0.24135648855247094,9.25,xgb,log_km_value
33,linear_pH_value,-0.05748190874398972,7.0,xgb,log_km_value
34,linear_pH_value,0.1151307912853671,7.0,xgb,log_km_value
35,linear_pH_value,0.31608904419183675,9.2,xgb,log_km_value
36,linear_pH_value,-0.18462011408388426,7.5,xgb,log_km_value
37,linear_pH_value,0.0,7.5,xgb,log_km_value
38,linear_pH_value,0.16993819600623772,8.0,xgb,log_km_value
39,linear_pH_value,0.1952255297143724,7.0,xgb,log_km_value
40,linear_pH_value,-0.11772163419787174,7.4,xgb,log_km_value
41,linear_pH_value,-0.31151828095779716,7.4,xgb,log_km_value
42,linear_pH_value,0.18680298907099394,8.5,xgb,log_km_value
43,linear_pH_value,0.0,7.0,xgb,log_km_value
44,linear_pH_value,0.0,6.7,xgb,log_km_value
45,linear_pH_value,0.04443881779646205,8.0,xgb,log_km_value
46,linear_pH_value,0.16392991383882574,8.0,xgb,log_km_value
47,linear_pH_value,-0.5851763384599583,8.5,xgb,log_km_value
48,linear_pH_value,-0.08991715097663192,7.5,xgb,log_km_value
49,linear_pH_value,0.19770231440094949,8.0,xgb,log_km_value
50,linear_pH_value,0.25900796443980356,7.0,xgb,log_km_value
51,linear_pH_value,-0.18011582179640712,7.5,xgb,log_km_value
52,linear_pH_value,-0.13187120423741677,7.4,xgb,log_km_value
53,linear_pH_value,-0.232726644520443,7.4,xgb,log_km_value
54,linear_pH_value,-0.21875356508632526,7.8,xgb,log_km_value
55,linear_pH_value,0.10218656224669032,7.0,xgb,log_km_value
56,linear_pH_value,0.4563284485160207,10.0,xgb,log_km_value
57,linear_pH_value,0.07376404344191767,7.1,xgb,log_km_value
58,linear_pH_value,0.28852256380322,6.0,xgb,log_km_value
59,linear_pH_value,-0.21624737878225184,7.4,xgb,log_km_value
60,linear_pH_value,0.026097180073191135,8.0,xgb,log_km_value
61,linear_pH_value,0.1874959114454916,8.0,xgb,log_km_value
62,linear_pH_value,0.7591823360998423,9.5,xgb,log_km_value
63,linear_pH_value,0.38376627781349076,6.0,xgb,log_km_value
64,linear_pH_value,0.4549785997778339,5.5,xgb,log_km_value
65,linear_pH_value,0.0,8.0,xgb,log_km_value
66,linear_pH_value,-0.10327423608262701,7.4,xgb,log_km_value
67,linear_pH_value,0.2876861992950034,6.5,xgb,log_km_value
68,linear_pH_value,0.10361506037331289,7.0,xgb,log_km_value
69,linear_pH_value,0.0,7.4,xgb,log_km_value
70,linear_pH_value,-0.2859067217351231,7.5,xgb,log_km_value
71,linear_pH_value,0.0,7.6,xgb,log_km_value
72,linear_pH_value,-0.1316316078278177,7.4,xgb,log_km_value
73,linear_pH_value,-0.0930411256556317,8.0,xgb,log_km_value
74,linear_pH_value,-0.18263986721370065,7.4,xgb,log_km_value
75,linear_pH_value,-0.09060375612895616,8.0,xgb,log_km_value
76,linear_pH_value,-0.23725954744387784,7.5,xgb,log_km_value
77,linear_pH_value,0.19268947725271074,6.5,xgb,log_km_value
78,linear_pH_value,-0.10776588458884324,7.5,xgb,log_km_value
79,linear_pH_value,0.1080582658831464,6.1,xgb,log_km_value
80,linear_pH_value,-0.3108512375922557,7.5,xgb,log_km_value
81,linear_pH_value,0.17526079921041227,6.0,xgb,log_km_value
82,linear_pH_value,0.0,7.0,xgb,log_km_value
83,linear_pH_value,0.0,7.5,xgb,log_km_value
84,linear_pH_value,0.10580554582469251,8.0,xgb,log_km_value
85,linear_pH_value,0.0,7.5,xgb,log_km_value
86,linear_pH_value,0.0,8.0,xgb,log_km_value
87,linear_pH_value,0.2868664153977694,8.0,xgb,log_km_value
88,linear_pH_value,0.1703592374528559,8.0,xgb,log_km_value
89,linear_pH_value,-0.22240889810051132,7.5,xgb,log_km_value
90,linear_pH_value,-0.33809655734344934,7.4,xgb,log_km_value
91,linear_pH_value,0.7634322833374599,9.5,xgb,log_km_value
92,linear_pH_value,0.0,7.6,xgb,log_km_value
93,linear_pH_value,-0.17014795396524146,7.2,xgb,log_km_value
94,linear_pH_value,-0.10326042026019179,7.4,xgb,log_km_value
95,linear_pH_value,-0.34182628310512786,7.4,xgb,log_km_value
96,linear_pH_value,-0.13310275567080063,7.5,xgb,log_km_value
97,linear_pH_value,-0.542131542271288,7.4,xgb,log_km_value
98,linear_pH_value,-0.17606699936413533,7.2,xgb,log_km_value
99,linear_pH_value,-0.28336869826037014,7.8,xgb,log_km_value
0,linear_temperature_value,-0.20090232834441368,25.0,xgb,log_km_value
1,linear_temperature_value,0.0,25.0,xgb,log_km_value
2,linear_temperature_value,0.0,37.0,xgb,log_km_value
3,linear_temperature_value,0.06215775929137046,30.0,xgb,log_km_value
4,linear_temperature_value,0.2988556161581189,30.0,xgb,log_km_value
5,linear_temperature_value,0.051389755554289415,35.0,xgb,log_km_value
6,linear_temperature_value,0.7800651399268943,45.0,xgb,log_km_value
7,linear_temperature_value,0.0,25.0,xgb,log_km_value
8,linear_temperature_value,-0.060347523576790296,25.0,xgb,log_km_value
9,linear_temperature_value,0.0,25.0,xgb,log_km_value
10,linear_temperature_value,0.06812130406166342,25.0,xgb,log_km_value
11,linear_temperature_value,-0.3206555581752539,22.0,xgb,log_km_value
12,linear_temperature_value,-0.2942003113850257,37.0,xgb,log_km_value
13,linear_temperature_value,-0.34449974857325816,24.0,xgb,log_km_value
14,linear_temperature_value,-0.18711816617871144,25.0,xgb,log_km_value
15,linear_temperature_value,-0.06186905702419354,24.0,xgb,log_km_value
16,linear_temperature_value,-0.22335030157492364,24.0,xgb,log_km_value
17,linear_temperature_value,0.07524435307581158,37.0,xgb,log_km_value
18,linear_temperature_value,-0.347355537003347,23.0,xgb,log_km_value
19,linear_temperature_value,0.0,30.0,xgb,log_km_value
20,linear_temperature_value,0.0,37.0,xgb,log_km_value
21,linear_temperature_value,-0.08183685514593265,23.0,xgb,log_km_value
22,linear_temperature_value,0.20760110897054748,37.0,xgb,log_km_value
23,linear_temperature_value,0.15142292245934094,30.0,xgb,log_km_value
24,linear_temperature_value,-0.2542319980462888,25.0,xgb,log_km_value
25,linear_temperature_value,0.10376688531964422,37.0,xgb,log_km_value
26,linear_temperature_value,-0.22457107075711494,25.0,xgb,log_km_value
27,linear_temperature_value,-0.21900444388501242,37.0,xgb,log_km_value
28,linear_temperature_value,-0.1718345407149457,24.0,xgb,log_km_value
29,linear_temperature_value,-0.10726867131584239,37.0,xgb,log_km_value
30,linear_temperature_value,0.0,37.0,xgb,log_km_value
31,linear_temperature_value,0.0,37.0,xgb,log_km_value
32,linear_temperature_value,-0.077854302814517,37.0,xgb,log_km_value
33,linear_temperature_value,-0.6761137021516445,15.0,xgb,log_km_value
34,linear_temperature_value,0.0,25.0,xgb,log_km_value
35,linear_temperature_value,0.0,25.0,xgb,log_km_value
36,linear_temperature_value,0.0,36.85000000000002,xgb,log_km_value
37,linear_temperature_value,0.2533238574036786,37.0,xgb,log_km_value
38,linear_temperature_value,0.07286113939193245,37.0,xgb,log_km_value
39,linear_temperature_value,0.0,30.0,xgb,log_km_value
40,linear_temperature_value,0.0,30.0,xgb,log_km_value
41,linear_temperature_value,0.0,37.0,xgb,log_km_value
42,linear_temperature_value,0.0,25.0,xgb,log_km_value
43,linear_temperature_value,0.05911698379363842,28.0,xgb,log_km_value
44,linear_temperature_value,-0.49674834262199613,22.0,xgb,log_km_value
45,linear_temperature_value,0.0768331021061222,30.0,xgb,log_km_value
46,linear_temperature_value,0.0,30.0,xgb,log_km_value
47,linear_temperature_value,-0.12669296960011042,35.0,xgb,log_km_value
48,linear_temperature_value,-0.17283242549726768,37.0,xgb,log_km_value
49,linear_temperature_value,0.0,25.0,xgb,log_km_value
50,linear_temperature_value,-0.0919190229922009,37.0,xgb,log_km_value
51,linear_temperature_value,0.06575825961973451,32.0,xgb,log_km_value
52,linear_temperature_value,-0.23954025203753443,25.0,xgb,log_km_value
53,linear_temperature_value,0.2740641453390505,30.0,xgb,log_km_value
54,linear_temperature_value,0.0,32.0,xgb,log_km_value
55,linear_temperature_value,0.0,25.0,xgb,log_km_value
56,linear_temperature_value,0.0,25.0,xgb,log_km_value
57,linear_temperature_value,0.1607546953751264,30.0,xgb,log_km_value
58,linear_temperature_value,0.6096681353686334,55.0,xgb,log_km_value
59,linear_temperature_value,-0.2170238469241402,25.0,xgb,log_km_value
60,linear_temperature_value,0.101373573949072,30.0,xgb,log_km_value
61,linear_temperature_value,0.0,37.0,xgb,log_km_value
62,linear_temperature_value,0.1462218119697814,30.0,xgb,log_km_value
63,linear_temperature_value,-0.19055833013139445,37.0,xgb,log_km_value
64,linear_temperature_value,-0.22177405011109022,20.0,xgb,log_km_value
65,linear_temperature_value,0.0790728324205601,30.0,xgb,log_km_value
66,linear_temperature_value,-0.399523373781733,22.5,xgb,log_km_value
67,linear_temperature_value,0.11977411442927416,30.0,xgb,log_km_value
68,linear_temperature_value,0.06138422840193803,37.0,xgb,log_km_value
69,linear_temperature_value,0.098790790084448,30.0,xgb,log_km_value
70,linear_temperature_value,-0.4038242225072944,37.0,xgb,log_km_value
71,linear_temperature_value,0.0,25.0,xgb,log_km_value
72,linear_temperature_value,-0.36133177334710476,20.0,xgb,log_km_value
73,linear_temperature_value,0.13324828517463566,30.0,xgb,log_km_value
74,linear_temperature_value,-0.12859902103256884,25.0,xgb,log_km_value
75,linear_temperature_value,-0.1731511767771988,25.0,xgb,log_km_value
76,linear_temperature_value,0.0,25.0,xgb,log_km_value
77,linear_temperature_value,0.3700451579316302,55.0,xgb,log_km_value
78,linear_temperature_value,0.05554479619889366,30.0,xgb,log_km_value
79,linear_temperature_value,0.22526148336016127,37.0,xgb,log_km_value
80,linear_temperature_value,0.0,25.0,xgb,log_km_value
81,linear_temperature_value,0.7034895004985773,40.0,xgb,log_km_value
82,linear_temperature_value,-0.35535634329983484,20.0,xgb,log_km_value
83,linear_temperature_value,0.025342485622054323,37.0,xgb,log_km_value
84,linear_temperature_value,0.0,25.0,xgb,log_km_value
85,linear_temperature_value,0.9410359758590684,70.0,xgb,log_km_value
86,linear_temperature_value,0.0,25.0,xgb,log_km_value
87,linear_temperature_value,0.0,37.0,xgb,log_km_value
88,linear_temperature_value,0.0,25.0,xgb,log_km_value
89,linear_temperature_value,0.0,37.0,xgb,log_km_value
90,linear_temperature_value,-0.08515413434530829,37.0,xgb,log_km_value
91,linear_temperature_value,0.13583196343116286,30.0,xgb,log_km_value
92,linear_temperature_value,0.29688252460654485,37.0,xgb,log_km_value
93,linear_temperature_value,-0.2538695260193038,37.0,xgb,log_km_value
94,linear_temperature_value,0.0,30.0,xgb,log_km_value
95,linear_temperature_value,-0.13591940804205288,37.0,xgb,log_km_value
96,linear_temperature_value,0.15114487193584478,37.0,xgb,log_km_value
97,linear_temperature_value,-0.2803201159570258,37.0,xgb,log_km_value
98,linear_temperature_value,-0.12725150745717467,25.0,xgb,log_km_value
99,linear_temperature_value,-0.548319375539101,15.0,xgb,log_km_value
0,log_mol_wt,-0.8182310983479862,6.731916427612305,xgb,log_km_value
1,log_mol_wt,-0.48666390351512323,5.707943916320801,xgb,log_km_value
2,log_mol_wt,-0.2055967763858578,6.190985202789307,xgb,log_km_value
3,log_mol_wt,-0.8263025410739301,5.8562517166137695,xgb,log_km_value
4,log_mol_wt,-0.8545686787713148,6.500457286834717,xgb,log_km_value
5,log_mol_wt,0.38500999330680163,5.329045295715332,xgb,log_km_value
6,log_mol_wt,-0.8041271888470866,6.069307327270508,xgb,log_km_value
7,log_mol_wt,1.7773219805120473,3.785393476486206,xgb,log_km_value
8,log_mol_wt,1.4317406477485206,4.891123294830322,xgb,log_km_value
9,log_mol_wt,-0.5354042988206366,6.498941421508789,xgb,log_km_value
10,log_mol_wt,0.4286830218947616,5.124207973480225,xgb,log_km_value
11,log_mol_wt,-1.031697843595905,5.849969863891602,xgb,log_km_value
12,log_mol_wt,-0.39415699431303985,5.5057053565979,xgb,log_km_value
13,log_mol_wt,-0.9312187558179601,6.540703773498535,xgb,log_km_value
14,log_mol_wt,-1.1824606199301377,5.821132659912109,xgb,log_km_value
15,log_mol_wt,0.9846030273154335,4.728201866149902,xgb,log_km_value
16,log_mol_wt,1.4226873218850056,4.710214614868164,xgb,log_km_value
17,log_mol_wt,0.6436835660215556,4.805061340332031,xgb,log_km_value
18,log_mol_wt,1.3231489582505884,5.193823337554932,xgb,log_km_value
19,log_mol_wt,-0.9155605280887534,7.222805500030518,xgb,log_km_value
20,log_mol_wt,0.34482241864600693,5.018080711364746,xgb,log_km_value
21,log_mol_wt,0.7509545858082326,4.941864013671875,xgb,log_km_value
22,log_mol_wt,-0.7135036885355527,6.014785289764404,xgb,log_km_value
23,log_mol_wt,-0.440362625246853,6.180339813232422,xgb,log_km_value
24,log_mol_wt,-1.0718777898827687,6.533179759979248,xgb,log_km_value
25,log_mol_wt,-0.986624768628246,6.898574352264404,xgb,log_km_value
26,log_mol_wt,-0.9388598702244023,6.500457286834717,xgb,log_km_value
27,log_mol_wt,-0.5026340993987853,6.263158321380615,xgb,log_km_value
28,log_mol_wt,0.27798041753649666,5.133248329162598,xgb,log_km_value
29,log_mol_wt,0.4655637174539755,5.1071085929870605,xgb,log_km_value
30,log_mol_wt,-0.7562449247392664,6.504038333892822,xgb,log_km_value
31,log_mol_wt,1.62314073531252,3.4974162578582764,xgb,log_km_value
32,log_mol_wt,-0.5288529689262613,6.267428398132324,xgb,log_km_value
33,log_mol_wt,-1.2553578100178164,6.613954544067383,xgb,log_km_value
34,log_mol_wt,-0.9619024183828302,6.613954544067383,xgb,log_km_value
35,log_mol_wt,-0.6973815675089285,6.498941421508789,xgb,log_km_value
36,log_mol_wt,0.43172687008812505,5.2737531661987305,xgb,log_km_value
37,log_mol_wt,-0.6717317089704883,6.259927749633789,xgb,log_km_value
38,log_mol_wt,-0.6474124416140553,6.326718330383301,xgb,log_km_value
39,log_mol_wt,1.1471430291475289,4.022580146789551,xgb,log_km_value
40,log_mol_wt,1.138009981531532,4.076401233673096,xgb,log_km_value
41,log_mol_wt,-0.8633027851640199,5.830177307128906,xgb,log_km_value
42,log_mol_wt,0.26099452593558986,5.40387487411499,xgb,log_km_value
43,log_mol_wt,-1.2178109570055333,6.613954544067383,xgb,log_km_value
44,log_mol_wt,-1.0561547243719798,6.259927749633789,xgb,log_km_value
45,log_mol_wt,0.6240458103920385,4.85970401763916,xgb,log_km_value
46,log_mol_wt,-0.8614949937857507,5.656826972961426,xgb,log_km_value
47,log_mol_wt,0.26603010171449887,4.853708744049072,xgb,log_km_value
48,log_mol_wt,1.0573325507099878,4.837193965911865,xgb,log_km_value
49,log_mol_wt,0.703913751789943,5.311001777648926,xgb,log_km_value
50,log_mol_wt,1.1703408044646968,4.673874855041504,xgb,log_km_value
51,log_mol_wt,-1.0006525701534046,5.588165760040283,xgb,log_km_value
52,log_mol_wt,0.0,5.5612006187438965,xgb,log_km_value
53,log_mol_wt,-0.6100984855274123,5.624988079071045,xgb,log_km_value
54,log_mol_wt,0.7101911306504284,5.136133670806885,xgb,log_km_value
55,log_mol_wt,-0.8280944057630242,5.8562517166137695,xgb,log_km_value
56,log_mol_wt,-0.8778315392691399,6.612601280212402,xgb,log_km_value
57,log_mol_wt,0.0,5.5612006187438965,xgb,log_km_value
58,log_mol_wt,0.291771333434858,4.837162494659424,xgb,log_km_value
59,log_mol_wt,-0.8345282162688772,5.730693817138672,xgb,log_km_value
60,log_mol_wt,0.6007235560482398,4.9846062660217285,xgb,log_km_value
61,log_mol_wt,1.5886273203702128,4.6256489753723145,xgb,log_km_value
62,log_mol_wt,-0.5145740483187884,6.498941421508789,xgb,log_km_value
63,log_mol_wt,0.3077614193540767,5.210633277893066,xgb,log_km_value
64,log_mol_wt,0.5065670212659806,5.41232442855835,xgb,log_km_value
65,log_mol_wt,1.8860055020024038,4.489692211151123,xgb,log_km_value
66,log_mol_wt,-0.8974036091961825,6.500457286834717,xgb,log_km_value
67,log_mol_wt,-0.934743998147359,7.462864875793457,xgb,log_km_value
68,log_mol_wt,-0.9414466667086032,6.6965131759643555,xgb,log_km_value
69,log_mol_wt,1.136597887607581,4.883339881896973,xgb,log_km_value
70,log_mol_wt,0.5341958820200706,5.1883463859558105,xgb,log_km_value
71,log_mol_wt,0.49824277157542146,5.407664775848389,xgb,log_km_value
72,log_mol_wt,-0.7118775849078307,5.591841220855713,xgb,log_km_value
73,log_mol_wt,0.8719887758300371,4.754210472106934,xgb,log_km_value
74,log_mol_wt,-0.78122744732092,5.678338050842285,xgb,log_km_value
75,log_mol_wt,-0.08329506904438867,5.5612006187438965,xgb,log_km_value
76,log_mol_wt,-0.8785527569884836,6.500457286834717,xgb,log_km_value
77,log_mol_wt,1.7106294129792983,4.501164436340332,xgb,log_km_value
78,log_mol_wt,-0.18972926595093664,5.421349048614502,xgb,log_km_value
79,log_mol_wt,-0.7490531274992831,6.788968563079834,xgb,log_km_value
80,log_mol_wt,-0.5931519111496865,5.957556247711182,xgb,log_km_value
81,log_mol_wt,1.0600757707483004,5.193823337554932,xgb,log_km_value
82,log_mol_wt,-1.2217289571795047,6.029299736022949,xgb,log_km_value
83,log_mol_wt,1.1543062488188836,4.9846062660217285,xgb,log_km_value
84,log_mol_wt,1.1661440470098692,4.891123294830322,xgb,log_km_value
85,log_mol_wt,-0.42201814946536836,6.498941421508789,xgb,log_km_value
86,log_mol_wt,1.0988796020853702,5.193823337554932,xgb,log_km_value
87,log_mol_wt,-0.6744029956549993,6.228869915008545,xgb,log_km_value
88,log_mol_wt,1.3340613099003602,4.948894500732422,xgb,log_km_value
89,log_mol_wt,0.4083334596339865,5.252765655517578,xgb,log_km_value
90,log_mol_wt,-0.5337768028758442,6.180093288421631,xgb,log_km_value
91,log_mol_wt,-0.5250119508741798,6.498941421508789,xgb,log_km_value
92,log_mol_wt,-0.574030913701237,6.228869915008545,xgb,log_km_value
93,log_mol_wt,1.116717321542345,4.991316795349121,xgb,log_km_value
94,log_mol_wt,-1.0914033455544523,5.913881301879883,xgb,log_km_value
95,log_mol_wt,-0.7107691831439035,5.681434631347656,xgb,log_km_value
96,log_mol_wt,-0.7907920025400383,6.0572590827941895,xgb,log_km_value
97,log_mol_wt,0.49322316289644574,4.9423136711120605,xgb,log_km_value
98,log_mol_wt,-0.9504654290629336,5.714913845062256,xgb,log_km_value
99,log_mol_wt,-1.3615641929872973,6.094517230987549,xgb,log_km_value
0,linear_log_p,-0.3932646569761822,1.738700032234192,xgb,log_km_value
1,linear_log_p,0.49641221167037203,-1.2265000343322754,xgb,log_km_value
2,linear_log_p,0.5920717243741509,-2.2304999828338623,xgb,log_km_value
3,linear_log_p,0.0,0.3181000053882599,xgb,log_km_value
4,linear_log_p,0.28558615379433905,-2.6863999366760254,xgb,log_km_value
5,linear_log_p,-0.18679917314096972,1.7513999938964844,xgb,log_km_value
6,linear_log_p,-0.23476786679715625,0.04989999905228615,xgb,log_km_value
7,linear_log_p,-0.20194520734103708,0.20520000159740448,xgb,log_km_value
8,linear_log_p,0.3326287973002325,-1.1269999742507935,xgb,log_km_value
9,linear_log_p,0.4879771407401636,-3.015899896621704,xgb,log_km_value
10,linear_log_p,-0.46789419555115286,-0.3059999942779541,xgb,log_km_value
11,linear_log_p,0.11429283530695344,-1.8630000352859497,xgb,log_km_value
12,linear_log_p,-0.3788115176965949,1.1789000034332275,xgb,log_km_value
13,linear_log_p,-0.3647521402429462,1.1518199443817139,xgb,log_km_value
14,linear_log_p,0.2638493084960407,-2.452899932861328,xgb,log_km_value
15,linear_log_p,0.0,-0.49880000948905945,xgb,log_km_value
16,linear_log_p,0.25513413145751074,-1.6713000535964966,xgb,log_km_value
17,linear_log_p,-0.4042358607462571,0.18050000071525574,xgb,log_km_value
18,linear_log_p,0.9189442862560333,-3.221400022506714,xgb,log_km_value
19,linear_log_p,-0.6818225755635713,5.2357401847839355,xgb,log_km_value
20,linear_log_p,-0.32584245923779753,1.4072999954223633,xgb,log_km_value
21,linear_log_p,-0.36598792823070064,-0.3578000068664551,xgb,log_km_value
22,linear_log_p,0.3414088257532887,-1.1049000024795532,xgb,log_km_value
23,linear_log_p,0.4699224159248382,-2.2119998931884766,xgb,log_km_value
24,linear_log_p,-0.45330464537066273,3.172600030899048,xgb,log_km_value
25,linear_log_p,0.811461609265452,-14.257800102233887,xgb,log_km_value
26,linear_log_p,0.0,-2.6863999366760254,xgb,log_km_value
27,linear_log_p,-1.4506298474460788,11.542499542236328,xgb,log_km_value
28,linear_log_p,-0.8059623788588096,1.7745000123977661,xgb,log_km_value
29,linear_log_p,0.0,0.640999972820282,xgb,log_km_value
30,linear_log_p,-0.5033747580729989,1.9493000507354736,xgb,log_km_value
31,linear_log_p,0.08561189401705649,-0.6657000184059143,xgb,log_km_value
32,linear_log_p,0.49152565736662374,-9.468000411987305,xgb,log_km_value
33,linear_log_p,0.0,-2.5694000720977783,xgb,log_km_value
34,linear_log_p,0.4248035982145732,-2.5694000720977783,xgb,log_km_value
35,linear_log_p,0.4549998868812536,-3.015899896621704,xgb,log_km_value
36,linear_log_p,0.9083631947547102,-4.8277997970581055,xgb,log_km_value
37,linear_log_p,0.32080647335800555,-2.335700035095215,xgb,log_km_value
38,linear_log_p,0.2765326202161879,-3.2827000617980957,xgb,log_km_value
39,linear_log_p,-0.7900813445944328,-0.0024999999441206455,xgb,log_km_value
40,linear_log_p,-0.5830527631845505,-0.0024999999441206455,xgb,log_km_value
41,linear_log_p,-1.4176705909704486,5.349999904632568,xgb,log_km_value
42,linear_log_p,0.030807692805106642,-1.066499948501587,xgb,log_km_value
43,linear_log_p,0.20905745110784787,-2.5694000720977783,xgb,log_km_value
44,linear_log_p,0.3203021740307409,-2.335700035095215,xgb,log_km_value
45,linear_log_p,-0.22546969104133607,0.8248999714851379,xgb,log_km_value
46,linear_log_p,-0.4284032962533199,2.282399892807007,xgb,log_km_value
47,linear_log_p,-1.1117211207875541,2.545799970626831,xgb,log_km_value
48,linear_log_p,0.0,-0.6283800005912781,xgb,log_km_value
49,linear_log_p,0.0,2.156399965286255,xgb,log_km_value
50,linear_log_p,-0.20219035269793098,0.89410001039505,xgb,log_km_value
51,linear_log_p,0.06271373064839678,-1.9800000190734863,xgb,log_km_value
52,linear_log_p,0.5426311122955689,-3.1043999195098877,xgb,log_km_value
53,linear_log_p,0.0,1.145799994468689,xgb,log_km_value
54,linear_log_p,0.0664459976748709,-1.344499945640564,xgb,log_km_value
55,linear_log_p,0.0,0.3181000053882599,xgb,log_km_value
56,linear_log_p,0.4301923260399461,-2.898900032043457,xgb,log_km_value
57,linear_log_p,0.3877929235829495,-3.1043999195098877,xgb,log_km_value
58,linear_log_p,-0.5732423851972761,0.8033999800682068,xgb,log_km_value
59,linear_log_p,0.0,-1.7057000398635864,xgb,log_km_value
60,linear_log_p,0.09415802512129148,-1.3361999988555908,xgb,log_km_value
61,linear_log_p,0.09316534157606354,-2.3882999420166016,xgb,log_km_value
62,linear_log_p,0.463924341903657,-3.015899896621704,xgb,log_km_value
63,linear_log_p,-0.10865379556326141,2.3125998973846436,xgb,log_km_value
64,linear_log_p,-0.1870135978680237,2.311300039291382,xgb,log_km_value
65,linear_log_p,0.18605760336251034,-0.5817999839782715,xgb,log_km_value
66,linear_log_p,0.26579125252652774,-2.6863999366760254,xgb,log_km_value
67,linear_log_p,-0.9032331890784572,11.403169631958008,xgb,log_km_value
68,linear_log_p,0.15732548206789415,-1.3154000043869019,xgb,log_km_value
69,linear_log_p,0.7006817383535764,-3.7627999782562256,xgb,log_km_value
70,linear_log_p,0.7036059047414014,-3.255000114440918,xgb,log_km_value
71,linear_log_p,-0.5118753909352538,2.80649995803833,xgb,log_km_value
72,linear_log_p,0.2209252711757088,-2.268899917602539,xgb,log_km_value
73,linear_log_p,0.23560430360835946,-2.733599901199341,xgb,log_km_value
74,linear_log_p,-1.1243814792739122,3.7509000301361084,xgb,log_km_value
75,linear_log_p,0.2944831911839787,-3.1043999195098877,xgb,log_km_value
76,linear_log_p,0.2280210312549369,-2.6863999366760254,xgb,log_km_value
77,linear_log_p,0.0,-0.25200000405311584,xgb,log_km_value
78,linear_log_p,-0.36907247456939385,-0.41190001368522644,xgb,log_km_value
79,linear_log_p,-0.2782683273640508,2.3472700119018555,xgb,log_km_value
80,linear_log_p,-0.6262488474143141,7.388700008392334,xgb,log_km_value
81,linear_log_p,1.0560554126853028,-3.221400022506714,xgb,log_km_value
82,linear_log_p,0.13831025289387563,-1.129699945449829,xgb,log_km_value
83,linear_log_p,0.29732170440647726,-1.3361999988555908,xgb,log_km_value
84,linear_log_p,0.1358956922381633,-1.1269999742507935,xgb,log_km_value
85,linear_log_p,0.7701699592816267,-3.015899896621704,xgb,log_km_value
86,linear_log_p,1.0686345921805054,-3.221400022506714,xgb,log_km_value
87,linear_log_p,0.2989623687530394,-1.628999948501587,xgb,log_km_value
88,linear_log_p,0.027647309366077177,-0.8256000280380249,xgb,log_km_value
89,linear_log_p,0.596792439996438,-9.398300170898438,xgb,log_km_value
90,linear_log_p,-1.5402381330747408,5.662099838256836,xgb,log_km_value
91,linear_log_p,0.4568463881764694,-3.015899896621704,xgb,log_km_value
92,linear_log_p,0.39178386105822766,-1.628999948501587,xgb,log_km_value
93,linear_log_p,0.0,-0.7368999719619751,xgb,log_km_value
94,linear_log_p,0.37613903052502307,-3.7822999954223633,xgb,log_km_value
95,linear_log_p,-0.5578877768595225,2.6793999671936035,xgb,log_km_value
96,linear_log_p,0.14315580061198896,-1.746000051498413,xgb,log_km_value
97,linear_log_p,-0.7775686648855721,2.2037999629974365,xgb,log_km_value
98,linear_log_p,-0.3953811952978806,1.8676999807357788,xgb,log_km_value
99,linear_log_p,-0.26633912349262967,0.009999999776482582,xgb,log_km_value
0,log1p_tpsa,0.0,5.689615726470947,xgb,log_km_value
1,log1p_tpsa,0.4242838307634969,4.966474533081055,xgb,log_km_value
2,log1p_tpsa,-0.10706806159358562,5.37860631942749,xgb,log_km_value
3,log1p_tpsa,0.13281994519775575,4.733827114105225,xgb,log_km_value
4,log1p_tpsa,-0.3021473738783415,5.763998985290527,xgb,log_km_value
5,log1p_tpsa,0.21699713109242091,3.7925634384155273,xgb,log_km_value
6,log1p_tpsa,0.04960665263583247,5.141955852508545,xgb,log_km_value
7,log1p_tpsa,0.30331099159889313,2.8942530155181885,xgb,log_km_value
8,log1p_tpsa,0.22839496442871593,4.621240615844727,xgb,log_km_value
9,log1p_tpsa,-0.2748027237571887,5.766005992889404,xgb,log_km_value
10,log1p_tpsa,0.02786484216677896,4.654531478881836,xgb,log_km_value
11,log1p_tpsa,-0.17663722113617786,5.231482982635498,xgb,log_km_value
12,log1p_tpsa,0.0,4.738739013671875,xgb,log_km_value
13,log1p_tpsa,-0.08666211636947942,5.522819995880127,xgb,log_km_value
14,log1p_tpsa,-0.23723619107074906,5.193234443664551,xgb,log_km_value
15,log1p_tpsa,0.1294057869521699,4.116758346557617,xgb,log_km_value
16,log1p_tpsa,0.1830863195812556,4.06388521194458,xgb,log_km_value
17,log1p_tpsa,0.07718722346584739,4.042700290679932,xgb,log_km_value
18,log1p_tpsa,0.555271732404618,4.712947845458984,xgb,log_km_value
19,log1p_tpsa,-0.5307380182235281,6.479016304016113,xgb,log_km_value
20,log1p_tpsa,0.2628452284888955,4.1143107414245605,xgb,log_km_value
21,log1p_tpsa,0.0,4.440649509429932,xgb,log_km_value
22,log1p_tpsa,0.0,5.11865234375,xgb,log_km_value
23,log1p_tpsa,0.0,5.603667259216309,xgb,log_km_value
24,log1p_tpsa,0.0,5.702081203460693,xgb,log_km_value
25,log1p_tpsa,-0.8997204345788373,6.2441086769104,xgb,log_km_value
26,log1p_tpsa,-0.36638979978537084,5.763998985290527,xgb,log_km_value
27,log1p_tpsa,-0.22973940468923207,3.306886672973633,xgb,log_km_value
28,log1p_tpsa,0.0,3.8501474857330322,xgb,log_km_value
29,log1p_tpsa,0.22041005060365823,4.163870811462402,xgb,log_km_value
30,log1p_tpsa,-0.24417735553209444,5.348582744598389,xgb,log_km_value
31,log1p_tpsa,0.22809181116133947,3.855452537536621,xgb,log_km_value
32,log1p_tpsa,0.15087540744811956,5.6243062019348145,xgb,log_km_value
33,log1p_tpsa,-1.0507051841992714,5.900308132171631,xgb,log_km_value
34,log1p_tpsa,0.0,5.900308132171631,xgb,log_km_value
35,log1p_tpsa,-0.4333437433120054,5.766005992889404,xgb,log_km_value
36,log1p_tpsa,-0.179293002938,4.957797050476074,xgb,log_km_value
37,log1p_tpsa,-0.11938898669763409,5.704115867614746,xgb,log_km_value
38,log1p_tpsa,-0.11634673808034235,5.67853307723999,xgb,log_km_value
39,log1p_tpsa,-0.12048952125182873,0.0,xgb,log_km_value
40,log1p_tpsa,0.0,0.0,xgb,log_km_value
41,log1p_tpsa,-0.27939107246406214,3.6454498767852783,xgb,log_km_value
42,log1p_tpsa,0.0,4.849213600158691,xgb,log_km_value
43,log1p_tpsa,-0.9632935253699976,5.900308132171631,xgb,log_km_value
44,log1p_tpsa,-0.3411490342784502,5.704115867614746,xgb,log_km_value
45,log1p_tpsa,0.26528980978155403,3.055415153503418,xgb,log_km_value
46,log1p_tpsa,0.0452901439689426,4.719658851623535,xgb,log_km_value
47,log1p_tpsa,0.0,2.8942530155181885,xgb,log_km_value
48,log1p_tpsa,0.1603265991922988,4.200504779815674,xgb,log_km_value
49,log1p_tpsa,0.1571313277984778,4.46912145614624,xgb,log_km_value
50,log1p_tpsa,0.2540046452618371,3.4326961040496826,xgb,log_km_value
51,log1p_tpsa,0.21217311486096338,4.945492267608643,xgb,log_km_value
52,log1p_tpsa,0.0,5.06202507019043,xgb,log_km_value
53,log1p_tpsa,0.17750564063366056,4.757204532623291,xgb,log_km_value
54,log1p_tpsa,0.1459106365473432,4.654531478881836,xgb,log_km_value
55,log1p_tpsa,0.1254887461075136,4.733827114105225,xgb,log_km_value
56,log1p_tpsa,-0.2579924879675052,5.902059555053711,xgb,log_km_value
57,log1p_tpsa,0.0,5.06202507019043,xgb,log_km_value
58,log1p_tpsa,0.4581514638171718,4.122121810913086,xgb,log_km_value
59,log1p_tpsa,0.09989836557059353,5.024406909942627,xgb,log_km_value
60,log1p_tpsa,0.10583461600252367,4.6766533851623535,xgb,log_km_value
61,log1p_tpsa,0.03543307379024383,4.433432579040527,xgb,log_km_value
62,log1p_tpsa,-0.23332455317584086,5.766005992889404,xgb,log_km_value
63,log1p_tpsa,0.11348392616246138,3.4326961040496826,xgb,log_km_value
64,log1p_tpsa,0.17304802077729656,4.215971946716309,xgb,log_km_value
65,log1p_tpsa,0.15958667095889253,4.163870811462402,xgb,log_km_value
66,log1p_tpsa,-0.3297622938460676,5.763998985290527,xgb,log_km_value
67,log1p_tpsa,-0.6195486945269832,6.4251933097839355,xgb,log_km_value
68,log1p_tpsa,-0.5845576018702067,5.89888334274292,xgb,log_km_value
69,log1p_tpsa,0.2053008210822008,4.619960308074951,xgb,log_km_value
70,log1p_tpsa,0.0,4.763625621795654,xgb,log_km_value
71,log1p_tpsa,0.0,3.6454498767852783,xgb,log_km_value
72,log1p_tpsa,0.21397728910142746,4.901489734649658,xgb,log_km_value
73,log1p_tpsa,0.0,4.397654056549072,xgb,log_km_value
74,log1p_tpsa,-0.1991407012116211,3.724729061126709,xgb,log_km_value
75,log1p_tpsa,-0.028520391453579423,5.06202507019043,xgb,log_km_value
76,log1p_tpsa,-0.21912332142850854,5.763998985290527,xgb,log_km_value
77,log1p_tpsa,0.4820544404608403,3.724729061126709,xgb,log_km_value
78,log1p_tpsa,-0.03291441517042215,4.726502418518066,xgb,log_km_value
79,log1p_tpsa,-0.4497952645547731,6.047277450561523,xgb,log_km_value
80,log1p_tpsa,0.2022039137918576,3.055415153503418,xgb,log_km_value
81,log1p_tpsa,0.6476330654433357,4.712947845458984,xgb,log_km_value
82,log1p_tpsa,-0.2774931117874961,5.178012371063232,xgb,log_km_value
83,log1p_tpsa,0.12098817955333534,4.6766533851623535,xgb,log_km_value
84,log1p_tpsa,0.0481709988206614,4.621240615844727,xgb,log_km_value
85,log1p_tpsa,-0.1448571174566866,5.766005992889404,xgb,log_km_value
86,log1p_tpsa,0.20395858400214184,4.712947845458984,xgb,log_km_value
87,log1p_tpsa,0.0,5.63525390625,xgb,log_km_value
88,log1p_tpsa,0.17124898712416886,4.7081780433654785,xgb,log_km_value
89,log1p_tpsa,0.1886560067796052,4.675442218780518,xgb,log_km_value
90,log1p_tpsa,-0.23502292813006076,4.163559436798096,xgb,log_km_value
91,log1p_tpsa,-0.22742927243136618,5.766005992889404,xgb,log_km_value
92,log1p_tpsa,0.063518364014507,5.63525390625,xgb,log_km_value
93,log1p_tpsa,0.0,4.621240615844727,xgb,log_km_value
94,log1p_tpsa,-0.17104287238480134,5.448933124542236,xgb,log_km_value
95,log1p_tpsa,-0.409526946709482,3.8336288928985596,xgb,log_km_value
96,log1p_tpsa,0.1588756960087106,5.453610420227051,xgb,log_km_value
97,log1p_tpsa,-0.06452720327474368,3.306886672973633,xgb,log_km_value
98,log1p_tpsa,-0.4493455889397999,4.040240287780762,xgb,log_km_value
99,log1p_tpsa,-0.1498945897104637,5.360775470733643,xgb,log_km_value
0,log1p_num_h_donors,-0.12871112680430152,2.3025851249694824,xgb,log_km_value
1,log1p_num_h_donors,0.13305188487526948,1.6094379425048828,xgb,log_km_value
2,log1p_num_h_donors,0.11161823589678915,1.6094379425048828,xgb,log_km_value
3,log1p_num_h_donors,0.12441643345077133,1.3862943649291992,xgb,log_km_value
4,log1p_num_h_donors,0.093388109330758,2.1972246170043945,xgb,log_km_value
5,log1p_num_h_donors,0.0,0.0,xgb,log_km_value
6,log1p_num_h_donors,0.0,1.945910096168518,xgb,log_km_value
7,log1p_num_h_donors,-0.22338573891846214,0.0,xgb,log_km_value
8,log1p_num_h_donors,0.1022148029290423,1.3862943649291992,xgb,log_km_value
9,log1p_num_h_donors,0.0,2.1972246170043945,xgb,log_km_value
10,log1p_num_h_donors,0.0,1.3862943649291992,xgb,log_km_value
11,log1p_num_h_donors,0.0,1.7917594909667969,xgb,log_km_value
12,log1p_num_h_donors,0.09853414397417293,1.3862943649291992,xgb,log_km_value
13,log1p_num_h_donors,-0.11932429735251854,2.079441547393799,xgb,log_km_value
14,log1p_num_h_donors,0.0,1.945910096168518,xgb,log_km_value
15,log1p_num_h_donors,0.06837294315454137,0.6931471824645996,xgb,log_km_value
16,log1p_num_h_donors,0.0,0.0,xgb,log_km_value
17,log1p_num_h_donors,0.0,0.6931471824645996,xgb,log_km_value
18,log1p_num_h_donors,0.5611339284470525,1.7917594909667969,xgb,log_km_value
19,log1p_num_h_donors,0.0,3.044522523880005,xgb,log_km_value
20,log1p_num_h_donors,0.16601162612035875,0.0,xgb,log_km_value
21,log1p_num_h_donors,-0.09016680016260302,1.0986123085021973,xgb,log_km_value
22,log1p_num_h_donors,0.0,1.7917594909667969,xgb,log_km_value
23,log1p_num_h_donors,0.0,2.079441547393799,xgb,log_km_value
24,log1p_num_h_donors,0.0,2.1972246170043945,xgb,log_km_value
25,log1p_num_h_donors,0.3984797662252244,3.044522523880005,xgb,log_km_value
26,log1p_num_h_donors,0.0,2.1972246170043945,xgb,log_km_value
27,log1p_num_h_donors,0.0,0.0,xgb,log_km_value
28,log1p_num_h_donors,-0.07148747851362577,0.6931471824645996,xgb,log_km_value
29,log1p_num_h_donors,0.0,1.0986123085021973,xgb,log_km_value
30,log1p_num_h_donors,-0.11753907088220517,1.945910096168518,xgb,log_km_value
31,log1p_num_h_donors,0.0,1.0986123085021973,xgb,log_km_value
32,log1p_num_h_donors,0.0,1.7917594909667969,xgb,log_km_value
33,log1p_num_h_donors,0.0,2.3025851249694824,xgb,log_km_value
34,log1p_num_h_donors,0.11174493362666696,2.3025851249694824,xgb,log_km_value
35,log1p_num_h_donors,0.14854886025599656,2.1972246170043945,xgb,log_km_value
36,log1p_num_h_donors,0.34286413726887394,1.7917594909667969,xgb,log_km_value
37,log1p_num_h_donors,0.0,2.1972246170043945,xgb,log_km_value
38,log1p_num_h_donors,0.0,2.1972246170043945,xgb,log_km_value
39,log1p_num_h_donors,-0.5612534408489078,0.0,xgb,log_km_value
40,log1p_num_h_donors,-0.5611050462363986,0.0,xgb,log_km_value
41,log1p_num_h_donors,0.0,0.6931471824645996,xgb,log_km_value
42,log1p_num_h_donors,0.07125748563401194,1.6094379425048828,xgb,log_km_value
43,log1p_num_h_donors,0.03754773201668496,2.3025851249694824,xgb,log_km_value
44,log1p_num_h_donors,0.0,2.1972246170043945,xgb,log_km_value
45,log1p_num_h_donors,0.0,0.6931471824645996,xgb,log_km_value
46,log1p_num_h_donors,0.06673888541556626,1.6094379425048828,xgb,log_km_value
47,log1p_num_h_donors,-0.20797648730407528,0.0,xgb,log_km_value
48,log1p_num_h_donors,0.0,1.0986123085021973,xgb,log_km_value
49,log1p_num_h_donors,0.07823248600624387,0.0,xgb,log_km_value
50,log1p_num_h_donors,0.0,0.0,xgb,log_km_value
51,log1p_num_h_donors,0.0,1.6094379425048828,xgb,log_km_value
52,log1p_num_h_donors,0.04258031484064187,1.945910096168518,xgb,log_km_value
53,log1p_num_h_donors,0.10790785298772648,0.6931471824645996,xgb,log_km_value
54,log1p_num_h_donors,0.0,1.3862943649291992,xgb,log_km_value
55,log1p_num_h_donors,0.14946564148920058,1.3862943649291992,xgb,log_km_value
56,log1p_num_h_donors,0.0,2.3025851249694824,xgb,log_km_value
57,log1p_num_h_donors,0.13237910726307042,1.945910096168518,xgb,log_km_value
58,log1p_num_h_donors,0.0,1.3862943649291992,xgb,log_km_value
59,log1p_num_h_donors,0.0439813171721333,1.6094379425048828,xgb,log_km_value
60,log1p_num_h_donors,0.0,1.3862943649291992,xgb,log_km_value
61,log1p_num_h_donors,-0.08516550448051152,0.6931471824645996,xgb,log_km_value
62,log1p_num_h_donors,0.0,2.1972246170043945,xgb,log_km_value
63,log1p_num_h_donors,0.05205003127422947,0.0,xgb,log_km_value
64,log1p_num_h_donors,-0.09527126022408154,1.0986123085021973,xgb,log_km_value
65,log1p_num_h_donors,-0.193320328187841,1.0986123085021973,xgb,log_km_value
66,log1p_num_h_donors,0.0,2.1972246170043945,xgb,log_km_value
67,log1p_num_h_donors,0.0,2.995732307434082,xgb,log_km_value
68,log1p_num_h_donors,0.0484877000085453,2.3025851249694824,xgb,log_km_value
69,log1p_num_h_donors,-0.1462727194403443,0.6931471824645996,xgb,log_km_value
70,log1p_num_h_donors,0.2650610630387126,1.7917594909667969,xgb,log_km_value
71,log1p_num_h_donors,0.045968619129411525,0.6931471824645996,xgb,log_km_value
72,log1p_num_h_donors,0.11360665000971791,1.6094379425048828,xgb,log_km_value
73,log1p_num_h_donors,-0.5533451838707892,0.0,xgb,log_km_value
74,log1p_num_h_donors,0.0,1.0986123085021973,xgb,log_km_value
75,log1p_num_h_donors,0.10758663420929189,1.945910096168518,xgb,log_km_value
76,log1p_num_h_donors,0.0,2.1972246170043945,xgb,log_km_value
77,log1p_num_h_donors,0.0,1.0986123085021973,xgb,log_km_value
78,log1p_num_h_donors,0.0,1.3862943649291992,xgb,log_km_value
79,log1p_num_h_donors,0.0,2.7725887298583984,xgb,log_km_value
80,log1p_num_h_donors,0.05433796580375339,0.6931471824645996,xgb,log_km_value
81,log1p_num_h_donors,0.6364253393254522,1.7917594909667969,xgb,log_km_value
82,log1p_num_h_donors,0.13180959530263475,1.6094379425048828,xgb,log_km_value
83,log1p_num_h_donors,0.08615769399905215,1.3862943649291992,xgb,log_km_value
84,log1p_num_h_donors,0.04694481452368482,1.3862943649291992,xgb,log_km_value
85,log1p_num_h_donors,0.09031486145686661,2.1972246170043945,xgb,log_km_value
86,log1p_num_h_donors,0.42950665797272136,1.7917594909667969,xgb,log_km_value
87,log1p_num_h_donors,0.0,2.079441547393799,xgb,log_km_value
88,log1p_num_h_donors,0.06953875273593803,1.3862943649291992,xgb,log_km_value
89,log1p_num_h_donors,-0.3645648495178644,0.6931471824645996,xgb,log_km_value
90,log1p_num_h_donors,0.11401965496103461,0.6931471824645996,xgb,log_km_value
91,log1p_num_h_donors,0.0,2.1972246170043945,xgb,log_km_value
92,log1p_num_h_donors,0.0,2.079441547393799,xgb,log_km_value
93,log1p_num_h_donors,0.132910736400093,1.3862943649291992,xgb,log_km_value
94,log1p_num_h_donors,0.24618572904986313,2.1972246170043945,xgb,log_km_value
95,log1p_num_h_donors,0.0,0.6931471824645996,xgb,log_km_value
96,log1p_num_h_donors,0.0,1.945910096168518,xgb,log_km_value
97,log1p_num_h_donors,-0.12333263836088199,0.0,xgb,log_km_value
98,log1p_num_h_donors,-0.2539423953784188,0.0,xgb,log_km_value
99,log1p_num_h_donors,-0.46164719550742417,2.079441547393799,xgb,log_km_value
0,log1p_num_h_acceptors,-0.14114465447821734,2.397895336151123,xgb,log_km_value
1,log1p_num_h_acceptors,0.1555878767269609,2.1972246170043945,xgb,log_km_value
2,log1p_num_h_acceptors,0.0,2.6390573978424072,xgb,log_km_value
3,log1p_num_h_acceptors,0.20607962977380184,1.7917594909667969,xgb,log_km_value
4,log1p_num_h_acceptors,-0.14927506757858788,2.944438934326172,xgb,log_km_value
5,log1p_num_h_acceptors,0.0,1.3862943649291992,xgb,log_km_value
6,log1p_num_h_acceptors,-0.09590224391845513,2.397895336151123,xgb,log_km_value
7,log1p_num_h_acceptors,0.16134154420059538,0.6931471824645996,xgb,log_km_value
8,log1p_num_h_acceptors,0.0,1.3862943649291992,xgb,log_km_value
9,log1p_num_h_acceptors,0.0,2.890371799468994,xgb,log_km_value
10,log1p_num_h_acceptors,0.027166673411396253,1.3862943649291992,xgb,log_km_value
11,log1p_num_h_acceptors,-0.14499056252397138,2.397895336151123,xgb,log_km_value
12,log1p_num_h_acceptors,0.0,1.6094379425048828,xgb,log_km_value
13,log1p_num_h_acceptors,-0.11775084047165466,2.3025851249694824,xgb,log_km_value
14,log1p_num_h_acceptors,0.09098261588571907,2.079441547393799,xgb,log_km_value
15,log1p_num_h_acceptors,0.11018571710250476,1.0986123085021973,xgb,log_km_value
16,log1p_num_h_acceptors,0.07733562869527169,1.3862943649291992,xgb,log_km_value
17,log1p_num_h_acceptors,0.05041530337536304,1.0986123085021973,xgb,log_km_value
18,log1p_num_h_acceptors,0.2891068061289572,1.945910096168518,xgb,log_km_value
19,log1p_num_h_acceptors,-0.16889698544744847,2.995732307434082,xgb,log_km_value
20,log1p_num_h_acceptors,0.0,1.3862943649291992,xgb,log_km_value
21,log1p_num_h_acceptors,0.0,1.3862943649291992,xgb,log_km_value
22,log1p_num_h_acceptors,0.0,2.397895336151123,xgb,log_km_value
23,log1p_num_h_acceptors,0.0,2.6390573978424072,xgb,log_km_value
24,log1p_num_h_acceptors,0.10188542225318731,2.397895336151123,xgb,log_km_value
25,log1p_num_h_acceptors,0.0839702421334181,3.465735912322998,xgb,log_km_value
26,log1p_num_h_acceptors,-0.14531733335307115,2.944438934326172,xgb,log_km_value
27,log1p_num_h_acceptors,0.0,1.0986123085021973,xgb,log_km_value
28,log1p_num_h_acceptors,0.0,1.0986123085021973,xgb,log_km_value
29,log1p_num_h_acceptors,0.037326789922858934,1.0986123085021973,xgb,log_km_value
30,log1p_num_h_acceptors,0.18784774465014914,2.079441547393799,xgb,log_km_value
31,log1p_num_h_acceptors,0.12217056536439327,1.0986123085021973,xgb,log_km_value
32,log1p_num_h_acceptors,-0.12893328368566048,2.7725887298583984,xgb,log_km_value
33,log1p_num_h_acceptors,-0.14263496182507465,2.995732307434082,xgb,log_km_value
34,log1p_num_h_acceptors,-0.13063759430755129,2.995732307434082,xgb,log_km_value
35,log1p_num_h_acceptors,0.0,2.890371799468994,xgb,log_km_value
36,log1p_num_h_acceptors,0.10468639488189264,2.079441547393799,xgb,log_km_value
37,log1p_num_h_acceptors,-0.1375983941070592,2.70805025100708,xgb,log_km_value
38,log1p_num_h_acceptors,-0.1423595051316339,2.890371799468994,xgb,log_km_value
39,log1p_num_h_acceptors,0.14312049821243966,0.0,xgb,log_km_value
40,log1p_num_h_acceptors,0.11571684853230613,0.0,xgb,log_km_value
41,log1p_num_h_acceptors,0.0,1.0986123085021973,xgb,log_km_value
42,log1p_num_h_acceptors,0.2212367439604229,1.7917594909667969,xgb,log_km_value
43,log1p_num_h_acceptors,-0.28921002546931285,2.995732307434082,xgb,log_km_value
44,log1p_num_h_acceptors,-0.11156164389651049,2.70805025100708,xgb,log_km_value
45,log1p_num_h_acceptors,0.033965673977406685,0.6931471824645996,xgb,log_km_value
46,log1p_num_h_acceptors,0.11385162142429313,1.945910096168518,xgb,log_km_value
47,log1p_num_h_acceptors,0.0,0.6931471824645996,xgb,log_km_value
48,log1p_num_h_acceptors,0.21855040920039664,1.0986123085021973,xgb,log_km_value
49,log1p_num_h_acceptors,0.13844875736658646,1.6094379425048828,xgb,log_km_value
50,log1p_num_h_acceptors,0.0,1.0986123085021973,xgb,log_km_value
51,log1p_num_h_acceptors,-0.25774995839085413,2.3025851249694824,xgb,log_km_value
52,log1p_num_h_acceptors,0.14522578991876597,2.079441547393799,xgb,log_km_value
53,log1p_num_h_acceptors,0.15228461878003424,2.1972246170043945,xgb,log_km_value
54,log1p_num_h_acceptors,0.06543229742383101,1.6094379425048828,xgb,log_km_value
55,log1p_num_h_acceptors,0.2042611870854009,1.7917594909667969,xgb,log_km_value
56,log1p_num_h_acceptors,0.0,2.944438934326172,xgb,log_km_value
57,log1p_num_h_acceptors,0.07260947878113591,2.079441547393799,xgb,log_km_value
58,log1p_num_h_acceptors,0.22245803472599332,1.3862943649291992,xgb,log_km_value
59,log1p_num_h_acceptors,0.061339534663362776,2.079441547393799,xgb,log_km_value
60,log1p_num_h_acceptors,0.0,1.3862943649291992,xgb,log_km_value
61,log1p_num_h_acceptors,0.16216529787902986,1.3862943649291992,xgb,log_km_value
62,log1p_num_h_acceptors,0.0,2.890371799468994,xgb,log_km_value
63,log1p_num_h_acceptors,0.0,1.0986123085021973,xgb,log_km_value
64,log1p_num_h_acceptors,-0.07731692270482288,1.0986123085021973,xgb,log_km_value
65,log1p_num_h_acceptors,0.0748281885381261,1.0986123085021973,xgb,log_km_value
66,log1p_num_h_acceptors,-0.057784581108285216,2.944438934326172,xgb,log_km_value
67,log1p_num_h_acceptors,0.0,3.1354942321777344,xgb,log_km_value
68,log1p_num_h_acceptors,-0.15264735599886256,2.995732307434082,xgb,log_km_value
69,log1p_num_h_acceptors,0.1482814103611089,1.7917594909667969,xgb,log_km_value
70,log1p_num_h_acceptors,0.16350373722952494,1.945910096168518,xgb,log_km_value
71,log1p_num_h_acceptors,0.11007810197660961,0.6931471824645996,xgb,log_km_value
72,log1p_num_h_acceptors,0.14557226706924548,2.1972246170043945,xgb,log_km_value
73,log1p_num_h_acceptors,0.0,1.6094379425048828,xgb,log_km_value
74,log1p_num_h_acceptors,0.0,1.0986123085021973,xgb,log_km_value
75,log1p_num_h_acceptors,0.0,2.079441547393799,xgb,log_km_value
76,log1p_num_h_acceptors,-0.18651832088679687,2.944438934326172,xgb,log_km_value
77,log1p_num_h_acceptors,0.15712758465492987,1.0986123085021973,xgb,log_km_value
78,log1p_num_h_acceptors,0.15773847776088448,1.6094379425048828,xgb,log_km_value
79,log1p_num_h_acceptors,0.0,2.5649492740631104,xgb,log_km_value
80,log1p_num_h_acceptors,0.05557274055928085,0.6931471824645996,xgb,log_km_value
81,log1p_num_h_acceptors,0.3191830184422118,1.945910096168518,xgb,log_km_value
82,log1p_num_h_acceptors,0.1464414564778154,2.1972246170043945,xgb,log_km_value
83,log1p_num_h_acceptors,0.09694500738561199,1.3862943649291992,xgb,log_km_value
84,log1p_num_h_acceptors,0.0,1.3862943649291992,xgb,log_km_value
85,log1p_num_h_acceptors,-0.024422023363271705,2.890371799468994,xgb,log_km_value
86,log1p_num_h_acceptors,0.27593307937330935,1.945910096168518,xgb,log_km_value
87,log1p_num_h_acceptors,-0.07577247891920097,2.70805025100708,xgb,log_km_value
88,log1p_num_h_acceptors,0.110290864161204,1.3862943649291992,xgb,log_km_value
89,log1p_num_h_acceptors,0.12561814521577802,1.7917594909667969,xgb,log_km_value
90,log1p_num_h_acceptors,0.0,1.945910096168518,xgb,log_km_value
91,log1p_num_h_acceptors,0.0,2.890371799468994,xgb,log_km_value
92,log1p_num_h_acceptors,-0.1366156781907324,2.70805025100708,xgb,log_km_value
93,log1p_num_h_acceptors,0.0,1.3862943649291992,xgb,log_km_value
94,log1p_num_h_acceptors,-0.1646912742230601,2.3025851249694824,xgb,log_km_value
95,log1p_num_h_acceptors,0.13891733386414185,1.3862943649291992,xgb,log_km_value
96,log1p_num_h_acceptors,-0.062047166470142384,2.5649492740631104,xgb,log_km_value
97,log1p_num_h_acceptors,0.0,1.0986123085021973,xgb,log_km_value
98,log1p_num_h_acceptors,0.0,1.7917594909667969,xgb,log_km_value
99,log1p_num_h_acceptors,-0.2792438814034832,2.3025851249694824,xgb,log_km_value
0,log1p_num_rot_bonds,0.5695913674227223,2.944438934326172,xgb,log_km_value
1,log1p_num_rot_bonds,0.0,1.6094379425048828,xgb,log_km_value
2,log1p_num_rot_bonds,0.14071078868260878,2.397895336151123,xgb,log_km_value
3,log1p_num_rot_bonds,0.0,1.6094379425048828,xgb,log_km_value
4,log1p_num_rot_bonds,0.3406393443480673,2.4849066734313965,xgb,log_km_value
5,log1p_num_rot_bonds,0.13427258474079665,1.7917594909667969,xgb,log_km_value
6,log1p_num_rot_bonds,0.0,1.6094379425048828,xgb,log_km_value
7,log1p_num_rot_bonds,-0.6753080368008255,0.0,xgb,log_km_value
8,log1p_num_rot_bonds,0.0,1.3862943649291992,xgb,log_km_value
9,log1p_num_rot_bonds,0.371429916292824,2.4849066734313965,xgb,log_km_value
10,log1p_num_rot_bonds,0.02410143110414919,1.3862943649291992,xgb,log_km_value
11,log1p_num_rot_bonds,0.20472451649742776,1.6094379425048828,xgb,log_km_value
12,log1p_num_rot_bonds,0.0,1.945910096168518,xgb,log_km_value
13,log1p_num_rot_bonds,0.37939620138744834,2.890371799468994,xgb,log_km_value
14,log1p_num_rot_bonds,0.3661503755200159,2.4849066734313965,xgb,log_km_value
15,log1p_num_rot_bonds,0.0,1.0986123085021973,xgb,log_km_value
16,log1p_num_rot_bonds,0.0,0.6931471824645996,xgb,log_km_value
17,log1p_num_rot_bonds,0.0,0.6931471824645996,xgb,log_km_value
18,log1p_num_rot_bonds,0.0,0.6931471824645996,xgb,log_km_value
19,log1p_num_rot_bonds,0.3643480913310803,3.761200189590454,xgb,log_km_value
20,log1p_num_rot_bonds,0.01778724386791497,1.0986123085021973,xgb,log_km_value
21,log1p_num_rot_bonds,-0.08260268513137513,0.6931471824645996,xgb,log_km_value
22,log1p_num_rot_bonds,0.2776157635494297,1.945910096168518,xgb,log_km_value
23,log1p_num_rot_bonds,0.22693002359491235,2.1972246170043945,xgb,log_km_value
24,log1p_num_rot_bonds,0.5025684951903211,2.8332133293151855,xgb,log_km_value
25,log1p_num_rot_bonds,0.25550785645634705,3.044522523880005,xgb,log_km_value
26,log1p_num_rot_bonds,0.3861784711259957,2.4849066734313965,xgb,log_km_value
27,log1p_num_rot_bonds,0.0,3.044522523880005,xgb,log_km_value
28,log1p_num_rot_bonds,-0.7635684541970061,0.0,xgb,log_km_value
29,log1p_num_rot_bonds,0.0,1.3862943649291992,xgb,log_km_value
30,log1p_num_rot_bonds,0.15552642255881644,2.890371799468994,xgb,log_km_value
31,log1p_num_rot_bonds,-0.47555817391279526,0.0,xgb,log_km_value
32,log1p_num_rot_bonds,0.24419694851387472,2.1972246170043945,xgb,log_km_value
33,log1p_num_rot_bonds,0.0,2.6390573978424072,xgb,log_km_value
34,log1p_num_rot_bonds,0.17624417065070247,2.6390573978424072,xgb,log_km_value
35,log1p_num_rot_bonds,0.3505440368623587,2.4849066734313965,xgb,log_km_value
36,log1p_num_rot_bonds,0.0,1.7917594909667969,xgb,log_km_value
37,log1p_num_rot_bonds,0.2051318934712055,2.1972246170043945,xgb,log_km_value
38,log1p_num_rot_bonds,0.3841855620291233,2.3025851249694824,xgb,log_km_value
39,log1p_num_rot_bonds,-0.909459779627222,0.0,xgb,log_km_value
40,log1p_num_rot_bonds,-0.49194189628478574,0.0,xgb,log_km_value
41,log1p_num_rot_bonds,-0.06681773564192324,1.6094379425048828,xgb,log_km_value
42,log1p_num_rot_bonds,0.22205083062503334,2.079441547393799,xgb,log_km_value
43,log1p_num_rot_bonds,0.15126520346291847,2.6390573978424072,xgb,log_km_value
44,log1p_num_rot_bonds,0.2818655524113669,2.1972246170043945,xgb,log_km_value
45,log1p_num_rot_bonds,0.0,1.0986123085021973,xgb,log_km_value
46,log1p_num_rot_bonds,-0.32053785263996365,0.6931471824645996,xgb,log_km_value
47,log1p_num_rot_bonds,0.0,1.7917594909667969,xgb,log_km_value
48,log1p_num_rot_bonds,-0.43661205970509304,0.0,xgb,log_km_value
49,log1p_num_rot_bonds,0.06492144356948501,1.0986123085021973,xgb,log_km_value
50,log1p_num_rot_bonds,0.0,0.6931471824645996,xgb,log_km_value
51,log1p_num_rot_bonds,-0.23754304095433373,1.0986123085021973,xgb,log_km_value
52,log1p_num_rot_bonds,-0.10458907966561018,1.3862943649291992,xgb,log_km_value
53,log1p_num_rot_bonds,0.0,1.3862943649291992,xgb,log_km_value
54,log1p_num_rot_bonds,0.10888791365004617,1.6094379425048828,xgb,log_km_value
55,log1p_num_rot_bonds,0.12425003929316922,1.6094379425048828,xgb,log_km_value
56,log1p_num_rot_bonds,0.2904981485937694,2.6390573978424072,xgb,log_km_value
57,log1p_num_rot_bonds,-0.21375698801124193,1.3862943649291992,xgb,log_km_value
58,log1p_num_rot_bonds,-0.895662816827197,0.0,xgb,log_km_value
59,log1p_num_rot_bonds,0.0,1.6094379425048828,xgb,log_km_value
60,log1p_num_rot_bonds,0.056097540082260554,1.6094379425048828,xgb,log_km_value
61,log1p_num_rot_bonds,0.0,1.0986123085021973,xgb,log_km_value
62,log1p_num_rot_bonds,0.3428676108199194,2.4849066734313965,xgb,log_km_value
63,log1p_num_rot_bonds,0.0,1.0986123085021973,xgb,log_km_value
64,log1p_num_rot_bonds,0.0,1.0986123085021973,xgb,log_km_value
65,log1p_num_rot_bonds,0.0,0.6931471824645996,xgb,log_km_value
66,log1p_num_rot_bonds,0.42201543965550364,2.4849066734313965,xgb,log_km_value
67,log1p_num_rot_bonds,0.21447486769500673,3.9512436389923096,xgb,log_km_value
68,log1p_num_rot_bonds,0.7571126974077925,2.995732307434082,xgb,log_km_value
69,log1p_num_rot_bonds,0.0,1.3862943649291992,xgb,log_km_value
70,log1p_num_rot_bonds,-0.28208044480565264,0.6931471824645996,xgb,log_km_value
71,log1p_num_rot_bonds,0.2088671529947567,2.079441547393799,xgb,log_km_value
72,log1p_num_rot_bonds,-0.20882736006809402,1.0986123085021973,xgb,log_km_value
73,log1p_num_rot_bonds,-0.13342277660761567,1.3862943649291992,xgb,log_km_value
74,log1p_num_rot_bonds,-0.5037130881046149,0.0,xgb,log_km_value
75,log1p_num_rot_bonds,-0.09129595279430588,1.3862943649291992,xgb,log_km_value
76,log1p_num_rot_bonds,0.6178828270907136,2.4849066734313965,xgb,log_km_value
77,log1p_num_rot_bonds,0.0,0.6931471824645996,xgb,log_km_value
78,log1p_num_rot_bonds,0.0,1.6094379425048828,xgb,log_km_value
79,log1p_num_rot_bonds,0.1273828900955495,3.295836925506592,xgb,log_km_value
80,log1p_num_rot_bonds,0.0,1.7917594909667969,xgb,log_km_value
81,log1p_num_rot_bonds,0.0,0.6931471824645996,xgb,log_km_value
82,log1p_num_rot_bonds,0.3966322821274092,2.3025851249694824,xgb,log_km_value
83,log1p_num_rot_bonds,0.0970184941465973,1.6094379425048828,xgb,log_km_value
84,log1p_num_rot_bonds,0.06357291889799985,1.3862943649291992,xgb,log_km_value
85,log1p_num_rot_bonds,0.4588065821290125,2.4849066734313965,xgb,log_km_value
86,log1p_num_rot_bonds,-0.19987651209227583,0.6931471824645996,xgb,log_km_value
87,log1p_num_rot_bonds,0.19553146078850478,2.1972246170043945,xgb,log_km_value
88,log1p_num_rot_bonds,-0.20640850299144806,0.6931471824645996,xgb,log_km_value
89,log1p_num_rot_bonds,0.0,1.6094379425048828,xgb,log_km_value
90,log1p_num_rot_bonds,-0.031597400116298247,1.945910096168518,xgb,log_km_value
91,log1p_num_rot_bonds,0.36603543849848486,2.4849066734313965,xgb,log_km_value
92,log1p_num_rot_bonds,0.2096969509585987,2.1972246170043945,xgb,log_km_value
93,log1p_num_rot_bonds,0.15347346397949263,1.6094379425048828,xgb,log_km_value
94,log1p_num_rot_bonds,0.18699757690314803,2.397895336151123,xgb,log_km_value
95,log1p_num_rot_bonds,0.0,1.6094379425048828,xgb,log_km_value
96,log1p_num_rot_bonds,0.1720570891084002,1.945910096168518,xgb,log_km_value
97,log1p_num_rot_bonds,0.0,1.0986123085021973,xgb,log_km_value
98,log1p_num_rot_bonds,-0.1937407307500316,1.3862943649291992,xgb,log_km_value
99,log1p_num_rot_bonds,0.0,2.3025851249694824,xgb,log_km_value
0,log_seq_length,-0.33699683617133586,5.181783676147461,xgb,log_km_value
1,log_seq_length,0.25489362262980775,6.118097305297852,xgb,log_km_value
2,log_seq_length,0.0,6.472346305847168,xgb,log_km_value
3,log_seq_length,-0.08501371448452893,5.429345607757568,xgb,log_km_value
4,log_seq_length,0.06362163234663516,5.505331516265869,xgb,log_km_value
5,log_seq_length,0.05509778742417269,5.613128185272217,xgb,log_km_value
6,log_seq_length,0.3423358413999797,6.10924768447876,xgb,log_km_value
7,log_seq_length,0.0,5.924255847930908,xgb,log_km_value
8,log_seq_length,0.28766535240660557,6.091310024261475,xgb,log_km_value
9,log_seq_length,0.09401114958191226,6.324358940124512,xgb,log_km_value
10,log_seq_length,0.2582514395404713,6.056784152984619,xgb,log_km_value
11,log_seq_length,0.0,5.7268476486206055,xgb,log_km_value
12,log_seq_length,-0.3778746941628735,5.517452716827393,xgb,log_km_value
13,log_seq_length,0.0,5.680172443389893,xgb,log_km_value
14,log_seq_length,0.324735825192112,5.955837249755859,xgb,log_km_value
15,log_seq_length,-0.5909402916918849,4.174387454986572,xgb,log_km_value
16,log_seq_length,0.0,4.912654876708984,xgb,log_km_value
17,log_seq_length,-0.4243461215612137,5.20948600769043,xgb,log_km_value
18,log_seq_length,0.0,6.405228614807129,xgb,log_km_value
19,log_seq_length,0.36209069823769907,6.830874443054199,xgb,log_km_value
20,log_seq_length,0.0,5.616771221160889,xgb,log_km_value
21,log_seq_length,0.0,5.80814266204834,xgb,log_km_value
22,log_seq_length,-0.6564131382232368,4.9416422843933105,xgb,log_km_value
23,log_seq_length,0.19543645847120428,7.083387851715088,xgb,log_km_value
24,log_seq_length,-0.19494864524562505,5.521461009979248,xgb,log_km_value
25,log_seq_length,0.0,6.220590114593506,xgb,log_km_value
26,log_seq_length,0.0,5.613128185272217,xgb,log_km_value
27,log_seq_length,-0.18356362901974926,6.329720973968506,xgb,log_km_value
28,log_seq_length,0.1790477443284665,6.200509071350098,xgb,log_km_value
29,log_seq_length,0.45489494259217944,5.981414318084717,xgb,log_km_value
30,log_seq_length,0.0,7.227662563323975,xgb,log_km_value
31,log_seq_length,0.20458128918335025,5.905361652374268,xgb,log_km_value
32,log_seq_length,0.0,5.141663551330566,xgb,log_km_value
33,log_seq_length,-0.7280757009168343,5.068904399871826,xgb,log_km_value
34,log_seq_length,0.45731327317323595,6.100318908691406,xgb,log_km_value
35,log_seq_length,0.30702758610933906,5.8141303062438965,xgb,log_km_value
36,log_seq_length,0.48640415180042523,6.0258660316467285,xgb,log_km_value
37,log_seq_length,0.2707604833591077,6.011267185211182,xgb,log_km_value
38,log_seq_length,0.13234106897905826,5.332718849182129,xgb,log_km_value
39,log_seq_length,0.0,5.888877868652344,xgb,log_km_value
40,log_seq_length,0.333276251042484,6.981005668640137,xgb,log_km_value
41,log_seq_length,0.23091174913602616,6.2766432762146,xgb,log_km_value
42,log_seq_length,0.4637250037737245,5.978885650634766,xgb,log_km_value
43,log_seq_length,-0.651036773811338,4.127134323120117,xgb,log_km_value
44,log_seq_length,0.15006092725274559,6.122492790222168,xgb,log_km_value
45,log_seq_length,-0.31698135029495017,5.537334442138672,xgb,log_km_value
46,log_seq_length,0.3804013533672442,6.102558612823486,xgb,log_km_value
47,log_seq_length,-0.12748244694688535,6.295266151428223,xgb,log_km_value
48,log_seq_length,0.4809282631796657,6.768493175506592,xgb,log_km_value
49,log_seq_length,-0.2260337304594151,5.402677536010742,xgb,log_km_value
50,log_seq_length,0.07304549012628395,5.616771221160889,xgb,log_km_value
51,log_seq_length,0.0,5.71702766418457,xgb,log_km_value
52,log_seq_length,-0.10309037764624929,6.3315019607543945,xgb,log_km_value
53,log_seq_length,0.06726721680653695,5.402677536010742,xgb,log_km_value
54,log_seq_length,0.27506966176550096,6.593044757843018,xgb,log_km_value
55,log_seq_length,0.0,5.673323154449463,xgb,log_km_value
56,log_seq_length,0.1073159507096642,5.921578407287598,xgb,log_km_value
57,log_seq_length,-0.5863115358693,5.501258373260498,xgb,log_km_value
58,log_seq_length,0.0,6.411818504333496,xgb,log_km_value
59,log_seq_length,0.0,5.746203422546387,xgb,log_km_value
60,log_seq_length,0.1750215159382615,6.282266616821289,xgb,log_km_value
61,log_seq_length,0.510959209201246,6.0258660316467285,xgb,log_km_value
62,log_seq_length,-0.11540175764563987,6.359573841094971,xgb,log_km_value
63,log_seq_length,0.0,5.627621173858643,xgb,log_km_value
64,log_seq_length,0.0,5.834810733795166,xgb,log_km_value
65,log_seq_length,0.10337491980088545,5.849324703216553,xgb,log_km_value
66,log_seq_length,0.19277975982754536,6.016157150268555,xgb,log_km_value
67,log_seq_length,0.0,5.780743598937988,xgb,log_km_value
68,log_seq_length,0.0,5.733341217041016,xgb,log_km_value
69,log_seq_length,-0.22764146297962287,6.363028049468994,xgb,log_km_value
70,log_seq_length,0.26895800866504155,5.945420742034912,xgb,log_km_value
71,log_seq_length,0.34960640920199687,6.309918403625488,xgb,log_km_value
72,log_seq_length,0.0,5.659482002258301,xgb,log_km_value
73,log_seq_length,-0.3360361395641829,6.400257587432861,xgb,log_km_value
74,log_seq_length,-0.2279189194916721,5.777652263641357,xgb,log_km_value
75,log_seq_length,0.0,6.192362308502197,xgb,log_km_value
76,log_seq_length,-0.1327561618820293,5.323009967803955,xgb,log_km_value
77,log_seq_length,0.08537920039549728,5.860786437988281,xgb,log_km_value
78,log_seq_length,0.0,5.752572536468506,xgb,log_km_value
79,log_seq_length,0.08865567385948835,5.693732261657715,xgb,log_km_value
80,log_seq_length,0.23646704473039176,6.329720973968506,xgb,log_km_value
81,log_seq_length,0.0,6.368186950683594,xgb,log_km_value
82,log_seq_length,0.10149283333714032,5.9427995681762695,xgb,log_km_value
83,log_seq_length,0.0,5.8051347732543945,xgb,log_km_value
84,log_seq_length,0.4077850894702458,5.981414318084717,xgb,log_km_value
85,log_seq_length,0.2553924791406161,6.1506028175354,xgb,log_km_value
86,log_seq_length,0.0,5.564520359039307,xgb,log_km_value
87,log_seq_length,0.2499611025724421,6.156979084014893,xgb,log_km_value
88,log_seq_length,0.5780400347293335,6.107022762298584,xgb,log_km_value
89,log_seq_length,0.1751830028641067,5.897153854370117,xgb,log_km_value
90,log_seq_length,0.0,6.4329400062561035,xgb,log_km_value
91,log_seq_length,-0.10610770255922851,6.359573841094971,xgb,log_km_value
92,log_seq_length,0.07123279191478098,7.310550212860107,xgb,log_km_value
93,log_seq_length,-0.6865765104890786,4.624972820281982,xgb,log_km_value
94,log_seq_length,0.0,5.552959442138672,xgb,log_km_value
95,log_seq_length,0.21923437481176558,7.1989312171936035,xgb,log_km_value
96,log_seq_length,0.3576193419223939,6.18001651763916,xgb,log_km_value
97,log_seq_length,-0.09769406539634731,6.419994831085205,xgb,log_km_value
98,log_seq_length,0.0,6.400257587432861,xgb,log_km_value
99,log_seq_length,-0.6757929705677764,5.068904399871826,xgb,log_km_value
0,log_seq_mol_wt,0.46573342381607025,9.895637512207031,xgb,log_km_value
1,log_seq_mol_wt,0.0,10.868292808532715,xgb,log_km_value
2,log_seq_mol_wt,-0.10197041847719217,11.16805648803711,xgb,log_km_value
3,log_seq_mol_wt,0.08616850890954839,10.134017944335938,xgb,log_km_value
4,log_seq_mol_wt,-0.1036863445581339,10.179969787597656,xgb,log_km_value
5,log_seq_mol_wt,0.25120026181465666,10.35327434539795,xgb,log_km_value
6,log_seq_mol_wt,-0.07671964189778757,10.829964637756348,xgb,log_km_value
7,log_seq_mol_wt,0.15415732323784917,10.589705467224121,xgb,log_km_value
8,log_seq_mol_wt,-0.08971945569727767,10.82020378112793,xgb,log_km_value
9,log_seq_mol_wt,0.3136244078258255,11.025118827819824,xgb,log_km_value
10,log_seq_mol_wt,0.0,10.738465309143066,xgb,log_km_value
11,log_seq_mol_wt,0.0,10.448199272155762,xgb,log_km_value
12,log_seq_mol_wt,0.29217210771433544,10.270760536193848,xgb,log_km_value
13,log_seq_mol_wt,0.0430893997018047,10.358283996582031,xgb,log_km_value
14,log_seq_mol_wt,0.0,10.62234115600586,xgb,log_km_value
15,log_seq_mol_wt,0.071689650427883,8.8438720703125,xgb,log_km_value
16,log_seq_mol_wt,0.18379872883256912,9.585155487060547,xgb,log_km_value
17,log_seq_mol_wt,0.30070976808905653,9.93643856048584,xgb,log_km_value
18,log_seq_mol_wt,0.06680564021077992,11.091901779174805,xgb,log_km_value
19,log_seq_mol_wt,0.0,11.570343017578125,xgb,log_km_value
20,log_seq_mol_wt,0.3967108693738326,10.358739852905273,xgb,log_km_value
21,log_seq_mol_wt,0.1318763494331829,10.469345092773438,xgb,log_km_value
22,log_seq_mol_wt,0.30681234737691593,9.657936096191406,xgb,log_km_value
23,log_seq_mol_wt,-0.09354354748182225,11.733443260192871,xgb,log_km_value
24,log_seq_mol_wt,0.22186721798640982,10.262185096740723,xgb,log_km_value
25,log_seq_mol_wt,0.0,10.931374549865723,xgb,log_km_value
26,log_seq_mol_wt,-0.075191922121059,10.350407600402832,xgb,log_km_value
27,log_seq_mol_wt,-0.1884105105270262,11.039839744567871,xgb,log_km_value
28,log_seq_mol_wt,-0.2321314538120163,10.948140144348145,xgb,log_km_value
29,log_seq_mol_wt,0.12898081922536023,10.682188987731934,xgb,log_km_value
30,log_seq_mol_wt,-0.2645298654889681,11.935462951660156,xgb,log_km_value
31,log_seq_mol_wt,0.0,10.6234130859375,xgb,log_km_value
32,log_seq_mol_wt,0.0,9.86694622039795,xgb,log_km_value
33,log_seq_mol_wt,-0.08862769398526137,9.798083305358887,xgb,log_km_value
34,log_seq_mol_wt,0.0,10.797884941101074,xgb,log_km_value
35,log_seq_mol_wt,0.0,10.486600875854492,xgb,log_km_value
36,log_seq_mol_wt,0.0,10.757920265197754,xgb,log_km_value
37,log_seq_mol_wt,0.0,10.699564933776855,xgb,log_km_value
38,log_seq_mol_wt,0.0,10.038525581359863,xgb,log_km_value
39,log_seq_mol_wt,0.0,10.617300987243652,xgb,log_km_value
40,log_seq_mol_wt,-0.13333823213284746,11.71030330657959,xgb,log_km_value
41,log_seq_mol_wt,0.04503668115039394,11.002645492553711,xgb,log_km_value
42,log_seq_mol_wt,-0.08048887572897878,10.673871040344238,xgb,log_km_value
43,log_seq_mol_wt,0.012801510267721916,8.813807487487793,xgb,log_km_value
44,log_seq_mol_wt,-0.2106390679556545,10.82018756866455,xgb,log_km_value
45,log_seq_mol_wt,0.16209864880780922,10.2382230758667,xgb,log_km_value
46,log_seq_mol_wt,-0.2069619254992407,10.805061340332031,xgb,log_km_value
47,log_seq_mol_wt,-0.20769574854693537,11.020642280578613,xgb,log_km_value
48,log_seq_mol_wt,-0.20541988274347217,11.50092887878418,xgb,log_km_value
49,log_seq_mol_wt,0.10962938354467984,10.143033981323242,xgb,log_km_value
50,log_seq_mol_wt,0.5236566738795748,10.358739852905273,xgb,log_km_value
51,log_seq_mol_wt,0.06150797493192173,10.390852928161621,xgb,log_km_value
52,log_seq_mol_wt,0.0,11.025952339172363,xgb,log_km_value
53,log_seq_mol_wt,0.21829221119837575,10.152830123901367,xgb,log_km_value
54,log_seq_mol_wt,-0.19644498589413537,11.271092414855957,xgb,log_km_value
55,log_seq_mol_wt,0.33664639177825234,10.341065406799316,xgb,log_km_value
56,log_seq_mol_wt,0.07595334529063721,10.57559585571289,xgb,log_km_value
57,log_seq_mol_wt,0.05379493733385568,10.235960006713867,xgb,log_km_value
58,log_seq_mol_wt,0.0,11.13865852355957,xgb,log_km_value
59,log_seq_mol_wt,-0.1106965124092104,10.483341217041016,xgb,log_km_value
60,log_seq_mol_wt,0.02627090782157704,10.992963790893555,xgb,log_km_value
61,log_seq_mol_wt,0.0,10.684676170349121,xgb,log_km_value
62,log_seq_mol_wt,0.3186030774308096,11.062714576721191,xgb,log_km_value
63,log_seq_mol_wt,0.2588603304831857,10.2933931350708,xgb,log_km_value
64,log_seq_mol_wt,0.0,10.589863777160645,xgb,log_km_value
65,log_seq_mol_wt,0.2806360760584496,10.59010124206543,xgb,log_km_value
66,log_seq_mol_wt,0.0,10.667594909667969,xgb,log_km_value
67,log_seq_mol_wt,0.07676488509193824,10.489245414733887,xgb,log_km_value
68,log_seq_mol_wt,-0.12942470329073857,10.48501968383789,xgb,log_km_value
69,log_seq_mol_wt,0.0,11.085429191589355,xgb,log_km_value
70,log_seq_mol_wt,0.0,10.632862091064453,xgb,log_km_value
71,log_seq_mol_wt,0.05200318338374459,11.010565757751465,xgb,log_km_value
72,log_seq_mol_wt,0.06321340123630304,10.352237701416016,xgb,log_km_value
73,log_seq_mol_wt,0.0,11.096953392028809,xgb,log_km_value
74,log_seq_mol_wt,0.0,10.509709358215332,xgb,log_km_value
75,log_seq_mol_wt,-0.029063683934083928,10.938871383666992,xgb,log_km_value
76,log_seq_mol_wt,0.0,10.0322847366333,xgb,log_km_value
77,log_seq_mol_wt,-0.12228482500800908,10.523509979248047,xgb,log_km_value
78,log_seq_mol_wt,0.13990862792503284,10.426422119140625,xgb,log_km_value
79,log_seq_mol_wt,0.0,10.418144226074219,xgb,log_km_value
80,log_seq_mol_wt,0.040055742846213875,11.026021957397461,xgb,log_km_value
81,log_seq_mol_wt,0.0,11.055208206176758,xgb,log_km_value
82,log_seq_mol_wt,0.0,10.628644943237305,xgb,log_km_value
83,log_seq_mol_wt,0.14055659904580084,10.479232788085938,xgb,log_km_value
84,log_seq_mol_wt,0.09603630838224911,10.682188987731934,xgb,log_km_value
85,log_seq_mol_wt,0.0,10.87839126586914,xgb,log_km_value
86,log_seq_mol_wt,0.20180786545053106,10.242412567138672,xgb,log_km_value
87,log_seq_mol_wt,0.22501024851765733,10.881373405456543,xgb,log_km_value
88,log_seq_mol_wt,0.0,10.8060884475708,xgb,log_km_value
89,log_seq_mol_wt,0.0,10.634742736816406,xgb,log_km_value
90,log_seq_mol_wt,-0.1557804632458548,11.156765937805176,xgb,log_km_value
91,log_seq_mol_wt,0.3170441424188167,11.062714576721191,xgb,log_km_value
92,log_seq_mol_wt,-0.3360152238649138,12.006189346313477,xgb,log_km_value
93,log_seq_mol_wt,0.35097653251959904,9.38391399383545,xgb,log_km_value
94,log_seq_mol_wt,-0.15903452909322147,10.226869583129883,xgb,log_km_value
95,log_seq_mol_wt,-0.2399676459834437,11.904401779174805,xgb,log_km_value
96,log_seq_mol_wt,-0.18914285708953274,10.86384105682373,xgb,log_km_value
97,log_seq_mol_wt,-0.07980283349587675,11.124246597290039,xgb,log_km_value
98,log_seq_mol_wt,-0.13163844455202936,11.133379936218262,xgb,log_km_value
99,log_seq_mol_wt,0.0,9.798135757446289,xgb,log_km_value
0,linear_pI,-0.2537255748071294,7.06573486328125,xgb,log_km_value
1,linear_pI,0.30241475352350333,5.298780918121338,xgb,log_km_value
2,linear_pI,0.16725958215439438,5.449859142303467,xgb,log_km_value
3,linear_pI,-0.3665480599876756,7.934462547302246,xgb,log_km_value
4,linear_pI,0.0,6.739933490753174,xgb,log_km_value
5,linear_pI,0.3775509759872372,5.270418167114258,xgb,log_km_value
6,linear_pI,0.10454038281930256,5.94498348236084,xgb,log_km_value
7,linear_pI,-0.5572306841069691,7.450875759124756,xgb,log_km_value
8,linear_pI,-0.18131372627745435,7.538123607635498,xgb,log_km_value
9,linear_pI,-0.10590662971016629,7.6631693840026855,xgb,log_km_value
10,linear_pI,0.02563907398536258,5.366362571716309,xgb,log_km_value
11,linear_pI,-0.2551511288519314,7.147298812866211,xgb,log_km_value
12,linear_pI,-0.35447513015803556,8.650577545166016,xgb,log_km_value
13,linear_pI,0.0,5.443492889404297,xgb,log_km_value
14,linear_pI,0.0,6.326600551605225,xgb,log_km_value
15,linear_pI,0.0,5.284002780914307,xgb,log_km_value
16,linear_pI,0.1004786559929408,5.036071300506592,xgb,log_km_value
17,linear_pI,0.21982883918571397,5.198971748352051,xgb,log_km_value
18,linear_pI,0.17316290824751082,5.01532506942749,xgb,log_km_value
19,linear_pI,-0.21475616445746257,7.153323650360107,xgb,log_km_value
20,linear_pI,0.2992456812229784,5.227959632873535,xgb,log_km_value
21,linear_pI,0.2106592012098549,5.059147834777832,xgb,log_km_value
22,linear_pI,0.29377367252572617,5.490214824676514,xgb,log_km_value
23,linear_pI,-0.3980299667118084,9.912095069885254,xgb,log_km_value
24,linear_pI,-0.13710577054062822,6.695826530456543,xgb,log_km_value
25,linear_pI,0.0,4.702028274536133,xgb,log_km_value
26,linear_pI,-0.4580358360375642,7.202432632446289,xgb,log_km_value
27,linear_pI,-0.19542960081311364,6.292781352996826,xgb,log_km_value
28,linear_pI,-0.3087897518854575,8.276016235351562,xgb,log_km_value
29,linear_pI,0.18519700885022936,5.543813705444336,xgb,log_km_value
30,linear_pI,-0.15376233908115722,5.687616348266602,xgb,log_km_value
31,linear_pI,0.462715570121733,5.420984745025635,xgb,log_km_value
32,linear_pI,0.06812783826683817,4.8506622314453125,xgb,log_km_value
33,linear_pI,-0.04636260650679169,4.928815841674805,xgb,log_km_value
34,linear_pI,0.6225250782164999,5.096945762634277,xgb,log_km_value
35,linear_pI,0.1711710192846209,5.201074600219727,xgb,log_km_value
36,linear_pI,0.49416043659606385,5.795383453369141,xgb,log_km_value
37,linear_pI,0.26395870576303193,5.53369665145874,xgb,log_km_value
38,linear_pI,0.1742609653336234,5.351470947265625,xgb,log_km_value
39,linear_pI,-0.4131301515996268,8.480703353881836,xgb,log_km_value
40,linear_pI,-0.6886337440560109,8.114522933959961,xgb,log_km_value
41,linear_pI,-0.388178033764123,7.901454925537109,xgb,log_km_value
42,linear_pI,0.0,6.006085395812988,xgb,log_km_value
43,linear_pI,0.0,6.734988689422607,xgb,log_km_value
44,linear_pI,0.0,5.983747482299805,xgb,log_km_value
45,linear_pI,0.0,5.315207481384277,xgb,log_km_value
46,linear_pI,0.0,6.28255033493042,xgb,log_km_value
47,linear_pI,-0.07698430209365026,5.207554340362549,xgb,log_km_value
48,linear_pI,0.0,8.41720199584961,xgb,log_km_value
49,linear_pI,0.0,8.76462173461914,xgb,log_km_value
50,linear_pI,0.350170199140577,5.227959632873535,xgb,log_km_value
51,linear_pI,0.30256393011057986,5.230062484741211,xgb,log_km_value
52,linear_pI,-0.14531696805640915,6.303125858306885,xgb,log_km_value
53,linear_pI,0.0,8.511260986328125,xgb,log_km_value
54,linear_pI,-0.13747140887347828,7.614003658294678,xgb,log_km_value
55,linear_pI,0.19359395117065295,9.094635963439941,xgb,log_km_value
56,linear_pI,-0.17435261322866896,8.47560977935791,xgb,log_km_value
57,linear_pI,0.1253933928935047,5.326916217803955,xgb,log_km_value
58,linear_pI,-1.3458075499369404,9.225764274597168,xgb,log_km_value
59,linear_pI,-0.1004207228920274,6.514169216156006,xgb,log_km_value
60,linear_pI,0.15513229057307582,5.584965229034424,xgb,log_km_value
61,linear_pI,-0.1143848076852016,7.81190824508667,xgb,log_km_value
62,linear_pI,-0.11524598082915466,6.975531101226807,xgb,log_km_value
63,linear_pI,-0.17509305761476968,8.813617706298828,xgb,log_km_value
64,linear_pI,0.13119131406349885,5.868591785430908,xgb,log_km_value
65,linear_pI,0.0,6.357521057128906,xgb,log_km_value
66,linear_pI,0.08037507093885643,5.149465084075928,xgb,log_km_value
67,linear_pI,-0.1940294272576416,7.610593318939209,xgb,log_km_value
68,linear_pI,0.0,6.351495742797852,xgb,log_km_value
69,linear_pI,0.11671221018223316,5.978745937347412,xgb,log_km_value
70,linear_pI,0.0,5.27689790725708,xgb,log_km_value
71,linear_pI,0.672789996121876,4.823209285736084,xgb,log_km_value
72,linear_pI,0.0,5.727005958557129,xgb,log_km_value
73,linear_pI,0.058856198401392,5.920883655548096,xgb,log_km_value
74,linear_pI,-0.31112367171160393,6.762271404266357,xgb,log_km_value
75,linear_pI,-0.23536944504435744,6.6927571296691895,xgb,log_km_value
76,linear_pI,-0.260137976815398,9.252067565917969,xgb,log_km_value
77,linear_pI,-0.13242174758097366,5.130992412567139,xgb,log_km_value
78,linear_pI,0.2323830653019212,4.874876022338867,xgb,log_km_value
79,linear_pI,0.20705473616571193,5.383016586303711,xgb,log_km_value
80,linear_pI,0.2916745914725788,5.401886940002441,xgb,log_km_value
81,linear_pI,0.43443446288729476,4.935238838195801,xgb,log_km_value
82,linear_pI,-0.3612913415481894,8.554519653320312,xgb,log_km_value
83,linear_pI,0.25140504090863414,6.668657302856445,xgb,log_km_value
84,linear_pI,0.11363464407687893,5.543813705444336,xgb,log_km_value
85,linear_pI,0.665697797946716,5.794075965881348,xgb,log_km_value
86,linear_pI,0.28901227550861197,5.159696102142334,xgb,log_km_value
87,linear_pI,0.14863607042848193,4.826619625091553,xgb,log_km_value
88,linear_pI,0.3450784489636671,6.654618263244629,xgb,log_km_value
89,linear_pI,0.05721105353037492,5.863874435424805,xgb,log_km_value
90,linear_pI,0.0,5.636802673339844,xgb,log_km_value
91,linear_pI,-0.11387755917210213,6.975531101226807,xgb,log_km_value
92,linear_pI,0.0,6.449429512023926,xgb,log_km_value
93,linear_pI,-0.20200879378786218,6.380199432373047,xgb,log_km_value
94,linear_pI,0.0,4.749773025512695,xgb,log_km_value
95,linear_pI,-0.3062018990573187,6.791941165924072,xgb,log_km_value
96,linear_pI,0.0,6.214229583740234,xgb,log_km_value
97,linear_pI,0.1314428116935602,5.874048233032227,xgb,log_km_value
98,linear_pI,-0.40802346572195364,7.120357036590576,xgb,log_km_value
99,linear_pI,-0.02880742218748633,4.759777069091797,xgb,log_km_value
0,linear_aromaticity,0.0,0.056179776787757874,xgb,log_km_value
1,linear_aromaticity,0.22114879455247577,0.1299559473991394,xgb,log_km_value
2,linear_aromaticity,-0.2943193207173501,0.08964451402425766,xgb,log_km_value
3,linear_aromaticity,-0.31292260833933655,0.08771929889917374,xgb,log_km_value
4,linear_aromaticity,0.0,0.0731707289814949,xgb,log_km_value
5,linear_aromaticity,0.12264349205518321,0.07299269735813141,xgb,log_km_value
6,linear_aromaticity,0.0,0.08666666597127914,xgb,log_km_value
7,linear_aromaticity,0.19944640881575101,0.06684491783380508,xgb,log_km_value
8,linear_aromaticity,-0.3094568648818722,0.0882352963089943,xgb,log_km_value
9,linear_aromaticity,-0.1821133621624701,0.08781362324953079,xgb,log_km_value
10,linear_aromaticity,-0.18033237903877927,0.06557376682758331,xgb,log_km_value
11,linear_aromaticity,0.34917606547349594,0.08143322169780731,xgb,log_km_value
12,linear_aromaticity,0.09943027988794334,0.11244980245828629,xgb,log_km_value
13,linear_aromaticity,-0.21097568670380779,0.095563143491745,xgb,log_km_value
14,linear_aromaticity,-0.14038950669652162,0.06735751032829285,xgb,log_km_value
15,linear_aromaticity,0.09715795153340799,0.03076923079788685,xgb,log_km_value
16,linear_aromaticity,0.22370681249650354,0.06617647409439087,xgb,log_km_value
17,linear_aromaticity,0.0,0.10382513701915741,xgb,log_km_value
18,linear_aromaticity,0.0,0.0925619825720787,xgb,log_km_value
19,linear_aromaticity,-0.1345127918845657,0.09071274101734161,xgb,log_km_value
20,linear_aromaticity,-0.12317384127636163,0.08363636583089828,xgb,log_km_value
21,linear_aromaticity,0.0656717752466991,0.057057056576013565,xgb,log_km_value
22,linear_aromaticity,0.32691711567592874,0.12857143580913544,xgb,log_km_value
23,linear_aromaticity,0.23873700143284152,0.04194631054997444,xgb,log_km_value
24,linear_aromaticity,-0.18760805255213747,0.1080000028014183,xgb,log_km_value
25,linear_aromaticity,0.04806055337973025,0.11928429454565048,xgb,log_km_value
26,linear_aromaticity,-0.34629326278396183,0.08759123831987381,xgb,log_km_value
27,linear_aromaticity,-0.15189529281797573,0.09803921729326248,xgb,log_km_value
28,linear_aromaticity,-0.044553524242054277,0.11359026283025742,xgb,log_km_value
29,linear_aromaticity,0.059161416855567056,0.09090909361839294,xgb,log_km_value
30,linear_aromaticity,-0.13760299562223322,0.08351488411426544,xgb,log_km_value
31,linear_aromaticity,0.19600765994602398,0.09809264540672302,xgb,log_km_value
32,linear_aromaticity,0.18059887832943083,0.08187134563922882,xgb,log_km_value
33,linear_aromaticity,-0.20186414389382235,0.09433962404727936,xgb,log_km_value
34,linear_aromaticity,-0.19705458721766042,0.08968609571456909,xgb,log_km_value
35,linear_aromaticity,0.4364470555149552,0.05074626952409744,xgb,log_km_value
36,linear_aromaticity,0.14507894104613236,0.07971014827489853,xgb,log_km_value
37,linear_aromaticity,0.33772111216666284,0.061274509876966476,xgb,log_km_value
38,linear_aromaticity,0.0,0.07246376574039459,xgb,log_km_value
39,linear_aromaticity,-0.18673386203381875,0.10803323984146118,xgb,log_km_value
40,linear_aromaticity,0.14650811142047043,0.10315985232591629,xgb,log_km_value
41,linear_aromaticity,0.20180779239603255,0.12406015396118164,xgb,log_km_value
42,linear_aromaticity,-0.1615911060979667,0.0835443064570427,xgb,log_km_value
43,linear_aromaticity,0.0,0.11290322244167328,xgb,log_km_value
44,linear_aromaticity,-0.10456977746752844,0.0833333358168602,xgb,log_km_value
45,linear_aromaticity,-0.1365824779863601,0.10629921406507492,xgb,log_km_value
46,linear_aromaticity,-0.15083556690812844,0.07382550090551376,xgb,log_km_value
47,linear_aromaticity,-0.07842654531656217,0.11439114063978195,xgb,log_km_value
48,linear_aromaticity,0.06750643606927154,0.06551723927259445,xgb,log_km_value
49,linear_aromaticity,0.1020964277754624,0.09459459781646729,xgb,log_km_value
50,linear_aromaticity,-0.1471485821142422,0.08363636583089828,xgb,log_km_value
51,linear_aromaticity,0.0642648561295086,0.0625,xgb,log_km_value
52,linear_aromaticity,-0.29542859656513126,0.08896797150373459,xgb,log_km_value
53,linear_aromaticity,0.07161994733642268,0.09459459781646729,xgb,log_km_value
54,linear_aromaticity,0.0,0.07260274142026901,xgb,log_km_value
55,linear_aromaticity,0.43218939581491184,0.04810996726155281,xgb,log_km_value
56,linear_aromaticity,0.3940123511365551,0.06166219711303711,xgb,log_km_value
57,linear_aromaticity,0.08442789519067255,0.11836734414100647,xgb,log_km_value
58,linear_aromaticity,-0.18509153435450826,0.095238097012043,xgb,log_km_value
59,linear_aromaticity,-0.01965016542454867,0.09584664553403854,xgb,log_km_value
60,linear_aromaticity,0.0,0.07289719581604004,xgb,log_km_value
61,linear_aromaticity,0.16043894524358984,0.0555555559694767,xgb,log_km_value
62,linear_aromaticity,0.0,0.08650518953800201,xgb,log_km_value
63,linear_aromaticity,0.19324369740255345,0.04316546767950058,xgb,log_km_value
64,linear_aromaticity,0.11049563119666808,0.11695906519889832,xgb,log_km_value
65,linear_aromaticity,-0.12364512231911728,0.12391930818557739,xgb,log_km_value
66,linear_aromaticity,0.0,0.043902438133955,xgb,log_km_value
67,linear_aromaticity,-0.3643513500949471,0.08950617164373398,xgb,log_km_value
68,linear_aromaticity,0.0,0.11974109709262848,xgb,log_km_value
69,linear_aromaticity,-0.12378235212909372,0.08103448152542114,xgb,log_km_value
70,linear_aromaticity,-1.2035768786341525,0.06544502824544907,xgb,log_km_value
71,linear_aromaticity,0.653095591277069,0.10727272927761078,xgb,log_km_value
72,linear_aromaticity,0.0,0.05923344939947128,xgb,log_km_value
73,linear_aromaticity,-0.0897890434016647,0.07308970391750336,xgb,log_km_value
74,linear_aromaticity,0.13142879358728726,0.10216718167066574,xgb,log_km_value
75,linear_aromaticity,-0.1657233340725999,0.11042945086956024,xgb,log_km_value
76,linear_aromaticity,-0.10175362310078126,0.06829268485307693,xgb,log_km_value
77,linear_aromaticity,-0.3980339140755161,0.045584045350551605,xgb,log_km_value
78,linear_aromaticity,-0.06456635128663742,0.06984127312898636,xgb,log_km_value
79,linear_aromaticity,-0.10044498727929674,0.14141413569450378,xgb,log_km_value
80,linear_aromaticity,0.0,0.10160427540540695,xgb,log_km_value
81,linear_aromaticity,0.2983097347176541,0.09433962404727936,xgb,log_km_value
82,linear_aromaticity,-0.2954017684051479,0.08923884481191635,xgb,log_km_value
83,linear_aromaticity,0.0,0.0602409653365612,xgb,log_km_value
84,linear_aromaticity,0.0,0.09090909361839294,xgb,log_km_value
85,linear_aromaticity,-0.08427655449342195,0.08528784662485123,xgb,log_km_value
86,linear_aromaticity,-0.16877384442020738,0.07279693335294724,xgb,log_km_value
87,linear_aromaticity,-0.2105762707193496,0.0762711837887764,xgb,log_km_value
88,linear_aromaticity,0.0,0.06681514531373978,xgb,log_km_value
89,linear_aromaticity,0.07785988649949556,0.11263736337423325,xgb,log_km_value
90,linear_aromaticity,-0.2733052721986514,0.09003215283155441,xgb,log_km_value
91,linear_aromaticity,0.0,0.08650518953800201,xgb,log_km_value
92,linear_aromaticity,-0.21156878027151738,0.07620321214199066,xgb,log_km_value
93,linear_aromaticity,-0.2589511343765398,0.1666666716337204,xgb,log_km_value
94,linear_aromaticity,-0.17196614781376468,0.08527132123708725,xgb,log_km_value
95,linear_aromaticity,-0.14871196290029906,0.07623318582773209,xgb,log_km_value
96,linear_aromaticity,0.0,0.04554865509271622,xgb,log_km_value
97,linear_aromaticity,0.1509291180739483,0.10912051796913147,xgb,log_km_value
98,linear_aromaticity,-0.04888680863066952,0.1345514953136444,xgb,log_km_value
99,linear_aromaticity,-0.12718466353366442,0.09433962404727936,xgb,log_km_value
0,linear_instability_index,0.0,40.4730339050293,xgb,log_km_value
1,linear_instability_index,0.07973292882436755,41.72361373901367,xgb,log_km_value
2,linear_instability_index,0.21535582290607153,20.743894577026367,xgb,log_km_value
3,linear_instability_index,0.0,29.556184768676758,xgb,log_km_value
4,linear_instability_index,0.3436218604258929,24.43170738220215,xgb,log_km_value
5,linear_instability_index,0.0,45.554378509521484,xgb,log_km_value
6,linear_instability_index,0.27144341331278643,26.795555114746094,xgb,log_km_value
7,linear_instability_index,0.23020264316739358,30.498929977416992,xgb,log_km_value
8,linear_instability_index,0.0,30.132827758789062,xgb,log_km_value
9,linear_instability_index,0.296421255260476,30.215232849121094,xgb,log_km_value
10,linear_instability_index,0.08790419385137577,28.77985954284668,xgb,log_km_value
11,linear_instability_index,0.18760381396532616,34.23029327392578,xgb,log_km_value
12,linear_instability_index,0.07728271708127377,36.15943908691406,xgb,log_km_value
13,linear_instability_index,0.0,20.389760971069336,xgb,log_km_value
14,linear_instability_index,0.12139086329916657,27.34922218322754,xgb,log_km_value
15,linear_instability_index,-0.134297086565547,71.22307586669922,xgb,log_km_value
16,linear_instability_index,0.17579979265512952,41.17647171020508,xgb,log_km_value
17,linear_instability_index,0.28988342208049134,26.987977981567383,xgb,log_km_value
18,linear_instability_index,0.19222692663449137,30.645967483520508,xgb,log_km_value
19,linear_instability_index,-0.35782231345769105,48.34492492675781,xgb,log_km_value
20,linear_instability_index,0.2905065932396858,18.041454315185547,xgb,log_km_value
21,linear_instability_index,0.07368987778801347,24.145376205444336,xgb,log_km_value
22,linear_instability_index,0.12380689124422428,40.72292709350586,xgb,log_km_value
23,linear_instability_index,1.1871796377709074,56.4294548034668,xgb,log_km_value
24,linear_instability_index,0.0,40.58243942260742,xgb,log_km_value
25,linear_instability_index,0.1143161575315701,30.82608413696289,xgb,log_km_value
26,linear_instability_index,-0.09771641084470695,43.99197006225586,xgb,log_km_value
27,linear_instability_index,-0.2916733321456199,42.32263946533203,xgb,log_km_value
28,linear_instability_index,0.0,33.6529426574707,xgb,log_km_value
29,linear_instability_index,0.15193610916302214,29.49570655822754,xgb,log_km_value
30,linear_instability_index,0.0,39.311256408691406,xgb,log_km_value
31,linear_instability_index,-0.7959838947902894,48.76811981201172,xgb,log_km_value
32,linear_instability_index,-0.33395163946082973,56.306434631347656,xgb,log_km_value
33,linear_instability_index,-0.20580479499215817,37.88867950439453,xgb,log_km_value
34,linear_instability_index,1.0841678072312317,26.4313907623291,xgb,log_km_value
35,linear_instability_index,0.4757103293499692,24.543283462524414,xgb,log_km_value
36,linear_instability_index,0.12161819880709798,36.16545867919922,xgb,log_km_value
37,linear_instability_index,0.6074558266436275,25.085784912109375,xgb,log_km_value
38,linear_instability_index,0.10433403658691104,33.18937301635742,xgb,log_km_value
39,linear_instability_index,-0.07121147484921535,39.30194091796875,xgb,log_km_value
40,linear_instability_index,0.0,43.170101165771484,xgb,log_km_value
41,linear_instability_index,0.17103712079286257,34.2353401184082,xgb,log_km_value
42,linear_instability_index,0.22374867822274735,26.821290969848633,xgb,log_km_value
43,linear_instability_index,0.140754581640916,32.27096939086914,xgb,log_km_value
44,linear_instability_index,0.08530629727934813,33.936622619628906,xgb,log_km_value
45,linear_instability_index,-0.940602039064868,50.93901443481445,xgb,log_km_value
46,linear_instability_index,0.0,45.46780776977539,xgb,log_km_value
47,linear_instability_index,0.08967457484001251,32.34833908081055,xgb,log_km_value
48,linear_instability_index,-0.13246438203779679,50.29576873779297,xgb,log_km_value
49,linear_instability_index,0.11616391578327262,43.838287353515625,xgb,log_km_value
50,linear_instability_index,0.46331315964809683,18.041454315185547,xgb,log_km_value
51,linear_instability_index,0.0,36.25592041015625,xgb,log_km_value
52,linear_instability_index,0.08228902784649103,32.6473503112793,xgb,log_km_value
53,linear_instability_index,0.3114250580927586,46.05450439453125,xgb,log_km_value
54,linear_instability_index,0.043669467375073934,38.49864196777344,xgb,log_km_value
55,linear_instability_index,0.2887386679928098,21.893470764160156,xgb,log_km_value
56,linear_instability_index,0.07144497505543201,29.977210998535156,xgb,log_km_value
57,linear_instability_index,0.0,39.8644905090332,xgb,log_km_value
58,linear_instability_index,0.1334529356775216,43.14975357055664,xgb,log_km_value
59,linear_instability_index,-0.31761697812910505,47.2415657043457,xgb,log_km_value
60,linear_instability_index,0.1897994842708798,28.26448631286621,xgb,log_km_value
61,linear_instability_index,0.25929814494133135,33.99927520751953,xgb,log_km_value
62,linear_instability_index,0.08300886905132358,37.77802658081055,xgb,log_km_value
63,linear_instability_index,-0.07142210272671302,49.12841796875,xgb,log_km_value
64,linear_instability_index,-0.6437147804347327,50.57514572143555,xgb,log_km_value
65,linear_instability_index,0.160473840165425,34.1793098449707,xgb,log_km_value
66,linear_instability_index,0.31773828081377814,32.57682800292969,xgb,log_km_value
67,linear_instability_index,0.29405727389909836,22.448488235473633,xgb,log_km_value
68,linear_instability_index,-0.2087589623087953,47.34210205078125,xgb,log_km_value
69,linear_instability_index,0.12656153146165447,39.192256927490234,xgb,log_km_value
70,linear_instability_index,-0.24238187320906013,33.54400634765625,xgb,log_km_value
71,linear_instability_index,0.3059907924472212,38.735145568847656,xgb,log_km_value
72,linear_instability_index,0.15646517195419782,31.679443359375,xgb,log_km_value
73,linear_instability_index,-0.13065655944798577,24.524917602539062,xgb,log_km_value
74,linear_instability_index,0.09692216370570117,36.70687484741211,xgb,log_km_value
75,linear_instability_index,0.0,40.049713134765625,xgb,log_km_value
76,linear_instability_index,-0.5457806005749206,57.29707336425781,xgb,log_km_value
77,linear_instability_index,0.23289222409799165,34.78888702392578,xgb,log_km_value
78,linear_instability_index,0.07379448837486395,34.24253845214844,xgb,log_km_value
79,linear_instability_index,0.593196825515721,26.673736572265625,xgb,log_km_value
80,linear_instability_index,0.6421467420998865,25.816452026367188,xgb,log_km_value
81,linear_instability_index,0.18118393478352518,29.386295318603516,xgb,log_km_value
82,linear_instability_index,0.0,34.13729476928711,xgb,log_km_value
83,linear_instability_index,-0.20973282580417024,22.016265869140625,xgb,log_km_value
84,linear_instability_index,0.04757368053216804,29.49570655822754,xgb,log_km_value
85,linear_instability_index,0.0,49.28059768676758,xgb,log_km_value
86,linear_instability_index,0.4726560193362665,28.227203369140625,xgb,log_km_value
87,linear_instability_index,-0.3915166604526737,52.226505279541016,xgb,log_km_value
88,linear_instability_index,0.18105994420847982,36.974185943603516,xgb,log_km_value
89,linear_instability_index,0.13151426069746913,35.23027420043945,xgb,log_km_value
90,linear_instability_index,-0.1434551329728662,40.87767028808594,xgb,log_km_value
91,linear_instability_index,0.0684979764803928,37.77802658081055,xgb,log_km_value
92,linear_instability_index,0.08239796001260816,33.57646942138672,xgb,log_km_value
93,linear_instability_index,-1.1138231737368518,51.38637161254883,xgb,log_km_value
94,linear_instability_index,0.1179180993175235,35.220970153808594,xgb,log_km_value
95,linear_instability_index,0.0,43.26369857788086,xgb,log_km_value
96,linear_instability_index,0.06748869223566739,33.91324996948242,xgb,log_km_value
97,linear_instability_index,0.0,42.40099334716797,xgb,log_km_value
98,linear_instability_index,0.0,37.09735870361328,xgb,log_km_value
99,linear_instability_index,0.0,40.579246520996094,xgb,log_km_value
0,linear_pH_value,0.0,8.0,nn,log_kcat_value
1,linear_pH_value,-0.3347436846073384,7.0,nn,log_kcat_value
2,linear_pH_value,0.0,7.5,nn,log_kcat_value
3,linear_pH_value,0.08111150659315679,7.5,nn,log_kcat_value
4,linear_pH_value,0.0,7.0,nn,log_kcat_value
5,linear_pH_value,0.0,6.5,nn,log_kcat_value
6,linear_pH_value,0.0,8.0,nn,log_kcat_value
7,linear_pH_value,0.0,7.5,nn,log_kcat_value
8,linear_pH_value,-0.1788839615612459,7.4,nn,log_kcat_value
9,linear_pH_value,0.39260723540752435,9.5,nn,log_kcat_value
10,linear_pH_value,-0.15611746503792287,7.8,nn,log_kcat_value
11,linear_pH_value,0.08300226368793018,7.0,nn,log_kcat_value
12,linear_pH_value,0.05462544580966844,7.5,nn,log_kcat_value
13,linear_pH_value,0.0,7.5,nn,log_kcat_value
14,linear_pH_value,0.0,8.0,nn,log_kcat_value
15,linear_pH_value,0.0,7.3,nn,log_kcat_value
16,linear_pH_value,-0.19011805288608286,9.0,nn,log_kcat_value
17,linear_pH_value,0.0,7.3,nn,log_kcat_value
18,linear_pH_value,-0.17793847234055502,7.0,nn,log_kcat_value
19,linear_pH_value,0.0,7.0,nn,log_kcat_value
20,linear_pH_value,-0.15776647348009476,7.0,nn,log_kcat_value
21,linear_pH_value,0.16564610134564628,7.2,nn,log_kcat_value
22,linear_pH_value,1.1940264432952101,4.5,nn,log_kcat_value
23,linear_pH_value,0.8922601391401696,6.0,nn,log_kcat_value
24,linear_pH_value,0.0,7.5,nn,log_kcat_value
25,linear_pH_value,0.0,8.0,nn,log_kcat_value
26,linear_pH_value,0.3341454162277265,7.0,nn,log_kcat_value
27,linear_pH_value,-0.4888880867821927,8.0,nn,log_kcat_value
28,linear_pH_value,0.0,7.4,nn,log_kcat_value
29,linear_pH_value,0.0,8.0,nn,log_kcat_value
30,linear_pH_value,0.0,5.75,nn,log_kcat_value
31,linear_pH_value,0.0,7.0,nn,log_kcat_value
32,linear_pH_value,0.6016976208341851,9.25,nn,log_kcat_value
33,linear_pH_value,0.3942700500699108,7.0,nn,log_kcat_value
34,linear_pH_value,0.0,7.0,nn,log_kcat_value
35,linear_pH_value,0.9452483672470511,9.2,nn,log_kcat_value
36,linear_pH_value,-0.0999935744944989,7.5,nn,log_kcat_value
37,linear_pH_value,0.0,7.5,nn,log_kcat_value
38,linear_pH_value,0.0,8.0,nn,log_kcat_value
39,linear_pH_value,0.0,7.0,nn,log_kcat_value
40,linear_pH_value,-0.13996588809091426,7.4,nn,log_kcat_value
41,linear_pH_value,-0.08603147101271569,7.4,nn,log_kcat_value
42,linear_pH_value,0.5675574757685719,8.5,nn,log_kcat_value
43,linear_pH_value,0.0,7.0,nn,log_kcat_value
44,linear_pH_value,0.3260780107116018,6.7,nn,log_kcat_value
45,linear_pH_value,0.14425863795958985,8.0,nn,log_kcat_value
46,linear_pH_value,-0.26332740359864765,8.0,nn,log_kcat_value
47,linear_pH_value,0.0,8.5,nn,log_kcat_value
48,linear_pH_value,0.0,7.5,nn,log_kcat_value
49,linear_pH_value,0.0,8.0,nn,log_kcat_value
50,linear_pH_value,0.0,7.0,nn,log_kcat_value
51,linear_pH_value,-0.06683700176955486,7.5,nn,log_kcat_value
52,linear_pH_value,-0.14049915959557652,7.4,nn,log_kcat_value
53,linear_pH_value,0.10995322619033318,7.4,nn,log_kcat_value
54,linear_pH_value,-0.18569782846784091,7.8,nn,log_kcat_value
55,linear_pH_value,0.17273459477223585,7.0,nn,log_kcat_value
56,linear_pH_value,0.29725486008601903,10.0,nn,log_kcat_value
57,linear_pH_value,-0.20352229731531643,7.1,nn,log_kcat_value
58,linear_pH_value,0.8705819332876422,6.0,nn,log_kcat_value
59,linear_pH_value,0.0,7.4,nn,log_kcat_value
60,linear_pH_value,-0.30822473191008654,8.0,nn,log_kcat_value
61,linear_pH_value,-0.3395277309475353,8.0,nn,log_kcat_value
62,linear_pH_value,-0.30402963972625896,9.5,nn,log_kcat_value
63,linear_pH_value,0.0,6.0,nn,log_kcat_value
64,linear_pH_value,1.5013505111346206,5.5,nn,log_kcat_value
65,linear_pH_value,0.16195813348315868,8.0,nn,log_kcat_value
66,linear_pH_value,0.0,7.4,nn,log_kcat_value
67,linear_pH_value,0.39432835602657956,6.5,nn,log_kcat_value
68,linear_pH_value,-0.4892653043739658,7.0,nn,log_kcat_value
69,linear_pH_value,0.22828713536108758,7.4,nn,log_kcat_value
70,linear_pH_value,-0.15200987709341096,7.5,nn,log_kcat_value
71,linear_pH_value,0.0,7.6,nn,log_kcat_value
72,linear_pH_value,0.0,7.4,nn,log_kcat_value
73,linear_pH_value,-0.14508912502865723,8.0,nn,log_kcat_value
74,linear_pH_value,-0.05059910221454489,7.4,nn,log_kcat_value
75,linear_pH_value,0.5792771980492878,8.0,nn,log_kcat_value
76,linear_pH_value,0.0,7.5,nn,log_kcat_value
77,linear_pH_value,0.0,6.5,nn,log_kcat_value
78,linear_pH_value,-0.3012930260965447,7.5,nn,log_kcat_value
79,linear_pH_value,-0.6588238351524466,6.1,nn,log_kcat_value
80,linear_pH_value,0.0,7.5,nn,log_kcat_value
81,linear_pH_value,0.6893344654981874,6.0,nn,log_kcat_value
82,linear_pH_value,0.0,7.0,nn,log_kcat_value
83,linear_pH_value,0.0,7.5,nn,log_kcat_value
84,linear_pH_value,0.4780473243610928,8.0,nn,log_kcat_value
85,linear_pH_value,0.0,7.5,nn,log_kcat_value
86,linear_pH_value,-0.09327750648821231,8.0,nn,log_kcat_value
87,linear_pH_value,0.0,8.0,nn,log_kcat_value
88,linear_pH_value,-0.4330848842082239,8.0,nn,log_kcat_value
89,linear_pH_value,0.0,7.5,nn,log_kcat_value
90,linear_pH_value,-0.12963285522815315,7.4,nn,log_kcat_value
91,linear_pH_value,-0.3002496905937525,9.5,nn,log_kcat_value
92,linear_pH_value,-0.23109821565007996,7.6,nn,log_kcat_value
93,linear_pH_value,-0.2413730698610811,7.2,nn,log_kcat_value
94,linear_pH_value,-0.2098287732991292,7.4,nn,log_kcat_value
95,linear_pH_value,0.0,7.4,nn,log_kcat_value
96,linear_pH_value,-0.1749942154541544,7.5,nn,log_kcat_value
97,linear_pH_value,-0.3611720339399307,7.4,nn,log_kcat_value
98,linear_pH_value,0.0,7.2,nn,log_kcat_value
99,linear_pH_value,0.0,7.8,nn,log_kcat_value
0,linear_temperature_value,0.0,25.0,nn,log_kcat_value
1,linear_temperature_value,0.18501295499620332,25.0,nn,log_kcat_value
2,linear_temperature_value,-0.14814953331624026,37.0,nn,log_kcat_value
3,linear_temperature_value,0.0,30.0,nn,log_kcat_value
4,linear_temperature_value,0.12844523062183733,30.0,nn,log_kcat_value
5,linear_temperature_value,-0.3466394765479769,35.0,nn,log_kcat_value
6,linear_temperature_value,1.0430636056296867,45.0,nn,log_kcat_value
7,linear_temperature_value,0.0,25.0,nn,log_kcat_value
8,linear_temperature_value,0.0,25.0,nn,log_kcat_value
9,linear_temperature_value,0.5691308509694739,25.0,nn,log_kcat_value
10,linear_temperature_value,0.0,25.0,nn,log_kcat_value
11,linear_temperature_value,-0.4487806045545211,22.0,nn,log_kcat_value
12,linear_temperature_value,0.0,37.0,nn,log_kcat_value
13,linear_temperature_value,-0.5014953579421624,24.0,nn,log_kcat_value
14,linear_temperature_value,0.0,25.0,nn,log_kcat_value
15,linear_temperature_value,0.7331597358613241,24.0,nn,log_kcat_value
16,linear_temperature_value,0.0,24.0,nn,log_kcat_value
17,linear_temperature_value,-0.6398258880719719,37.0,nn,log_kcat_value
18,linear_temperature_value,-0.16751092437413612,23.0,nn,log_kcat_value
19,linear_temperature_value,0.0,30.0,nn,log_kcat_value
20,linear_temperature_value,0.0,37.0,nn,log_kcat_value
21,linear_temperature_value,0.593399460092333,23.0,nn,log_kcat_value
22,linear_temperature_value,0.3716207686747329,37.0,nn,log_kcat_value
23,linear_temperature_value,-0.24747309653699023,30.0,nn,log_kcat_value
24,linear_temperature_value,0.0,25.0,nn,log_kcat_value
25,linear_temperature_value,0.0,37.0,nn,log_kcat_value
26,linear_temperature_value,0.23832027413655776,25.0,nn,log_kcat_value
27,linear_temperature_value,-1.4054767311260263,37.0,nn,log_kcat_value
28,linear_temperature_value,-0.2786627492269498,24.0,nn,log_kcat_value
29,linear_temperature_value,-0.5228637390644972,37.0,nn,log_kcat_value
30,linear_temperature_value,-0.45991730242018675,37.0,nn,log_kcat_value
31,linear_temperature_value,-0.41593821398409564,37.0,nn,log_kcat_value
32,linear_temperature_value,-0.6401223905203204,37.0,nn,log_kcat_value
33,linear_temperature_value,1.0230573119846131,15.0,nn,log_kcat_value
34,linear_temperature_value,0.0,25.0,nn,log_kcat_value
35,linear_temperature_value,0.29072245327441015,25.0,nn,log_kcat_value
36,linear_temperature_value,-0.18235490778653063,36.85000000000002,nn,log_kcat_value
37,linear_temperature_value,0.24691266620763663,37.0,nn,log_kcat_value
38,linear_temperature_value,-0.32420644500405543,37.0,nn,log_kcat_value
39,linear_temperature_value,-0.16493685296229652,30.0,nn,log_kcat_value
40,linear_temperature_value,0.0,30.0,nn,log_kcat_value
41,linear_temperature_value,-0.6661818604728914,37.0,nn,log_kcat_value
42,linear_temperature_value,0.213567903647306,25.0,nn,log_kcat_value
43,linear_temperature_value,0.27267472826970307,28.0,nn,log_kcat_value
44,linear_temperature_value,-0.1330546752412921,22.0,nn,log_kcat_value
45,linear_temperature_value,-0.17364807104341698,30.0,nn,log_kcat_value
46,linear_temperature_value,-0.3020779027426226,30.0,nn,log_kcat_value
47,linear_temperature_value,-0.4015187557116728,35.0,nn,log_kcat_value
48,linear_temperature_value,-0.954499708689496,37.0,nn,log_kcat_value
49,linear_temperature_value,0.39544898133773065,25.0,nn,log_kcat_value
50,linear_temperature_value,-0.5483019818243455,37.0,nn,log_kcat_value
51,linear_temperature_value,-0.07184104889062563,32.0,nn,log_kcat_value
52,linear_temperature_value,0.0,25.0,nn,log_kcat_value
53,linear_temperature_value,0.0,30.0,nn,log_kcat_value
54,linear_temperature_value,-0.5135505299956005,32.0,nn,log_kcat_value
55,linear_temperature_value,0.0,25.0,nn,log_kcat_value
56,linear_temperature_value,0.269625517792717,25.0,nn,log_kcat_value
57,linear_temperature_value,-0.36828312320572865,30.0,nn,log_kcat_value
58,linear_temperature_value,1.229970448950962,55.0,nn,log_kcat_value
59,linear_temperature_value,0.28990283863443683,25.0,nn,log_kcat_value
60,linear_temperature_value,0.0,30.0,nn,log_kcat_value
61,linear_temperature_value,0.0,37.0,nn,log_kcat_value
62,linear_temperature_value,-0.235666013001909,30.0,nn,log_kcat_value
63,linear_temperature_value,-0.3625502419230899,37.0,nn,log_kcat_value
64,linear_temperature_value,1.4223041024680336,20.0,nn,log_kcat_value
65,linear_temperature_value,-0.3071521847570781,30.0,nn,log_kcat_value
66,linear_temperature_value,0.2780665235654885,22.5,nn,log_kcat_value
67,linear_temperature_value,-0.492859694499773,30.0,nn,log_kcat_value
68,linear_temperature_value,-0.5443166551557219,37.0,nn,log_kcat_value
69,linear_temperature_value,0.0,30.0,nn,log_kcat_value
70,linear_temperature_value,-0.19667597684497942,37.0,nn,log_kcat_value
71,linear_temperature_value,0.0,25.0,nn,log_kcat_value
72,linear_temperature_value,-0.3057752506806839,20.0,nn,log_kcat_value
73,linear_temperature_value,0.0,30.0,nn,log_kcat_value
74,linear_temperature_value,0.0,25.0,nn,log_kcat_value
75,linear_temperature_value,0.14059294422561602,25.0,nn,log_kcat_value
76,linear_temperature_value,0.34691381441542607,25.0,nn,log_kcat_value
77,linear_temperature_value,0.47845357937249106,55.0,nn,log_kcat_value
78,linear_temperature_value,-0.3194284148743912,30.0,nn,log_kcat_value
79,linear_temperature_value,0.0,37.0,nn,log_kcat_value
80,linear_temperature_value,-0.48669123792900415,25.0,nn,log_kcat_value
81,linear_temperature_value,0.16124697921022157,40.0,nn,log_kcat_value
82,linear_temperature_value,0.4531552390489178,20.0,nn,log_kcat_value
83,linear_temperature_value,0.0,37.0,nn,log_kcat_value
84,linear_temperature_value,0.3754376840107678,25.0,nn,log_kcat_value
85,linear_temperature_value,1.0558011549700015,70.0,nn,log_kcat_value
86,linear_temperature_value,0.1634857501140741,25.0,nn,log_kcat_value
87,linear_temperature_value,-0.943335298186555,37.0,nn,log_kcat_value
88,linear_temperature_value,-0.17613630083358522,25.0,nn,log_kcat_value
89,linear_temperature_value,-0.9811729518613181,37.0,nn,log_kcat_value
90,linear_temperature_value,-1.1331155211469255,37.0,nn,log_kcat_value
91,linear_temperature_value,-0.20707470947375375,30.0,nn,log_kcat_value
92,linear_temperature_value,-0.23003198063782243,37.0,nn,log_kcat_value
93,linear_temperature_value,-1.2964093198843212,37.0,nn,log_kcat_value
94,linear_temperature_value,-0.08964331479892684,30.0,nn,log_kcat_value
95,linear_temperature_value,0.0,37.0,nn,log_kcat_value
96,linear_temperature_value,0.0,37.0,nn,log_kcat_value
97,linear_temperature_value,-0.8714487160175399,37.0,nn,log_kcat_value
98,linear_temperature_value,0.0,25.0,nn,log_kcat_value
99,linear_temperature_value,0.7492727311789857,15.0,nn,log_kcat_value
0,log_mol_wt,2.0877734576518736,6.731916427612305,nn,log_kcat_value
1,log_mol_wt,0.0,5.707943916320801,nn,log_kcat_value
2,log_mol_wt,-0.8173179681321155,6.190985202789307,nn,log_kcat_value
3,log_mol_wt,0.19326070250544852,5.8562517166137695,nn,log_kcat_value
4,log_mol_wt,0.4384561828595239,6.500457286834717,nn,log_kcat_value
5,log_mol_wt,0.0,5.329045295715332,nn,log_kcat_value
6,log_mol_wt,0.6278155087359052,6.069307327270508,nn,log_kcat_value
7,log_mol_wt,-1.151856815769198,3.785393476486206,nn,log_kcat_value
8,log_mol_wt,-0.5955221956073885,4.891123294830322,nn,log_kcat_value
9,log_mol_wt,0.12564459675444684,6.498941421508789,nn,log_kcat_value
10,log_mol_wt,-0.19947964441335528,5.124207973480225,nn,log_kcat_value
11,log_mol_wt,0.0,5.849969863891602,nn,log_kcat_value
12,log_mol_wt,0.0,5.5057053565979,nn,log_kcat_value
13,log_mol_wt,0.0,6.540703773498535,nn,log_kcat_value
14,log_mol_wt,0.3842245806036327,5.821132659912109,nn,log_kcat_value
15,log_mol_wt,-0.9337437832517023,4.728201866149902,nn,log_kcat_value
16,log_mol_wt,0.0,4.710214614868164,nn,log_kcat_value
17,log_mol_wt,-0.7121763343994075,4.805061340332031,nn,log_kcat_value
18,log_mol_wt,0.8672423934882334,5.193823337554932,nn,log_kcat_value
19,log_mol_wt,1.7036065614529459,7.222805500030518,nn,log_kcat_value
20,log_mol_wt,-0.3331851238897147,5.018080711364746,nn,log_kcat_value
21,log_mol_wt,0.0,4.941864013671875,nn,log_kcat_value
22,log_mol_wt,0.46969222534902266,6.014785289764404,nn,log_kcat_value
23,log_mol_wt,0.0,6.180339813232422,nn,log_kcat_value
24,log_mol_wt,2.2697635282271236,6.533179759979248,nn,log_kcat_value
25,log_mol_wt,-2.4596451354598123,6.898574352264404,nn,log_kcat_value
26,log_mol_wt,1.2262367552702065,6.500457286834717,nn,log_kcat_value
27,log_mol_wt,0.0,6.263158321380615,nn,log_kcat_value
28,log_mol_wt,-0.21842171944665342,5.133248329162598,nn,log_kcat_value
29,log_mol_wt,-0.26221886698097685,5.1071085929870605,nn,log_kcat_value
30,log_mol_wt,-0.720205132327722,6.504038333892822,nn,log_kcat_value
31,log_mol_wt,0.9502154238637139,3.4974162578582764,nn,log_kcat_value
32,log_mol_wt,-0.9884015474337817,6.267428398132324,nn,log_kcat_value
33,log_mol_wt,0.784426843470861,6.613954544067383,nn,log_kcat_value
34,log_mol_wt,-0.8450151248350435,6.613954544067383,nn,log_kcat_value
35,log_mol_wt,0.0,6.498941421508789,nn,log_kcat_value
36,log_mol_wt,0.0,5.2737531661987305,nn,log_kcat_value
37,log_mol_wt,-0.3061902644428387,6.259927749633789,nn,log_kcat_value
38,log_mol_wt,0.1852638918053309,6.326718330383301,nn,log_kcat_value
39,log_mol_wt,0.904229782040214,4.022580146789551,nn,log_kcat_value
40,log_mol_wt,2.3927917552339855,4.076401233673096,nn,log_kcat_value
41,log_mol_wt,0.0,5.830177307128906,nn,log_kcat_value
42,log_mol_wt,0.25847784779292043,5.40387487411499,nn,log_kcat_value
43,log_mol_wt,1.6177508999919472,6.613954544067383,nn,log_kcat_value
44,log_mol_wt,-0.13247405173142668,6.259927749633789,nn,log_kcat_value
45,log_mol_wt,0.6021665635969335,4.85970401763916,nn,log_kcat_value
46,log_mol_wt,-0.19334373985057246,5.656826972961426,nn,log_kcat_value
47,log_mol_wt,0.10950773121551571,4.853708744049072,nn,log_kcat_value
48,log_mol_wt,-0.22485485492886928,4.837193965911865,nn,log_kcat_value
49,log_mol_wt,-0.35558076952074624,5.311001777648926,nn,log_kcat_value
50,log_mol_wt,-0.30789393329447645,4.673874855041504,nn,log_kcat_value
51,log_mol_wt,-0.038019938114141616,5.588165760040283,nn,log_kcat_value
52,log_mol_wt,0.31850791016940655,5.5612006187438965,nn,log_kcat_value
53,log_mol_wt,-0.17262468948468873,5.624988079071045,nn,log_kcat_value
54,log_mol_wt,-0.22572974616235295,5.136133670806885,nn,log_kcat_value
55,log_mol_wt,0.9336221034615277,5.8562517166137695,nn,log_kcat_value
56,log_mol_wt,1.0896688156796983,6.612601280212402,nn,log_kcat_value
57,log_mol_wt,-0.18373538689925195,5.5612006187438965,nn,log_kcat_value
58,log_mol_wt,-0.3028693052570934,4.837162494659424,nn,log_kcat_value
59,log_mol_wt,0.0,5.730693817138672,nn,log_kcat_value
60,log_mol_wt,-0.7266686225630361,4.9846062660217285,nn,log_kcat_value
61,log_mol_wt,-1.3918958870695202,4.6256489753723145,nn,log_kcat_value
62,log_mol_wt,0.0,6.498941421508789,nn,log_kcat_value
63,log_mol_wt,0.0,5.210633277893066,nn,log_kcat_value
64,log_mol_wt,0.0,5.41232442855835,nn,log_kcat_value
65,log_mol_wt,-0.5485134374886369,4.489692211151123,nn,log_kcat_value
66,log_mol_wt,0.0,6.500457286834717,nn,log_kcat_value
67,log_mol_wt,2.684570959235659,7.462864875793457,nn,log_kcat_value
68,log_mol_wt,0.0,6.6965131759643555,nn,log_kcat_value
69,log_mol_wt,1.1730581007724845,4.883339881896973,nn,log_kcat_value
70,log_mol_wt,0.0,5.1883463859558105,nn,log_kcat_value
71,log_mol_wt,0.0,5.407664775848389,nn,log_kcat_value
72,log_mol_wt,-0.18147607096270615,5.591841220855713,nn,log_kcat_value
73,log_mol_wt,-0.22273093017263337,4.754210472106934,nn,log_kcat_value
74,log_mol_wt,-0.7398363957104589,5.678338050842285,nn,log_kcat_value
75,log_mol_wt,0.0,5.5612006187438965,nn,log_kcat_value
76,log_mol_wt,0.9188878204382482,6.500457286834717,nn,log_kcat_value
77,log_mol_wt,-1.0645241151683502,4.501164436340332,nn,log_kcat_value
78,log_mol_wt,-0.3588475815449339,5.421349048614502,nn,log_kcat_value
79,log_mol_wt,1.8833713741803064,6.788968563079834,nn,log_kcat_value
80,log_mol_wt,0.0,5.957556247711182,nn,log_kcat_value
81,log_mol_wt,0.47728664940536547,5.193823337554932,nn,log_kcat_value
82,log_mol_wt,0.734854444410264,6.029299736022949,nn,log_kcat_value
83,log_mol_wt,-1.1301580327066638,4.9846062660217285,nn,log_kcat_value
84,log_mol_wt,0.0,4.891123294830322,nn,log_kcat_value
85,log_mol_wt,-1.104106635933107,6.498941421508789,nn,log_kcat_value
86,log_mol_wt,0.7616449751054125,5.193823337554932,nn,log_kcat_value
87,log_mol_wt,-0.7168312820610235,6.228869915008545,nn,log_kcat_value
88,log_mol_wt,-0.7849894042419249,4.948894500732422,nn,log_kcat_value
89,log_mol_wt,0.4117110529221777,5.252765655517578,nn,log_kcat_value
90,log_mol_wt,0.32390904137142396,6.180093288421631,nn,log_kcat_value
91,log_mol_wt,0.0,6.498941421508789,nn,log_kcat_value
92,log_mol_wt,0.0,6.228869915008545,nn,log_kcat_value
93,log_mol_wt,-1.071028030263973,4.991316795349121,nn,log_kcat_value
94,log_mol_wt,-0.19099181757867445,5.913881301879883,nn,log_kcat_value
95,log_mol_wt,0.33142148619068024,5.681434631347656,nn,log_kcat_value
96,log_mol_wt,0.2996505806395372,6.0572590827941895,nn,log_kcat_value
97,log_mol_wt,-0.43155949328391086,4.9423136711120605,nn,log_kcat_value
98,log_mol_wt,-0.42971187580155396,5.714913845062256,nn,log_kcat_value
99,log_mol_wt,0.6488590326493537,6.094517230987549,nn,log_kcat_value
0,linear_log_p,-1.0366999853940306,1.738700032234192,nn,log_kcat_value
1,linear_log_p,0.4980675180934796,-1.2265000343322754,nn,log_kcat_value
2,linear_log_p,0.0,-2.2304999828338623,nn,log_kcat_value
3,linear_log_p,0.0,0.3181000053882599,nn,log_kcat_value
4,linear_log_p,0.5496783566623203,-2.6863999366760254,nn,log_kcat_value
5,linear_log_p,-0.3111654442100213,1.7513999938964844,nn,log_kcat_value
6,linear_log_p,0.11546248669747494,0.04989999905228615,nn,log_kcat_value
7,linear_log_p,0.3071575230220277,0.20520000159740448,nn,log_kcat_value
8,linear_log_p,0.4769768076378767,-1.1269999742507935,nn,log_kcat_value
9,linear_log_p,0.81100556776139,-3.015899896621704,nn,log_kcat_value
10,linear_log_p,0.24657574427244203,-0.3059999942779541,nn,log_kcat_value
11,linear_log_p,0.2824495314987573,-1.8630000352859497,nn,log_kcat_value
12,linear_log_p,0.06210134550887443,1.1789000034332275,nn,log_kcat_value
13,linear_log_p,-0.4753313929998401,1.1518199443817139,nn,log_kcat_value
14,linear_log_p,0.6305577824974598,-2.452899932861328,nn,log_kcat_value
15,linear_log_p,-0.25769623143605713,-0.49880000948905945,nn,log_kcat_value
16,linear_log_p,0.0,-1.6713000535964966,nn,log_kcat_value
17,linear_log_p,0.0,0.18050000071525574,nn,log_kcat_value
18,linear_log_p,0.8770141677311962,-3.221400022506714,nn,log_kcat_value
19,linear_log_p,-2.207070077783371,5.2357401847839355,nn,log_kcat_value
20,linear_log_p,-0.1954061514577348,1.4072999954223633,nn,log_kcat_value
21,linear_log_p,0.41295297972759026,-0.3578000068664551,nn,log_kcat_value
22,linear_log_p,0.15208118580283791,-1.1049000024795532,nn,log_kcat_value
23,linear_log_p,0.3421389744018324,-2.2119998931884766,nn,log_kcat_value
24,linear_log_p,-1.1142061784702333,3.172600030899048,nn,log_kcat_value
25,linear_log_p,1.3269736152948501,-14.257800102233887,nn,log_kcat_value
26,linear_log_p,1.0775927242835381,-2.6863999366760254,nn,log_kcat_value
27,linear_log_p,-4.7199775902273675,11.542499542236328,nn,log_kcat_value
28,linear_log_p,-0.3343360649283301,1.7745000123977661,nn,log_kcat_value
29,linear_log_p,-0.06474920120407897,0.640999972820282,nn,log_kcat_value
30,linear_log_p,-0.9749854046797948,1.9493000507354736,nn,log_kcat_value
31,linear_log_p,0.13987942709781498,-0.6657000184059143,nn,log_kcat_value
32,linear_log_p,1.4944175568723461,-9.468000411987305,nn,log_kcat_value
33,linear_log_p,-0.24465520156254206,-2.5694000720977783,nn,log_kcat_value
34,linear_log_p,0.3898160417936857,-2.5694000720977783,nn,log_kcat_value
35,linear_log_p,0.32983726157253623,-3.015899896621704,nn,log_kcat_value
36,linear_log_p,0.9917247857286101,-4.8277997970581055,nn,log_kcat_value
37,linear_log_p,0.18664874681609628,-2.335700035095215,nn,log_kcat_value
38,linear_log_p,0.0636126479313266,-3.2827000617980957,nn,log_kcat_value
39,linear_log_p,-0.22978238462982764,-0.0024999999441206455,nn,log_kcat_value
40,linear_log_p,-0.2660729127082249,-0.0024999999441206455,nn,log_kcat_value
41,linear_log_p,-2.571882746476149,5.349999904632568,nn,log_kcat_value
42,linear_log_p,0.43552661559945555,-1.066499948501587,nn,log_kcat_value
43,linear_log_p,0.0,-2.5694000720977783,nn,log_kcat_value
44,linear_log_p,0.5541240949061531,-2.335700035095215,nn,log_kcat_value
45,linear_log_p,0.14397516223436743,0.8248999714851379,nn,log_kcat_value
46,linear_log_p,-1.5075465464213762,2.282399892807007,nn,log_kcat_value
47,linear_log_p,-0.5785292076986268,2.545799970626831,nn,log_kcat_value
48,linear_log_p,0.0,-0.6283800005912781,nn,log_kcat_value
49,linear_log_p,0.0,2.156399965286255,nn,log_kcat_value
50,linear_log_p,0.0,0.89410001039505,nn,log_kcat_value
51,linear_log_p,0.47628507405788384,-1.9800000190734863,nn,log_kcat_value
52,linear_log_p,1.7015010427743844,-3.1043999195098877,nn,log_kcat_value
53,linear_log_p,0.20439111207786925,1.145799994468689,nn,log_kcat_value
54,linear_log_p,0.47012226779490923,-1.344499945640564,nn,log_kcat_value
55,linear_log_p,0.0,0.3181000053882599,nn,log_kcat_value
56,linear_log_p,0.9834944732411868,-2.898900032043457,nn,log_kcat_value
57,linear_log_p,0.8742108972552012,-3.1043999195098877,nn,log_kcat_value
58,linear_log_p,-0.2806724194962622,0.8033999800682068,nn,log_kcat_value
59,linear_log_p,0.4627637917290964,-1.7057000398635864,nn,log_kcat_value
60,linear_log_p,0.3765561455120178,-1.3361999988555908,nn,log_kcat_value
61,linear_log_p,0.7738797048767054,-2.3882999420166016,nn,log_kcat_value
62,linear_log_p,0.7057992332817326,-3.015899896621704,nn,log_kcat_value
63,linear_log_p,-1.2952609792663334,2.3125998973846436,nn,log_kcat_value
64,linear_log_p,0.09646986059994944,2.311300039291382,nn,log_kcat_value
65,linear_log_p,0.25663227304961816,-0.5817999839782715,nn,log_kcat_value
66,linear_log_p,0.3613519270228438,-2.6863999366760254,nn,log_kcat_value
67,linear_log_p,-5.02173487573697,11.403169631958008,nn,log_kcat_value
68,linear_log_p,0.0,-1.3154000043869019,nn,log_kcat_value
69,linear_log_p,1.315680023033919,-3.7627999782562256,nn,log_kcat_value
70,linear_log_p,0.6037671406452927,-3.255000114440918,nn,log_kcat_value
71,linear_log_p,-1.1353192019116571,2.80649995803833,nn,log_kcat_value
72,linear_log_p,0.7330281237137829,-2.268899917602539,nn,log_kcat_value
73,linear_log_p,0.4794602469602165,-2.733599901199341,nn,log_kcat_value
74,linear_log_p,-1.345283253591788,3.7509000301361084,nn,log_kcat_value
75,linear_log_p,1.572039535890188,-3.1043999195098877,nn,log_kcat_value
76,linear_log_p,0.7806961219116546,-2.6863999366760254,nn,log_kcat_value
77,linear_log_p,0.0,-0.25200000405311584,nn,log_kcat_value
78,linear_log_p,0.0,-0.41190001368522644,nn,log_kcat_value
79,linear_log_p,-0.5166304106697192,2.3472700119018555,nn,log_kcat_value
80,linear_log_p,-2.8094989511152364,7.388700008392334,nn,log_kcat_value
81,linear_log_p,0.26550518337207196,-3.221400022506714,nn,log_kcat_value
82,linear_log_p,0.2733520434659769,-1.129699945449829,nn,log_kcat_value
83,linear_log_p,0.1862063658586679,-1.3361999988555908,nn,log_kcat_value
84,linear_log_p,0.4851932059440363,-1.1269999742507935,nn,log_kcat_value
85,linear_log_p,0.8899249326332941,-3.015899896621704,nn,log_kcat_value
86,linear_log_p,1.1565264941945679,-3.221400022506714,nn,log_kcat_value
87,linear_log_p,0.0,-1.628999948501587,nn,log_kcat_value
88,linear_log_p,0.48488266630059373,-0.8256000280380249,nn,log_kcat_value
89,linear_log_p,0.7645413843359296,-9.398300170898438,nn,log_kcat_value
90,linear_log_p,-1.6942206208976645,5.662099838256836,nn,log_kcat_value
91,linear_log_p,0.7107726485337025,-3.015899896621704,nn,log_kcat_value
92,linear_log_p,0.4248912172105421,-1.628999948501587,nn,log_kcat_value
93,linear_log_p,0.0,-0.7368999719619751,nn,log_kcat_value
94,linear_log_p,0.37155418971970366,-3.7822999954223633,nn,log_kcat_value
95,linear_log_p,-0.8990072876079711,2.6793999671936035,nn,log_kcat_value
96,linear_log_p,0.48615014199505574,-1.746000051498413,nn,log_kcat_value
97,linear_log_p,-1.680938152739282,2.2037999629974365,nn,log_kcat_value
98,linear_log_p,-0.6754786220782913,1.8676999807357788,nn,log_kcat_value
99,linear_log_p,0.10100499990464565,0.009999999776482582,nn,log_kcat_value
0,log1p_tpsa,-1.8585605709048552,5.689615726470947,nn,log_kcat_value
1,log1p_tpsa,0.0,4.966474533081055,nn,log_kcat_value
2,log1p_tpsa,-0.6414463499151238,5.37860631942749,nn,log_kcat_value
3,log1p_tpsa,0.25657523178719155,4.733827114105225,nn,log_kcat_value
4,log1p_tpsa,-0.7293393340070258,5.763998985290527,nn,log_kcat_value
5,log1p_tpsa,0.5680658722985508,3.7925634384155273,nn,log_kcat_value
6,log1p_tpsa,0.4012104126127655,5.141955852508545,nn,log_kcat_value
7,log1p_tpsa,0.35103131111412866,2.8942530155181885,nn,log_kcat_value
8,log1p_tpsa,0.4192550671735722,4.621240615844727,nn,log_kcat_value
9,log1p_tpsa,-1.5416642070794273,5.766005992889404,nn,log_kcat_value
10,log1p_tpsa,0.22790798654814723,4.654531478881836,nn,log_kcat_value
11,log1p_tpsa,-0.3813582168224243,5.231482982635498,nn,log_kcat_value
12,log1p_tpsa,0.29244603352932624,4.738739013671875,nn,log_kcat_value
13,log1p_tpsa,-0.7323750680859719,5.522819995880127,nn,log_kcat_value
14,log1p_tpsa,-0.5697531970756121,5.193234443664551,nn,log_kcat_value
15,log1p_tpsa,0.4552276881971256,4.116758346557617,nn,log_kcat_value
16,log1p_tpsa,-0.6809094128883861,4.06388521194458,nn,log_kcat_value
17,log1p_tpsa,-0.5243765505709899,4.042700290679932,nn,log_kcat_value
18,log1p_tpsa,0.22155127776965836,4.712947845458984,nn,log_kcat_value
19,log1p_tpsa,-1.1898189773029368,6.479016304016113,nn,log_kcat_value
20,log1p_tpsa,0.0,4.1143107414245605,nn,log_kcat_value
21,log1p_tpsa,0.4096639954062728,4.440649509429932,nn,log_kcat_value
22,log1p_tpsa,0.16044667495342954,5.11865234375,nn,log_kcat_value
23,log1p_tpsa,-1.3527237196069395,5.603667259216309,nn,log_kcat_value
24,log1p_tpsa,-0.5978851798760885,5.702081203460693,nn,log_kcat_value
25,log1p_tpsa,-2.3955861207669407,6.2441086769104,nn,log_kcat_value
26,log1p_tpsa,-1.0832569334491597,5.763998985290527,nn,log_kcat_value
27,log1p_tpsa,-0.13911243748750124,3.306886672973633,nn,log_kcat_value
28,log1p_tpsa,0.735884124807772,3.8501474857330322,nn,log_kcat_value
29,log1p_tpsa,0.45556361809353296,4.163870811462402,nn,log_kcat_value
30,log1p_tpsa,-0.5101742332201809,5.348582744598389,nn,log_kcat_value
31,log1p_tpsa,0.0,3.855452537536621,nn,log_kcat_value
32,log1p_tpsa,0.6608240248482748,5.6243062019348145,nn,log_kcat_value
33,log1p_tpsa,0.0,5.900308132171631,nn,log_kcat_value
34,log1p_tpsa,-1.122458074595307,5.900308132171631,nn,log_kcat_value
35,log1p_tpsa,-0.9003637314525347,5.766005992889404,nn,log_kcat_value
36,log1p_tpsa,0.3284561836199846,4.957797050476074,nn,log_kcat_value
37,log1p_tpsa,-1.5193561427830908,5.704115867614746,nn,log_kcat_value
38,log1p_tpsa,0.283026868327813,5.67853307723999,nn,log_kcat_value
39,log1p_tpsa,0.0,0.0,nn,log_kcat_value
40,log1p_tpsa,0.5879149011963194,0.0,nn,log_kcat_value
41,log1p_tpsa,0.3085307062546153,3.6454498767852783,nn,log_kcat_value
42,log1p_tpsa,0.163701796275003,4.849213600158691,nn,log_kcat_value
43,log1p_tpsa,0.7538340541168104,5.900308132171631,nn,log_kcat_value
44,log1p_tpsa,-1.950980500734127,5.704115867614746,nn,log_kcat_value
45,log1p_tpsa,-0.32001856591325384,3.055415153503418,nn,log_kcat_value
46,log1p_tpsa,0.0,4.719658851623535,nn,log_kcat_value
47,log1p_tpsa,-0.4007080103983439,2.8942530155181885,nn,log_kcat_value
48,log1p_tpsa,0.3196939963176866,4.200504779815674,nn,log_kcat_value
49,log1p_tpsa,0.16161350769821037,4.46912145614624,nn,log_kcat_value
50,log1p_tpsa,-0.6532137830771721,3.4326961040496826,nn,log_kcat_value
51,log1p_tpsa,0.0,4.945492267608643,nn,log_kcat_value
52,log1p_tpsa,0.0,5.06202507019043,nn,log_kcat_value
53,log1p_tpsa,0.2570339074639969,4.757204532623291,nn,log_kcat_value
54,log1p_tpsa,0.6969231505948256,4.654531478881836,nn,log_kcat_value
55,log1p_tpsa,0.515908655488555,4.733827114105225,nn,log_kcat_value
56,log1p_tpsa,-1.8911566471569188,5.902059555053711,nn,log_kcat_value
57,log1p_tpsa,-0.07306078257783044,5.06202507019043,nn,log_kcat_value
58,log1p_tpsa,0.13877341007120977,4.122121810913086,nn,log_kcat_value
59,log1p_tpsa,0.17177752155419168,5.024406909942627,nn,log_kcat_value
60,log1p_tpsa,0.32625596586418293,4.6766533851623535,nn,log_kcat_value
61,log1p_tpsa,0.6829895351159413,4.433432579040527,nn,log_kcat_value
62,log1p_tpsa,-1.371264330583766,5.766005992889404,nn,log_kcat_value
63,log1p_tpsa,0.4625580151688404,3.4326961040496826,nn,log_kcat_value
64,log1p_tpsa,0.8448577822241325,4.215971946716309,nn,log_kcat_value
65,log1p_tpsa,0.16925502163079,4.163870811462402,nn,log_kcat_value
66,log1p_tpsa,-2.2969719514417126,5.763998985290527,nn,log_kcat_value
67,log1p_tpsa,-2.3010626319818694,6.4251933097839355,nn,log_kcat_value
68,log1p_tpsa,-0.9260608016513773,5.89888334274292,nn,log_kcat_value
69,log1p_tpsa,0.5233358518857333,4.619960308074951,nn,log_kcat_value
70,log1p_tpsa,0.33720573259337805,4.763625621795654,nn,log_kcat_value
71,log1p_tpsa,0.613342638984134,3.6454498767852783,nn,log_kcat_value
72,log1p_tpsa,0.0,4.901489734649658,nn,log_kcat_value
73,log1p_tpsa,0.0,4.397654056549072,nn,log_kcat_value
74,log1p_tpsa,0.3086680792648964,3.724729061126709,nn,log_kcat_value
75,log1p_tpsa,0.0,5.06202507019043,nn,log_kcat_value
76,log1p_tpsa,-0.7278678531735909,5.763998985290527,nn,log_kcat_value
77,log1p_tpsa,1.2902313242668437,3.724729061126709,nn,log_kcat_value
78,log1p_tpsa,0.0,4.726502418518066,nn,log_kcat_value
79,log1p_tpsa,-0.9578792377207749,6.047277450561523,nn,log_kcat_value
80,log1p_tpsa,2.455295547344856,3.055415153503418,nn,log_kcat_value
81,log1p_tpsa,0.6128124563797557,4.712947845458984,nn,log_kcat_value
82,log1p_tpsa,0.0,5.178012371063232,nn,log_kcat_value
83,log1p_tpsa,0.37437297829652105,4.6766533851623535,nn,log_kcat_value
84,log1p_tpsa,0.5794081625390483,4.621240615844727,nn,log_kcat_value
85,log1p_tpsa,-0.46030095287296086,5.766005992889404,nn,log_kcat_value
86,log1p_tpsa,0.0,4.712947845458984,nn,log_kcat_value
87,log1p_tpsa,-0.25791309806622875,5.63525390625,nn,log_kcat_value
88,log1p_tpsa,0.4417411971634917,4.7081780433654785,nn,log_kcat_value
89,log1p_tpsa,0.5011700458390425,4.675442218780518,nn,log_kcat_value
90,log1p_tpsa,0.4168545228426203,4.163559436798096,nn,log_kcat_value
91,log1p_tpsa,-1.365681121131578,5.766005992889404,nn,log_kcat_value
92,log1p_tpsa,-1.4429850708847733,5.63525390625,nn,log_kcat_value
93,log1p_tpsa,0.0,4.621240615844727,nn,log_kcat_value
94,log1p_tpsa,0.0,5.448933124542236,nn,log_kcat_value
95,log1p_tpsa,0.47833840869893446,3.8336288928985596,nn,log_kcat_value
96,log1p_tpsa,-1.6552082955517242,5.453610420227051,nn,log_kcat_value
97,log1p_tpsa,0.0,3.306886672973633,nn,log_kcat_value
98,log1p_tpsa,1.0145059038515822,4.040240287780762,nn,log_kcat_value
99,log1p_tpsa,-0.11573693064112746,5.360775470733643,nn,log_kcat_value
0,log1p_num_h_donors,-1.3595007164667312,2.3025851249694824,nn,log_kcat_value
1,log1p_num_h_donors,-0.3728054993712201,1.6094379425048828,nn,log_kcat_value
2,log1p_num_h_donors,-0.627315255657883,1.6094379425048828,nn,log_kcat_value
3,log1p_num_h_donors,0.14328458037985983,1.3862943649291992,nn,log_kcat_value
4,log1p_num_h_donors,0.0,2.1972246170043945,nn,log_kcat_value
5,log1p_num_h_donors,0.7790988781737035,0.0,nn,log_kcat_value
6,log1p_num_h_donors,-0.8328194247871059,1.945910096168518,nn,log_kcat_value
7,log1p_num_h_donors,1.646349207247828,0.0,nn,log_kcat_value
8,log1p_num_h_donors,-0.10086686009346968,1.3862943649291992,nn,log_kcat_value
9,log1p_num_h_donors,0.0,2.1972246170043945,nn,log_kcat_value
10,log1p_num_h_donors,-0.17911005285819337,1.3862943649291992,nn,log_kcat_value
11,log1p_num_h_donors,-0.5665795002848376,1.7917594909667969,nn,log_kcat_value
12,log1p_num_h_donors,0.0,1.3862943649291992,nn,log_kcat_value
13,log1p_num_h_donors,-0.9490579848736401,2.079441547393799,nn,log_kcat_value
14,log1p_num_h_donors,-0.44072625913299657,1.945910096168518,nn,log_kcat_value
15,log1p_num_h_donors,0.0,0.6931471824645996,nn,log_kcat_value
16,log1p_num_h_donors,1.314878636112796,0.0,nn,log_kcat_value
17,log1p_num_h_donors,0.7758657215876982,0.6931471824645996,nn,log_kcat_value
18,log1p_num_h_donors,0.0,1.7917594909667969,nn,log_kcat_value
19,log1p_num_h_donors,0.9400909374042156,3.044522523880005,nn,log_kcat_value
20,log1p_num_h_donors,1.7973265548206556,0.0,nn,log_kcat_value
21,log1p_num_h_donors,0.0,1.0986123085021973,nn,log_kcat_value
22,log1p_num_h_donors,0.0,1.7917594909667969,nn,log_kcat_value
23,log1p_num_h_donors,0.0,2.079441547393799,nn,log_kcat_value
24,log1p_num_h_donors,-0.4800353660787679,2.1972246170043945,nn,log_kcat_value
25,log1p_num_h_donors,3.1890064966330867,3.044522523880005,nn,log_kcat_value
26,log1p_num_h_donors,0.0,2.1972246170043945,nn,log_kcat_value
27,log1p_num_h_donors,0.0,0.0,nn,log_kcat_value
28,log1p_num_h_donors,0.0,0.6931471824645996,nn,log_kcat_value
29,log1p_num_h_donors,0.06499526842263958,1.0986123085021973,nn,log_kcat_value
30,log1p_num_h_donors,0.45685209381148395,1.945910096168518,nn,log_kcat_value
31,log1p_num_h_donors,-0.3356825358644614,1.0986123085021973,nn,log_kcat_value
32,log1p_num_h_donors,0.0,1.7917594909667969,nn,log_kcat_value
33,log1p_num_h_donors,0.3359563936469431,2.3025851249694824,nn,log_kcat_value
34,log1p_num_h_donors,0.3723147278059244,2.3025851249694824,nn,log_kcat_value
35,log1p_num_h_donors,-0.6214343409235455,2.1972246170043945,nn,log_kcat_value
36,log1p_num_h_donors,-0.4697410903542621,1.7917594909667969,nn,log_kcat_value
37,log1p_num_h_donors,0.0,2.1972246170043945,nn,log_kcat_value
38,log1p_num_h_donors,-0.1782237741028267,2.1972246170043945,nn,log_kcat_value
39,log1p_num_h_donors,0.2191016800217458,0.0,nn,log_kcat_value
40,log1p_num_h_donors,-0.6127895502450166,0.0,nn,log_kcat_value
41,log1p_num_h_donors,-0.44038259718033107,0.6931471824645996,nn,log_kcat_value
42,log1p_num_h_donors,-0.30171573327500933,1.6094379425048828,nn,log_kcat_value
43,log1p_num_h_donors,0.3909707247077571,2.3025851249694824,nn,log_kcat_value
44,log1p_num_h_donors,0.1300567839189736,2.1972246170043945,nn,log_kcat_value
45,log1p_num_h_donors,0.032733510011908384,0.6931471824645996,nn,log_kcat_value
46,log1p_num_h_donors,-0.49213674331665525,1.6094379425048828,nn,log_kcat_value
47,log1p_num_h_donors,0.2737498505566063,0.0,nn,log_kcat_value
48,log1p_num_h_donors,-0.43356065726119847,1.0986123085021973,nn,log_kcat_value
49,log1p_num_h_donors,1.8110346778017206,0.0,nn,log_kcat_value
50,log1p_num_h_donors,1.455508049166232,0.0,nn,log_kcat_value
51,log1p_num_h_donors,-0.35246376395429674,1.6094379425048828,nn,log_kcat_value
52,log1p_num_h_donors,0.2346910506211868,1.945910096168518,nn,log_kcat_value
53,log1p_num_h_donors,1.2597013294765522,0.6931471824645996,nn,log_kcat_value
54,log1p_num_h_donors,-0.3528799089010061,1.3862943649291992,nn,log_kcat_value
55,log1p_num_h_donors,0.25824028672050403,1.3862943649291992,nn,log_kcat_value
56,log1p_num_h_donors,-0.7934083470660945,2.3025851249694824,nn,log_kcat_value
57,log1p_num_h_donors,-0.26143771590744147,1.945910096168518,nn,log_kcat_value
58,log1p_num_h_donors,0.0,1.3862943649291992,nn,log_kcat_value
59,log1p_num_h_donors,-0.18451533216334517,1.6094379425048828,nn,log_kcat_value
60,log1p_num_h_donors,0.0,1.3862943649291992,nn,log_kcat_value
61,log1p_num_h_donors,0.563483341756294,0.6931471824645996,nn,log_kcat_value
62,log1p_num_h_donors,0.38408316718376373,2.1972246170043945,nn,log_kcat_value
63,log1p_num_h_donors,0.7086177885018213,0.0,nn,log_kcat_value
64,log1p_num_h_donors,0.0,1.0986123085021973,nn,log_kcat_value
65,log1p_num_h_donors,-0.18279656071248582,1.0986123085021973,nn,log_kcat_value
66,log1p_num_h_donors,0.0,2.1972246170043945,nn,log_kcat_value
67,log1p_num_h_donors,-2.1249484933306184,2.995732307434082,nn,log_kcat_value
68,log1p_num_h_donors,0.0,2.3025851249694824,nn,log_kcat_value
69,log1p_num_h_donors,0.6353452779926271,0.6931471824645996,nn,log_kcat_value
70,log1p_num_h_donors,0.0,1.7917594909667969,nn,log_kcat_value
71,log1p_num_h_donors,0.2122003489198191,0.6931471824645996,nn,log_kcat_value
72,log1p_num_h_donors,-0.28771218937792253,1.6094379425048828,nn,log_kcat_value
73,log1p_num_h_donors,1.3898067843480713,0.0,nn,log_kcat_value
74,log1p_num_h_donors,-0.0538789735148253,1.0986123085021973,nn,log_kcat_value
75,log1p_num_h_donors,0.4337809708229656,1.945910096168518,nn,log_kcat_value
76,log1p_num_h_donors,-0.3631616746284314,2.1972246170043945,nn,log_kcat_value
77,log1p_num_h_donors,-0.3473754195496578,1.0986123085021973,nn,log_kcat_value
78,log1p_num_h_donors,-0.28238271506780377,1.3862943649291992,nn,log_kcat_value
79,log1p_num_h_donors,3.07073466323897,2.7725887298583984,nn,log_kcat_value
80,log1p_num_h_donors,0.42433093536786975,0.6931471824645996,nn,log_kcat_value
81,log1p_num_h_donors,0.33251547137294796,1.7917594909667969,nn,log_kcat_value
82,log1p_num_h_donors,0.0,1.6094379425048828,nn,log_kcat_value
83,log1p_num_h_donors,0.11228789667517147,1.3862943649291992,nn,log_kcat_value
84,log1p_num_h_donors,0.0,1.3862943649291992,nn,log_kcat_value
85,log1p_num_h_donors,0.0,2.1972246170043945,nn,log_kcat_value
86,log1p_num_h_donors,0.0,1.7917594909667969,nn,log_kcat_value
87,log1p_num_h_donors,0.0,2.079441547393799,nn,log_kcat_value
88,log1p_num_h_donors,-0.5527859044293779,1.3862943649291992,nn,log_kcat_value
89,log1p_num_h_donors,-0.4118112003370703,0.6931471824645996,nn,log_kcat_value
90,log1p_num_h_donors,0.0,0.6931471824645996,nn,log_kcat_value
91,log1p_num_h_donors,0.41219661565313737,2.1972246170043945,nn,log_kcat_value
92,log1p_num_h_donors,0.0,2.079441547393799,nn,log_kcat_value
93,log1p_num_h_donors,-0.6368945209850543,1.3862943649291992,nn,log_kcat_value
94,log1p_num_h_donors,0.26491989650483994,2.1972246170043945,nn,log_kcat_value
95,log1p_num_h_donors,0.45166481639976547,0.6931471824645996,nn,log_kcat_value
96,log1p_num_h_donors,0.0,1.945910096168518,nn,log_kcat_value
97,log1p_num_h_donors,0.0,0.0,nn,log_kcat_value
98,log1p_num_h_donors,1.0176676177384698,0.0,nn,log_kcat_value
99,log1p_num_h_donors,-0.0734515250808726,2.079441547393799,nn,log_kcat_value
0,log1p_num_h_acceptors,-0.39669118008087034,2.397895336151123,nn,log_kcat_value
1,log1p_num_h_acceptors,0.5248717286663243,2.1972246170043945,nn,log_kcat_value
2,log1p_num_h_acceptors,-0.27226353790407226,2.6390573978424072,nn,log_kcat_value
3,log1p_num_h_acceptors,0.5547829998078719,1.7917594909667969,nn,log_kcat_value
4,log1p_num_h_acceptors,0.0,2.944438934326172,nn,log_kcat_value
5,log1p_num_h_acceptors,-0.13819897819435115,1.3862943649291992,nn,log_kcat_value
6,log1p_num_h_acceptors,-0.5037332790569471,2.397895336151123,nn,log_kcat_value
7,log1p_num_h_acceptors,-1.273656753035247,0.6931471824645996,nn,log_kcat_value
8,log1p_num_h_acceptors,0.34082400883150626,1.3862943649291992,nn,log_kcat_value
9,log1p_num_h_acceptors,0.5518197689005205,2.890371799468994,nn,log_kcat_value
10,log1p_num_h_acceptors,0.544709163398626,1.3862943649291992,nn,log_kcat_value
11,log1p_num_h_acceptors,-0.6799230843733444,2.397895336151123,nn,log_kcat_value
12,log1p_num_h_acceptors,0.7720428766953382,1.6094379425048828,nn,log_kcat_value
13,log1p_num_h_acceptors,-0.5890630387433976,2.3025851249694824,nn,log_kcat_value
14,log1p_num_h_acceptors,-0.6751797650154006,2.079441547393799,nn,log_kcat_value
15,log1p_num_h_acceptors,0.5727910901150244,1.0986123085021973,nn,log_kcat_value
16,log1p_num_h_acceptors,0.700073441909161,1.3862943649291992,nn,log_kcat_value
17,log1p_num_h_acceptors,0.7615015689939265,1.0986123085021973,nn,log_kcat_value
18,log1p_num_h_acceptors,-0.1956230267272319,1.945910096168518,nn,log_kcat_value
19,log1p_num_h_acceptors,-1.0530408944034697,2.995732307434082,nn,log_kcat_value
20,log1p_num_h_acceptors,0.0,1.3862943649291992,nn,log_kcat_value
21,log1p_num_h_acceptors,1.149552521843062,1.3862943649291992,nn,log_kcat_value
22,log1p_num_h_acceptors,-0.719983856205381,2.397895336151123,nn,log_kcat_value
23,log1p_num_h_acceptors,-0.3112013543940357,2.6390573978424072,nn,log_kcat_value
24,log1p_num_h_acceptors,0.302508583295499,2.397895336151123,nn,log_kcat_value
25,log1p_num_h_acceptors,2.450306172727144,3.465735912322998,nn,log_kcat_value
26,log1p_num_h_acceptors,0.6549115568791299,2.944438934326172,nn,log_kcat_value
27,log1p_num_h_acceptors,0.3650399474913349,1.0986123085021973,nn,log_kcat_value
28,log1p_num_h_acceptors,0.28825007934460356,1.0986123085021973,nn,log_kcat_value
29,log1p_num_h_acceptors,0.4879388072164581,1.0986123085021973,nn,log_kcat_value
30,log1p_num_h_acceptors,0.0,2.079441547393799,nn,log_kcat_value
31,log1p_num_h_acceptors,-0.9910705845836102,1.0986123085021973,nn,log_kcat_value
32,log1p_num_h_acceptors,-0.3537375865828114,2.7725887298583984,nn,log_kcat_value
33,log1p_num_h_acceptors,0.0,2.995732307434082,nn,log_kcat_value
34,log1p_num_h_acceptors,1.1669682737824472,2.995732307434082,nn,log_kcat_value
35,log1p_num_h_acceptors,0.7795110165757227,2.890371799468994,nn,log_kcat_value
36,log1p_num_h_acceptors,-0.3586387991013673,2.079441547393799,nn,log_kcat_value
37,log1p_num_h_acceptors,0.19015698681451004,2.70805025100708,nn,log_kcat_value
38,log1p_num_h_acceptors,-0.9062331235719572,2.890371799468994,nn,log_kcat_value
39,log1p_num_h_acceptors,-0.7964803811219899,0.0,nn,log_kcat_value
40,log1p_num_h_acceptors,-1.0575852320395023,0.0,nn,log_kcat_value
41,log1p_num_h_acceptors,1.1094579546334276,1.0986123085021973,nn,log_kcat_value
42,log1p_num_h_acceptors,0.0,1.7917594909667969,nn,log_kcat_value
43,log1p_num_h_acceptors,-1.0988173895251432,2.995732307434082,nn,log_kcat_value
44,log1p_num_h_acceptors,0.34348512397121367,2.70805025100708,nn,log_kcat_value
45,log1p_num_h_acceptors,0.0,0.6931471824645996,nn,log_kcat_value
46,log1p_num_h_acceptors,0.5823699989745547,1.945910096168518,nn,log_kcat_value
47,log1p_num_h_acceptors,-1.725608437605834,0.6931471824645996,nn,log_kcat_value
48,log1p_num_h_acceptors,0.0,1.0986123085021973,nn,log_kcat_value
49,log1p_num_h_acceptors,0.3341573160990085,1.6094379425048828,nn,log_kcat_value
50,log1p_num_h_acceptors,-0.3633978690965611,1.0986123085021973,nn,log_kcat_value
51,log1p_num_h_acceptors,-0.5242665592241386,2.3025851249694824,nn,log_kcat_value
52,log1p_num_h_acceptors,-0.4318625615165128,2.079441547393799,nn,log_kcat_value
53,log1p_num_h_acceptors,0.6799855342676705,2.1972246170043945,nn,log_kcat_value
54,log1p_num_h_acceptors,0.36753309567306786,1.6094379425048828,nn,log_kcat_value
55,log1p_num_h_acceptors,0.060506730259240804,1.7917594909667969,nn,log_kcat_value
56,log1p_num_h_acceptors,0.5100304440743803,2.944438934326172,nn,log_kcat_value
57,log1p_num_h_acceptors,0.0,2.079441547393799,nn,log_kcat_value
58,log1p_num_h_acceptors,0.29736274154082976,1.3862943649291992,nn,log_kcat_value
59,log1p_num_h_acceptors,-0.18496593497387612,2.079441547393799,nn,log_kcat_value
60,log1p_num_h_acceptors,0.0,1.3862943649291992,nn,log_kcat_value
61,log1p_num_h_acceptors,0.1312131230339074,1.3862943649291992,nn,log_kcat_value
62,log1p_num_h_acceptors,0.16696413891509354,2.890371799468994,nn,log_kcat_value
63,log1p_num_h_acceptors,0.0,1.0986123085021973,nn,log_kcat_value
64,log1p_num_h_acceptors,0.7223436892639528,1.0986123085021973,nn,log_kcat_value
65,log1p_num_h_acceptors,0.0,1.0986123085021973,nn,log_kcat_value
66,log1p_num_h_acceptors,0.31551846382587384,2.944438934326172,nn,log_kcat_value
67,log1p_num_h_acceptors,0.0,3.1354942321777344,nn,log_kcat_value
68,log1p_num_h_acceptors,-1.0850600964259818,2.995732307434082,nn,log_kcat_value
69,log1p_num_h_acceptors,0.0,1.7917594909667969,nn,log_kcat_value
70,log1p_num_h_acceptors,-0.3783637707464282,1.945910096168518,nn,log_kcat_value
71,log1p_num_h_acceptors,-0.2633824064272897,0.6931471824645996,nn,log_kcat_value
72,log1p_num_h_acceptors,-0.5407807984160983,2.1972246170043945,nn,log_kcat_value
73,log1p_num_h_acceptors,-0.9622358839610882,1.6094379425048828,nn,log_kcat_value
74,log1p_num_h_acceptors,0.2788905590030033,1.0986123085021973,nn,log_kcat_value
75,log1p_num_h_acceptors,0.3109656950377965,2.079441547393799,nn,log_kcat_value
76,log1p_num_h_acceptors,0.833502393124498,2.944438934326172,nn,log_kcat_value
77,log1p_num_h_acceptors,0.49639528975266506,1.0986123085021973,nn,log_kcat_value
78,log1p_num_h_acceptors,0.0,1.6094379425048828,nn,log_kcat_value
79,log1p_num_h_acceptors,-0.6224717440065837,2.5649492740631104,nn,log_kcat_value
80,log1p_num_h_acceptors,0.0,0.6931471824645996,nn,log_kcat_value
81,log1p_num_h_acceptors,0.0,1.945910096168518,nn,log_kcat_value
82,log1p_num_h_acceptors,-0.3484370214134678,2.1972246170043945,nn,log_kcat_value
83,log1p_num_h_acceptors,0.0,1.3862943649291992,nn,log_kcat_value
84,log1p_num_h_acceptors,0.35528540835411465,1.3862943649291992,nn,log_kcat_value
85,log1p_num_h_acceptors,-0.5874098636757986,2.890371799468994,nn,log_kcat_value
86,log1p_num_h_acceptors,0.1781963451324029,1.945910096168518,nn,log_kcat_value
87,log1p_num_h_acceptors,-0.31884822069868857,2.70805025100708,nn,log_kcat_value
88,log1p_num_h_acceptors,0.0,1.3862943649291992,nn,log_kcat_value
89,log1p_num_h_acceptors,0.0,1.7917594909667969,nn,log_kcat_value
90,log1p_num_h_acceptors,0.0,1.945910096168518,nn,log_kcat_value
91,log1p_num_h_acceptors,0.1758734652582025,2.890371799468994,nn,log_kcat_value
92,log1p_num_h_acceptors,-0.2380696431556281,2.70805025100708,nn,log_kcat_value
93,log1p_num_h_acceptors,0.7765637542307984,1.3862943649291992,nn,log_kcat_value
94,log1p_num_h_acceptors,-0.77273243628292,2.3025851249694824,nn,log_kcat_value
95,log1p_num_h_acceptors,0.21239132744218506,1.3862943649291992,nn,log_kcat_value
96,log1p_num_h_acceptors,-0.2668013591525691,2.5649492740631104,nn,log_kcat_value
97,log1p_num_h_acceptors,-0.4594024533338618,1.0986123085021973,nn,log_kcat_value
98,log1p_num_h_acceptors,0.2861872267026898,1.7917594909667969,nn,log_kcat_value
99,log1p_num_h_acceptors,0.04437287134149992,2.3025851249694824,nn,log_kcat_value
0,log1p_num_rot_bonds,1.0146040207610945,2.944438934326172,nn,log_kcat_value
1,log1p_num_rot_bonds,0.33373948374937196,1.6094379425048828,nn,log_kcat_value
2,log1p_num_rot_bonds,0.0,2.397895336151123,nn,log_kcat_value
3,log1p_num_rot_bonds,0.06493788526997535,1.6094379425048828,nn,log_kcat_value
4,log1p_num_rot_bonds,1.1844515668113178,2.4849066734313965,nn,log_kcat_value
5,log1p_num_rot_bonds,0.0,1.7917594909667969,nn,log_kcat_value
6,log1p_num_rot_bonds,0.0,1.6094379425048828,nn,log_kcat_value
7,log1p_num_rot_bonds,-1.036103620775251,0.0,nn,log_kcat_value
8,log1p_num_rot_bonds,0.11458038849314253,1.3862943649291992,nn,log_kcat_value
9,log1p_num_rot_bonds,0.6121433251555094,2.4849066734313965,nn,log_kcat_value
10,log1p_num_rot_bonds,-0.20189701798558032,1.3862943649291992,nn,log_kcat_value
11,log1p_num_rot_bonds,-0.16151296114358654,1.6094379425048828,nn,log_kcat_value
12,log1p_num_rot_bonds,0.25993879752722693,1.945910096168518,nn,log_kcat_value
13,log1p_num_rot_bonds,0.0,2.890371799468994,nn,log_kcat_value
14,log1p_num_rot_bonds,1.0536660064353007,2.4849066734313965,nn,log_kcat_value
15,log1p_num_rot_bonds,0.0,1.0986123085021973,nn,log_kcat_value
16,log1p_num_rot_bonds,-0.7933459043126786,0.6931471824645996,nn,log_kcat_value
17,log1p_num_rot_bonds,0.5374504838092568,0.6931471824645996,nn,log_kcat_value
18,log1p_num_rot_bonds,-0.3903878161323363,0.6931471824645996,nn,log_kcat_value
19,log1p_num_rot_bonds,2.041882721553256,3.761200189590454,nn,log_kcat_value
20,log1p_num_rot_bonds,-0.18494475069063113,1.0986123085021973,nn,log_kcat_value
21,log1p_num_rot_bonds,0.46797275985157827,0.6931471824645996,nn,log_kcat_value
22,log1p_num_rot_bonds,0.15384107432783245,1.945910096168518,nn,log_kcat_value
23,log1p_num_rot_bonds,0.0,2.1972246170043945,nn,log_kcat_value
24,log1p_num_rot_bonds,-0.14585452147331168,2.8332133293151855,nn,log_kcat_value
25,log1p_num_rot_bonds,1.1326505624402137,3.044522523880005,nn,log_kcat_value
26,log1p_num_rot_bonds,0.7983609935485115,2.4849066734313965,nn,log_kcat_value
27,log1p_num_rot_bonds,0.8485446455920311,3.044522523880005,nn,log_kcat_value
28,log1p_num_rot_bonds,-1.1701296322531902,0.0,nn,log_kcat_value
29,log1p_num_rot_bonds,0.0,1.3862943649291992,nn,log_kcat_value
30,log1p_num_rot_bonds,1.381389045767212,2.890371799468994,nn,log_kcat_value
31,log1p_num_rot_bonds,1.1971851228948482,0.0,nn,log_kcat_value
32,log1p_num_rot_bonds,0.0,2.1972246170043945,nn,log_kcat_value
33,log1p_num_rot_bonds,0.48388502306629044,2.6390573978424072,nn,log_kcat_value
34,log1p_num_rot_bonds,0.8737247853833429,2.6390573978424072,nn,log_kcat_value
35,log1p_num_rot_bonds,0.7621885612373299,2.4849066734313965,nn,log_kcat_value
36,log1p_num_rot_bonds,-0.11283854769527815,1.7917594909667969,nn,log_kcat_value
37,log1p_num_rot_bonds,0.48969068480009065,2.1972246170043945,nn,log_kcat_value
38,log1p_num_rot_bonds,0.1284452603390831,2.3025851249694824,nn,log_kcat_value
39,log1p_num_rot_bonds,-0.22961194212992608,0.0,nn,log_kcat_value
40,log1p_num_rot_bonds,-0.8602101604986312,0.0,nn,log_kcat_value
41,log1p_num_rot_bonds,0.0,1.6094379425048828,nn,log_kcat_value
42,log1p_num_rot_bonds,0.3561251093775629,2.079441547393799,nn,log_kcat_value
43,log1p_num_rot_bonds,-0.8324944200777105,2.6390573978424072,nn,log_kcat_value
44,log1p_num_rot_bonds,0.14983345914895266,2.1972246170043945,nn,log_kcat_value
45,log1p_num_rot_bonds,0.0,1.0986123085021973,nn,log_kcat_value
46,log1p_num_rot_bonds,-0.06525368536025611,0.6931471824645996,nn,log_kcat_value
47,log1p_num_rot_bonds,0.4659147070062685,1.7917594909667969,nn,log_kcat_value
48,log1p_num_rot_bonds,-0.7071953439617098,0.0,nn,log_kcat_value
49,log1p_num_rot_bonds,-0.5472220044270186,1.0986123085021973,nn,log_kcat_value
50,log1p_num_rot_bonds,0.0,0.6931471824645996,nn,log_kcat_value
51,log1p_num_rot_bonds,-0.23359454568709215,1.0986123085021973,nn,log_kcat_value
52,log1p_num_rot_bonds,-0.14024099032358667,1.3862943649291992,nn,log_kcat_value
53,log1p_num_rot_bonds,0.0,1.3862943649291992,nn,log_kcat_value
54,log1p_num_rot_bonds,0.0,1.6094379425048828,nn,log_kcat_value
55,log1p_num_rot_bonds,0.09954586450541004,1.6094379425048828,nn,log_kcat_value
56,log1p_num_rot_bonds,1.0456234375903108,2.6390573978424072,nn,log_kcat_value
57,log1p_num_rot_bonds,-0.09844692048347324,1.3862943649291992,nn,log_kcat_value
58,log1p_num_rot_bonds,0.28088010621876,0.0,nn,log_kcat_value
59,log1p_num_rot_bonds,-0.2531337629733757,1.6094379425048828,nn,log_kcat_value
60,log1p_num_rot_bonds,-0.33468718365506106,1.6094379425048828,nn,log_kcat_value
61,log1p_num_rot_bonds,0.0,1.0986123085021973,nn,log_kcat_value
62,log1p_num_rot_bonds,0.0,2.4849066734313965,nn,log_kcat_value
63,log1p_num_rot_bonds,-0.17581793087282443,1.0986123085021973,nn,log_kcat_value
64,log1p_num_rot_bonds,0.10919989149119579,1.0986123085021973,nn,log_kcat_value
65,log1p_num_rot_bonds,0.0,0.6931471824645996,nn,log_kcat_value
66,log1p_num_rot_bonds,1.0188131274040544,2.4849066734313965,nn,log_kcat_value
67,log1p_num_rot_bonds,2.9354076151600474,3.9512436389923096,nn,log_kcat_value
68,log1p_num_rot_bonds,-0.8966021507897948,2.995732307434082,nn,log_kcat_value
69,log1p_num_rot_bonds,0.3253064627460471,1.3862943649291992,nn,log_kcat_value
70,log1p_num_rot_bonds,-0.44896485590408336,0.6931471824645996,nn,log_kcat_value
71,log1p_num_rot_bonds,0.239679067491659,2.079441547393799,nn,log_kcat_value
72,log1p_num_rot_bonds,-0.670885521036147,1.0986123085021973,nn,log_kcat_value
73,log1p_num_rot_bonds,-0.3947155222942023,1.3862943649291992,nn,log_kcat_value
74,log1p_num_rot_bonds,-0.993870569365126,0.0,nn,log_kcat_value
75,log1p_num_rot_bonds,0.12574957116572305,1.3862943649291992,nn,log_kcat_value
76,log1p_num_rot_bonds,0.34333632902411515,2.4849066734313965,nn,log_kcat_value
77,log1p_num_rot_bonds,-0.2824650804091973,0.6931471824645996,nn,log_kcat_value
78,log1p_num_rot_bonds,-0.3959482758502326,1.6094379425048828,nn,log_kcat_value
79,log1p_num_rot_bonds,-1.0898223227485844,3.295836925506592,nn,log_kcat_value
80,log1p_num_rot_bonds,0.4576642820624799,1.7917594909667969,nn,log_kcat_value
81,log1p_num_rot_bonds,0.0,0.6931471824645996,nn,log_kcat_value
82,log1p_num_rot_bonds,0.9387143684960196,2.3025851249694824,nn,log_kcat_value
83,log1p_num_rot_bonds,-0.24507121376930793,1.6094379425048828,nn,log_kcat_value
84,log1p_num_rot_bonds,0.16269038996574922,1.3862943649291992,nn,log_kcat_value
85,log1p_num_rot_bonds,1.0929900380329118,2.4849066734313965,nn,log_kcat_value
86,log1p_num_rot_bonds,0.08024727985748438,0.6931471824645996,nn,log_kcat_value
87,log1p_num_rot_bonds,-0.3634081119731134,2.1972246170043945,nn,log_kcat_value
88,log1p_num_rot_bonds,-0.8696578893582169,0.6931471824645996,nn,log_kcat_value
89,log1p_num_rot_bonds,0.25281166224777163,1.6094379425048828,nn,log_kcat_value
90,log1p_num_rot_bonds,-0.27100245892187125,1.945910096168518,nn,log_kcat_value
91,log1p_num_rot_bonds,0.0,2.4849066734313965,nn,log_kcat_value
92,log1p_num_rot_bonds,0.5160335036351663,2.1972246170043945,nn,log_kcat_value
93,log1p_num_rot_bonds,-0.18332039208753947,1.6094379425048828,nn,log_kcat_value
94,log1p_num_rot_bonds,0.0,2.397895336151123,nn,log_kcat_value
95,log1p_num_rot_bonds,-0.12690098089230054,1.6094379425048828,nn,log_kcat_value
96,log1p_num_rot_bonds,0.0,1.945910096168518,nn,log_kcat_value
97,log1p_num_rot_bonds,-0.44033164065678304,1.0986123085021973,nn,log_kcat_value
98,log1p_num_rot_bonds,0.4512603331400437,1.3862943649291992,nn,log_kcat_value
99,log1p_num_rot_bonds,0.0,2.3025851249694824,nn,log_kcat_value
0,log_seq_length,-8.65957285047426,5.181783676147461,nn,log_kcat_value
1,log_seq_length,0.8935551138271444,6.118097305297852,nn,log_kcat_value
2,log_seq_length,3.899463541802508,6.472346305847168,nn,log_kcat_value
3,log_seq_length,-5.914779056821325,5.429345607757568,nn,log_kcat_value
4,log_seq_length,-3.5961698612847317,5.505331516265869,nn,log_kcat_value
5,log_seq_length,-3.8486191656567637,5.613128185272217,nn,log_kcat_value
6,log_seq_length,0.6984569299367582,6.10924768447876,nn,log_kcat_value
7,log_seq_length,-1.1587912392971387,5.924255847930908,nn,log_kcat_value
8,log_seq_length,0.8411367024924786,6.091310024261475,nn,log_kcat_value
9,log_seq_length,3.348365524701081,6.324358940124512,nn,log_kcat_value
10,log_seq_length,0.6039664738380797,6.056784152984619,nn,log_kcat_value
11,log_seq_length,-3.1311842469820905,5.7268476486206055,nn,log_kcat_value
12,log_seq_length,-5.196492777205985,5.517452716827393,nn,log_kcat_value
13,log_seq_length,-3.184538860767028,5.680172443389893,nn,log_kcat_value
14,log_seq_length,-0.626981881756371,5.955837249755859,nn,log_kcat_value
15,log_seq_length,-13.957112433679857,4.174387454986572,nn,log_kcat_value
16,log_seq_length,-10.83133440855704,4.912654876708984,nn,log_kcat_value
17,log_seq_length,-7.698449863358586,5.20948600769043,nn,log_kcat_value
18,log_seq_length,4.217600213326884,6.405228614807129,nn,log_kcat_value
19,log_seq_length,11.053858532060683,6.830874443054199,nn,log_kcat_value
20,log_seq_length,-3.714986646600634,5.616771221160889,nn,log_kcat_value
21,log_seq_length,-1.8483410724152083,5.80814266204834,nn,log_kcat_value
22,log_seq_length,-5.361360620761709,4.9416422843933105,nn,log_kcat_value
23,log_seq_length,13.688753668848246,7.083387851715088,nn,log_kcat_value
24,log_seq_length,-5.288351019751093,5.521461009979248,nn,log_kcat_value
25,log_seq_length,1.1413637363878508,6.220590114593506,nn,log_kcat_value
26,log_seq_length,-3.666709516703241,5.613128185272217,nn,log_kcat_value
27,log_seq_length,5.0314208622943575,6.329720973968506,nn,log_kcat_value
28,log_seq_length,2.561902097512517,6.200509071350098,nn,log_kcat_value
29,log_seq_length,-0.2998723308455338,5.981414318084717,nn,log_kcat_value
30,log_seq_length,14.287881360740792,7.227662563323975,nn,log_kcat_value
31,log_seq_length,-1.698724851020501,5.905361652374268,nn,log_kcat_value
32,log_seq_length,-6.393413444136677,5.141663551330566,nn,log_kcat_value
33,log_seq_length,-7.082421265773419,5.068904399871826,nn,log_kcat_value
34,log_seq_length,0.7845508958801702,6.100318908691406,nn,log_kcat_value
35,log_seq_length,-1.236041916555205,5.8141303062438965,nn,log_kcat_value
36,log_seq_length,0.0,6.0258660316467285,nn,log_kcat_value
37,log_seq_length,0.0,6.011267185211182,nn,log_kcat_value
38,log_seq_length,-4.679712992479502,5.332718849182129,nn,log_kcat_value
39,log_seq_length,-1.7817585871081916,5.888877868652344,nn,log_kcat_value
40,log_seq_length,13.594686347676234,6.981005668640137,nn,log_kcat_value
41,log_seq_length,3.8030099337042604,6.2766432762146,nn,log_kcat_value
42,log_seq_length,0.0,5.978885650634766,nn,log_kcat_value
43,log_seq_length,-9.491758462749214,4.127134323120117,nn,log_kcat_value
44,log_seq_length,0.8386138811021112,6.122492790222168,nn,log_kcat_value
45,log_seq_length,-5.138227534627575,5.537334442138672,nn,log_kcat_value
46,log_seq_length,1.4725367239214604,6.102558612823486,nn,log_kcat_value
47,log_seq_length,3.9184044929775044,6.295266151428223,nn,log_kcat_value
48,log_seq_length,11.675946637514823,6.768493175506592,nn,log_kcat_value
49,log_seq_length,-7.161068684290081,5.402677536010742,nn,log_kcat_value
50,log_seq_length,-4.077702568841255,5.616771221160889,nn,log_kcat_value
51,log_seq_length,-3.133144357738721,5.71702766418457,nn,log_kcat_value
52,log_seq_length,3.679006698790385,6.3315019607543945,nn,log_kcat_value
53,log_seq_length,-6.098155142813385,5.402677536010742,nn,log_kcat_value
54,log_seq_length,8.121938325465619,6.593044757843018,nn,log_kcat_value
55,log_seq_length,-3.1355614557356586,5.673323154449463,nn,log_kcat_value
56,log_seq_length,-0.47495089093005083,5.921578407287598,nn,log_kcat_value
57,log_seq_length,-4.821945749713239,5.501258373260498,nn,log_kcat_value
58,log_seq_length,5.532680727159664,6.411818504333496,nn,log_kcat_value
59,log_seq_length,-3.240848209792456,5.746203422546387,nn,log_kcat_value
60,log_seq_length,3.125959788554089,6.282266616821289,nn,log_kcat_value
61,log_seq_length,0.0,6.0258660316467285,nn,log_kcat_value
62,log_seq_length,3.792829113797012,6.359573841094971,nn,log_kcat_value
63,log_seq_length,-4.16380527978483,5.627621173858643,nn,log_kcat_value
64,log_seq_length,-2.0380820329220417,5.834810733795166,nn,log_kcat_value
65,log_seq_length,-1.8535474096249442,5.849324703216553,nn,log_kcat_value
66,log_seq_length,0.07640184130958294,6.016157150268555,nn,log_kcat_value
67,log_seq_length,-2.4541556619581657,5.780743598937988,nn,log_kcat_value
68,log_seq_length,-2.496609560723126,5.733341217041016,nn,log_kcat_value
69,log_seq_length,4.200684652670628,6.363028049468994,nn,log_kcat_value
70,log_seq_length,-0.6993792694887262,5.945420742034912,nn,log_kcat_value
71,log_seq_length,4.132279577466275,6.309918403625488,nn,log_kcat_value
72,log_seq_length,-3.258159436131133,5.659482002258301,nn,log_kcat_value
73,log_seq_length,4.292518822429188,6.400257587432861,nn,log_kcat_value
74,log_seq_length,-3.222348104052959,5.777652263641357,nn,log_kcat_value
75,log_seq_length,2.2605309177237958,6.192362308502197,nn,log_kcat_value
76,log_seq_length,-6.712669051823475,5.323009967803955,nn,log_kcat_value
77,log_seq_length,-1.885217190500414,5.860786437988281,nn,log_kcat_value
78,log_seq_length,-3.044353099533512,5.752572536468506,nn,log_kcat_value
79,log_seq_length,-2.8394402944232437,5.693732261657715,nn,log_kcat_value
80,log_seq_length,5.2270058270246835,6.329720973968506,nn,log_kcat_value
81,log_seq_length,3.518189070877514,6.368186950683594,nn,log_kcat_value
82,log_seq_length,-1.0468371329928527,5.9427995681762695,nn,log_kcat_value
83,log_seq_length,-2.353078916557458,5.8051347732543945,nn,log_kcat_value
84,log_seq_length,0.0,5.981414318084717,nn,log_kcat_value
85,log_seq_length,0.8740581417916155,6.1506028175354,nn,log_kcat_value
86,log_seq_length,-3.4972224213374914,5.564520359039307,nn,log_kcat_value
87,log_seq_length,1.2179878425050217,6.156979084014893,nn,log_kcat_value
88,log_seq_length,1.178373937306895,6.107022762298584,nn,log_kcat_value
89,log_seq_length,-1.2779623698105274,5.897153854370117,nn,log_kcat_value
90,log_seq_length,5.842775335287859,6.4329400062561035,nn,log_kcat_value
91,log_seq_length,3.8358856430229706,6.359573841094971,nn,log_kcat_value
92,log_seq_length,13.92828511475358,7.310550212860107,nn,log_kcat_value
93,log_seq_length,-10.555556736114301,4.624972820281982,nn,log_kcat_value
94,log_seq_length,-3.790111291621211,5.552959442138672,nn,log_kcat_value
95,log_seq_length,17.753556668839334,7.1989312171936035,nn,log_kcat_value
96,log_seq_length,1.875777174397211,6.18001651763916,nn,log_kcat_value
97,log_seq_length,5.356497987061136,6.419994831085205,nn,log_kcat_value
98,log_seq_length,4.584203911600015,6.400257587432861,nn,log_kcat_value
99,log_seq_length,-8.48175953537683,5.068904399871826,nn,log_kcat_value
0,log_seq_mol_wt,8.120100591660092,9.895637512207031,nn,log_kcat_value
1,log_seq_mol_wt,-1.1291147534568091,10.868292808532715,nn,log_kcat_value
2,log_seq_mol_wt,-3.616369797452984,11.16805648803711,nn,log_kcat_value
3,log_seq_mol_wt,5.8868699617220805,10.134017944335938,nn,log_kcat_value
4,log_seq_mol_wt,3.6194509446754246,10.179969787597656,nn,log_kcat_value
5,log_seq_mol_wt,3.8781992708709834,10.35327434539795,nn,log_kcat_value
6,log_seq_mol_wt,-0.8230767543141755,10.829964637756348,nn,log_kcat_value
7,log_seq_mol_wt,1.8900640351998457,10.589705467224121,nn,log_kcat_value
8,log_seq_mol_wt,-0.8670208961959522,10.82020378112793,nn,log_kcat_value
9,log_seq_mol_wt,-3.172658957209408,11.025118827819824,nn,log_kcat_value
10,log_seq_mol_wt,-0.13684342734357946,10.738465309143066,nn,log_kcat_value
11,log_seq_mol_wt,2.605535552607394,10.448199272155762,nn,log_kcat_value
12,log_seq_mol_wt,5.238360894878567,10.270760536193848,nn,log_kcat_value
13,log_seq_mol_wt,2.7772832676996684,10.358283996582031,nn,log_kcat_value
14,log_seq_mol_wt,0.8948357988484454,10.62234115600586,nn,log_kcat_value
15,log_seq_mol_wt,13.80825628637904,8.8438720703125,nn,log_kcat_value
16,log_seq_mol_wt,10.260401451083109,9.585155487060547,nn,log_kcat_value
17,log_seq_mol_wt,7.836534356929177,9.93643856048584,nn,log_kcat_value
18,log_seq_mol_wt,-3.4958985599326953,11.091901779174805,nn,log_kcat_value
19,log_seq_mol_wt,-11.117047945612464,11.570343017578125,nn,log_kcat_value
20,log_seq_mol_wt,3.921287933628449,10.358739852905273,nn,log_kcat_value
21,log_seq_mol_wt,3.1719816691058984,10.469345092773438,nn,log_kcat_value
22,log_seq_mol_wt,4.706386806118616,9.657936096191406,nn,log_kcat_value
23,log_seq_mol_wt,-14.689743869827492,11.733443260192871,nn,log_kcat_value
24,log_seq_mol_wt,5.296628130493128,10.262185096740723,nn,log_kcat_value
25,log_seq_mol_wt,-1.3756723843128167,10.931374549865723,nn,log_kcat_value
26,log_seq_mol_wt,3.506186820839442,10.350407600402832,nn,log_kcat_value
27,log_seq_mol_wt,-4.422278021979729,11.039839744567871,nn,log_kcat_value
28,log_seq_mol_wt,-3.2040351660517192,10.948140144348145,nn,log_kcat_value
29,log_seq_mol_wt,0.8911438241792664,10.682188987731934,nn,log_kcat_value
30,log_seq_mol_wt,-15.176989515179942,11.935462951660156,nn,log_kcat_value
31,log_seq_mol_wt,0.7962835628314472,10.6234130859375,nn,log_kcat_value
32,log_seq_mol_wt,6.39198576478267,9.86694622039795,nn,log_kcat_value
33,log_seq_mol_wt,5.884421528234561,9.798083305358887,nn,log_kcat_value
34,log_seq_mol_wt,-0.46032470307570544,10.797884941101074,nn,log_kcat_value
35,log_seq_mol_wt,1.8926145549373736,10.486600875854492,nn,log_kcat_value
36,log_seq_mol_wt,-0.2633909761690814,10.757920265197754,nn,log_kcat_value
37,log_seq_mol_wt,0.3873213896913545,10.699564933776855,nn,log_kcat_value
38,log_seq_mol_wt,4.410747766216237,10.038525581359863,nn,log_kcat_value
39,log_seq_mol_wt,1.2648549545500316,10.617300987243652,nn,log_kcat_value
40,log_seq_mol_wt,-12.69254796660089,11.71030330657959,nn,log_kcat_value
41,log_seq_mol_wt,-3.8527228480283173,11.002645492553711,nn,log_kcat_value
42,log_seq_mol_wt,0.8984909226781547,10.673871040344238,nn,log_kcat_value
43,log_seq_mol_wt,7.476526429318166,8.813807487487793,nn,log_kcat_value
44,log_seq_mol_wt,-0.7983582339537333,10.82018756866455,nn,log_kcat_value
45,log_seq_mol_wt,5.9575192252085785,10.2382230758667,nn,log_kcat_value
46,log_seq_mol_wt,-1.3694592217664783,10.805061340332031,nn,log_kcat_value
47,log_seq_mol_wt,-3.6726107480871675,11.020642280578613,nn,log_kcat_value
48,log_seq_mol_wt,-11.837773374014418,11.50092887878418,nn,log_kcat_value
49,log_seq_mol_wt,7.132311793588058,10.143033981323242,nn,log_kcat_value
50,log_seq_mol_wt,3.971312987934501,10.358739852905273,nn,log_kcat_value
51,log_seq_mol_wt,3.3815261415514906,10.390852928161621,nn,log_kcat_value
52,log_seq_mol_wt,-3.0763877291810005,11.025952339172363,nn,log_kcat_value
53,log_seq_mol_wt,6.3802837547745845,10.152830123901367,nn,log_kcat_value
54,log_seq_mol_wt,-7.617121786436348,11.271092414855957,nn,log_kcat_value
55,log_seq_mol_wt,3.9355945169109914,10.341065406799316,nn,log_kcat_value
56,log_seq_mol_wt,1.3970673369107685,10.57559585571289,nn,log_kcat_value
57,log_seq_mol_wt,3.9834593336255564,10.235960006713867,nn,log_kcat_value
58,log_seq_mol_wt,-4.6437918255781465,11.13865852355957,nn,log_kcat_value
59,log_seq_mol_wt,2.9624848729005047,10.483341217041016,nn,log_kcat_value
60,log_seq_mol_wt,-2.9323725504460527,10.992963790893555,nn,log_kcat_value
61,log_seq_mol_wt,0.8562166970849028,10.684676170349121,nn,log_kcat_value
62,log_seq_mol_wt,-3.8266230897383515,11.062714576721191,nn,log_kcat_value
63,log_seq_mol_wt,5.16617458331033,10.2933931350708,nn,log_kcat_value
64,log_seq_mol_wt,1.928232090532142,10.589863777160645,nn,log_kcat_value
65,log_seq_mol_wt,1.7473933352941269,10.59010124206543,nn,log_kcat_value
66,log_seq_mol_wt,0.4513410623559669,10.667594909667969,nn,log_kcat_value
67,log_seq_mol_wt,2.2960611026395954,10.489245414733887,nn,log_kcat_value
68,log_seq_mol_wt,1.9527204782863181,10.48501968383789,nn,log_kcat_value
69,log_seq_mol_wt,-3.539297420428823,11.085429191589355,nn,log_kcat_value
70,log_seq_mol_wt,1.1699148064440743,10.632862091064453,nn,log_kcat_value
71,log_seq_mol_wt,-3.6091349694213433,11.010565757751465,nn,log_kcat_value
72,log_seq_mol_wt,3.3481280965682223,10.352237701416016,nn,log_kcat_value
73,log_seq_mol_wt,-4.3483995975181085,11.096953392028809,nn,log_kcat_value
74,log_seq_mol_wt,2.463540101157092,10.509709358215332,nn,log_kcat_value
75,log_seq_mol_wt,-1.9184679284452486,10.938871383666992,nn,log_kcat_value
76,log_seq_mol_wt,6.981810632411211,10.0322847366333,nn,log_kcat_value
77,log_seq_mol_wt,2.437487487917884,10.523509979248047,nn,log_kcat_value
78,log_seq_mol_wt,3.3424088559235363,10.426422119140625,nn,log_kcat_value
79,log_seq_mol_wt,2.3770510459101315,10.418144226074219,nn,log_kcat_value
80,log_seq_mol_wt,-3.8738901742003065,11.026021957397461,nn,log_kcat_value
81,log_seq_mol_wt,-2.455166849769765,11.055208206176758,nn,log_kcat_value
82,log_seq_mol_wt,1.2068567091753901,10.628644943237305,nn,log_kcat_value
83,log_seq_mol_wt,2.634410238619052,10.479232788085938,nn,log_kcat_value
84,log_seq_mol_wt,0.9145971218927785,10.682188987731934,nn,log_kcat_value
85,log_seq_mol_wt,-1.1564399692392093,10.87839126586914,nn,log_kcat_value
86,log_seq_mol_wt,4.515032369771313,10.242412567138672,nn,log_kcat_value
87,log_seq_mol_wt,-2.0813064889109563,10.881373405456543,nn,log_kcat_value
88,log_seq_mol_wt,-1.0697927734556536,10.8060884475708,nn,log_kcat_value
89,log_seq_mol_wt,0.8366370985623155,10.634742736816406,nn,log_kcat_value
90,log_seq_mol_wt,-5.933919078998765,11.156765937805176,nn,log_kcat_value
91,log_seq_mol_wt,-3.8960429220846113,11.062714576721191,nn,log_kcat_value
92,log_seq_mol_wt,-15.901362447855988,12.006189346313477,nn,log_kcat_value
93,log_seq_mol_wt,8.090400183006487,9.38391399383545,nn,log_kcat_value
94,log_seq_mol_wt,3.5738550394559336,10.226869583129883,nn,log_kcat_value
95,log_seq_mol_wt,-17.584371966703177,11.904401779174805,nn,log_kcat_value
96,log_seq_mol_wt,-1.3802286317157066,10.86384105682373,nn,log_kcat_value
97,log_seq_mol_wt,-5.007205575964552,11.124246597290039,nn,log_kcat_value
98,log_seq_mol_wt,-4.748786059075664,11.133379936218262,nn,log_kcat_value
99,log_seq_mol_wt,7.665585932663089,9.798135757446289,nn,log_kcat_value
0,linear_pI,-0.40253330157969947,7.06573486328125,nn,log_kcat_value
1,linear_pI,0.5886949116579294,5.298780918121338,nn,log_kcat_value
2,linear_pI,0.2964120064974112,5.449859142303467,nn,log_kcat_value
3,linear_pI,0.27470353357638067,7.934462547302246,nn,log_kcat_value
4,linear_pI,0.49100717485947076,6.739933490753174,nn,log_kcat_value
5,linear_pI,-0.07960815200866625,5.270418167114258,nn,log_kcat_value
6,linear_pI,0.2771623516473881,5.94498348236084,nn,log_kcat_value
7,linear_pI,-0.35922890249323886,7.450875759124756,nn,log_kcat_value
8,linear_pI,0.0,7.538123607635498,nn,log_kcat_value
9,linear_pI,0.0,7.6631693840026855,nn,log_kcat_value
10,linear_pI,0.0,5.366362571716309,nn,log_kcat_value
11,linear_pI,-0.4753551196038694,7.147298812866211,nn,log_kcat_value
12,linear_pI,0.16899378024336456,8.650577545166016,nn,log_kcat_value
13,linear_pI,-0.5412287521149295,5.443492889404297,nn,log_kcat_value
14,linear_pI,0.14422465572014748,6.326600551605225,nn,log_kcat_value
15,linear_pI,-0.6607921122658509,5.284002780914307,nn,log_kcat_value
16,linear_pI,-0.3040008116777364,5.036071300506592,nn,log_kcat_value
17,linear_pI,0.4369930582111321,5.198971748352051,nn,log_kcat_value
18,linear_pI,0.0,5.01532506942749,nn,log_kcat_value
19,linear_pI,0.31493851095970316,7.153323650360107,nn,log_kcat_value
20,linear_pI,0.2671786495853978,5.227959632873535,nn,log_kcat_value
21,linear_pI,0.6167380229217145,5.059147834777832,nn,log_kcat_value
22,linear_pI,0.21881345300065408,5.490214824676514,nn,log_kcat_value
23,linear_pI,0.4716304746035296,9.912095069885254,nn,log_kcat_value
24,linear_pI,-0.14853447951146462,6.695826530456543,nn,log_kcat_value
25,linear_pI,-0.8562601960512869,4.702028274536133,nn,log_kcat_value
26,linear_pI,0.0,7.202432632446289,nn,log_kcat_value
27,linear_pI,0.0,6.292781352996826,nn,log_kcat_value
28,linear_pI,-0.16375176165316097,8.276016235351562,nn,log_kcat_value
29,linear_pI,0.0,5.543813705444336,nn,log_kcat_value
30,linear_pI,-0.32830399481625716,5.687616348266602,nn,log_kcat_value
31,linear_pI,0.38218626140681755,5.420984745025635,nn,log_kcat_value
32,linear_pI,0.5789282542867743,4.8506622314453125,nn,log_kcat_value
33,linear_pI,0.2791927510800625,4.928815841674805,nn,log_kcat_value
34,linear_pI,-0.16377164502138855,5.096945762634277,nn,log_kcat_value
35,linear_pI,0.0,5.201074600219727,nn,log_kcat_value
36,linear_pI,0.20864519657681624,5.795383453369141,nn,log_kcat_value
37,linear_pI,0.27135327429210315,5.53369665145874,nn,log_kcat_value
38,linear_pI,0.0,5.351470947265625,nn,log_kcat_value
39,linear_pI,-0.2850193827402556,8.480703353881836,nn,log_kcat_value
40,linear_pI,0.0,8.114522933959961,nn,log_kcat_value
41,linear_pI,-0.9239720776727957,7.901454925537109,nn,log_kcat_value
42,linear_pI,0.0,6.006085395812988,nn,log_kcat_value
43,linear_pI,-0.4742424792301528,6.734988689422607,nn,log_kcat_value
44,linear_pI,0.0,5.983747482299805,nn,log_kcat_value
45,linear_pI,0.24615830914358228,5.315207481384277,nn,log_kcat_value
46,linear_pI,0.0,6.28255033493042,nn,log_kcat_value
47,linear_pI,0.3032895428409814,5.207554340362549,nn,log_kcat_value
48,linear_pI,-1.3426144100282351,8.41720199584961,nn,log_kcat_value
49,linear_pI,0.23806148318987125,8.76462173461914,nn,log_kcat_value
50,linear_pI,0.19742680854635486,5.227959632873535,nn,log_kcat_value
51,linear_pI,0.0,5.230062484741211,nn,log_kcat_value
52,linear_pI,0.1428338048187339,6.303125858306885,nn,log_kcat_value
53,linear_pI,-0.12016760049740016,8.511260986328125,nn,log_kcat_value
54,linear_pI,-0.14399788027174543,7.614003658294678,nn,log_kcat_value
55,linear_pI,0.5870494047669157,9.094635963439941,nn,log_kcat_value
56,linear_pI,0.0,8.47560977935791,nn,log_kcat_value
57,linear_pI,0.0,5.326916217803955,nn,log_kcat_value
58,linear_pI,0.31937255729825165,9.225764274597168,nn,log_kcat_value
59,linear_pI,0.0,6.514169216156006,nn,log_kcat_value
60,linear_pI,-0.33205456106602643,5.584965229034424,nn,log_kcat_value
61,linear_pI,0.33807184671557916,7.81190824508667,nn,log_kcat_value
62,linear_pI,0.0,6.975531101226807,nn,log_kcat_value
63,linear_pI,0.8096805181184821,8.813617706298828,nn,log_kcat_value
64,linear_pI,0.0,5.868591785430908,nn,log_kcat_value
65,linear_pI,0.0,6.357521057128906,nn,log_kcat_value
66,linear_pI,-0.14689590766078392,5.149465084075928,nn,log_kcat_value
67,linear_pI,-1.0789645351436152,7.610593318939209,nn,log_kcat_value
68,linear_pI,-0.15923182936022062,6.351495742797852,nn,log_kcat_value
69,linear_pI,0.0,5.978745937347412,nn,log_kcat_value
70,linear_pI,0.17051338557608814,5.27689790725708,nn,log_kcat_value
71,linear_pI,-0.20667751904882023,4.823209285736084,nn,log_kcat_value
72,linear_pI,0.0,5.727005958557129,nn,log_kcat_value
73,linear_pI,-0.4311320610684641,5.920883655548096,nn,log_kcat_value
74,linear_pI,-0.5672237788143522,6.762271404266357,nn,log_kcat_value
75,linear_pI,0.16587332448106445,6.6927571296691895,nn,log_kcat_value
76,linear_pI,0.0,9.252067565917969,nn,log_kcat_value
77,linear_pI,-0.30302102727917796,5.130992412567139,nn,log_kcat_value
78,linear_pI,-0.4755925611318896,4.874876022338867,nn,log_kcat_value
79,linear_pI,0.0,5.383016586303711,nn,log_kcat_value
80,linear_pI,0.44831955276936125,5.401886940002441,nn,log_kcat_value
81,linear_pI,0.0,4.935238838195801,nn,log_kcat_value
82,linear_pI,0.4540410116342768,8.554519653320312,nn,log_kcat_value
83,linear_pI,0.347199989958264,6.668657302856445,nn,log_kcat_value
84,linear_pI,0.14255566552519383,5.543813705444336,nn,log_kcat_value
85,linear_pI,0.0,5.794075965881348,nn,log_kcat_value
86,linear_pI,0.5201825799251298,5.159696102142334,nn,log_kcat_value
87,linear_pI,-0.16241206508207892,4.826619625091553,nn,log_kcat_value
88,linear_pI,-0.305425626367457,6.654618263244629,nn,log_kcat_value
89,linear_pI,0.0,5.863874435424805,nn,log_kcat_value
90,linear_pI,0.1949891036370272,5.636802673339844,nn,log_kcat_value
91,linear_pI,0.0,6.975531101226807,nn,log_kcat_value
92,linear_pI,0.2829282490717273,6.449429512023926,nn,log_kcat_value
93,linear_pI,-0.44896502498834934,6.380199432373047,nn,log_kcat_value
94,linear_pI,-0.3737732051363486,4.749773025512695,nn,log_kcat_value
95,linear_pI,0.0,6.791941165924072,nn,log_kcat_value
96,linear_pI,0.41980960341059675,6.214229583740234,nn,log_kcat_value
97,linear_pI,0.0,5.874048233032227,nn,log_kcat_value
98,linear_pI,-0.34128488468778784,7.120357036590576,nn,log_kcat_value
99,linear_pI,0.2985115241888227,4.759777069091797,nn,log_kcat_value
0,linear_aromaticity,0.0,0.056179776787757874,nn,log_kcat_value
1,linear_aromaticity,0.6050327823734327,0.1299559473991394,nn,log_kcat_value
2,linear_aromaticity,-0.2884673590537945,0.08964451402425766,nn,log_kcat_value
3,linear_aromaticity,0.0,0.08771929889917374,nn,log_kcat_value
4,linear_aromaticity,0.2706712547795384,0.0731707289814949,nn,log_kcat_value
5,linear_aromaticity,-0.33549788268663067,0.07299269735813141,nn,log_kcat_value
6,linear_aromaticity,0.0,0.08666666597127914,nn,log_kcat_value
7,linear_aromaticity,0.0,0.06684491783380508,nn,log_kcat_value
8,linear_aromaticity,0.0,0.0882352963089943,nn,log_kcat_value
9,linear_aromaticity,0.0,0.08781362324953079,nn,log_kcat_value
10,linear_aromaticity,-0.38003065609817077,0.06557376682758331,nn,log_kcat_value
11,linear_aromaticity,0.0,0.08143322169780731,nn,log_kcat_value
12,linear_aromaticity,0.2129834652626188,0.11244980245828629,nn,log_kcat_value
13,linear_aromaticity,-0.5831001516948378,0.095563143491745,nn,log_kcat_value
14,linear_aromaticity,0.14800631735030034,0.06735751032829285,nn,log_kcat_value
15,linear_aromaticity,-0.48940930388426945,0.03076923079788685,nn,log_kcat_value
16,linear_aromaticity,-0.31045014675299304,0.06617647409439087,nn,log_kcat_value
17,linear_aromaticity,0.0,0.10382513701915741,nn,log_kcat_value
18,linear_aromaticity,0.12805248767406008,0.0925619825720787,nn,log_kcat_value
19,linear_aromaticity,0.3921354353547227,0.09071274101734161,nn,log_kcat_value
20,linear_aromaticity,-0.20334639848808572,0.08363636583089828,nn,log_kcat_value
21,linear_aromaticity,0.0,0.057057056576013565,nn,log_kcat_value
22,linear_aromaticity,0.0,0.12857143580913544,nn,log_kcat_value
23,linear_aromaticity,-0.8306257511010857,0.04194631054997444,nn,log_kcat_value
24,linear_aromaticity,0.2680874893198213,0.1080000028014183,nn,log_kcat_value
25,linear_aromaticity,0.3667798215367779,0.11928429454565048,nn,log_kcat_value
26,linear_aromaticity,0.4018650229250982,0.08759123831987381,nn,log_kcat_value
27,linear_aromaticity,-0.2551093035397927,0.09803921729326248,nn,log_kcat_value
28,linear_aromaticity,0.2576130317229911,0.11359026283025742,nn,log_kcat_value
29,linear_aromaticity,-0.09674788777348754,0.09090909361839294,nn,log_kcat_value
30,linear_aromaticity,0.0,0.08351488411426544,nn,log_kcat_value
31,linear_aromaticity,0.0,0.09809264540672302,nn,log_kcat_value
32,linear_aromaticity,0.0,0.08187134563922882,nn,log_kcat_value
33,linear_aromaticity,0.0,0.09433962404727936,nn,log_kcat_value
34,linear_aromaticity,0.0,0.08968609571456909,nn,log_kcat_value
35,linear_aromaticity,0.0,0.05074626952409744,nn,log_kcat_value
36,linear_aromaticity,-0.08959380475347617,0.07971014827489853,nn,log_kcat_value
37,linear_aromaticity,0.3043616917421772,0.061274509876966476,nn,log_kcat_value
38,linear_aromaticity,0.17281504687520166,0.07246376574039459,nn,log_kcat_value
39,linear_aromaticity,-0.7265708772241259,0.10803323984146118,nn,log_kcat_value
40,linear_aromaticity,0.0,0.10315985232591629,nn,log_kcat_value
41,linear_aromaticity,0.0,0.12406015396118164,nn,log_kcat_value
42,linear_aromaticity,0.0707162328017468,0.0835443064570427,nn,log_kcat_value
43,linear_aromaticity,-0.6158456324403317,0.11290322244167328,nn,log_kcat_value
44,linear_aromaticity,0.0,0.0833333358168602,nn,log_kcat_value
45,linear_aromaticity,-0.44725574966573883,0.10629921406507492,nn,log_kcat_value
46,linear_aromaticity,0.0,0.07382550090551376,nn,log_kcat_value
47,linear_aromaticity,0.0,0.11439114063978195,nn,log_kcat_value
48,linear_aromaticity,-0.2666739052257974,0.06551723927259445,nn,log_kcat_value
49,linear_aromaticity,0.0,0.09459459781646729,nn,log_kcat_value
50,linear_aromaticity,-0.07487477078685473,0.08363636583089828,nn,log_kcat_value
51,linear_aromaticity,0.0,0.0625,nn,log_kcat_value
52,linear_aromaticity,0.0,0.08896797150373459,nn,log_kcat_value
53,linear_aromaticity,0.0,0.09459459781646729,nn,log_kcat_value
54,linear_aromaticity,0.0,0.07260274142026901,nn,log_kcat_value
55,linear_aromaticity,0.0,0.04810996726155281,nn,log_kcat_value
56,linear_aromaticity,0.0,0.06166219711303711,nn,log_kcat_value
57,linear_aromaticity,-0.1273450892444974,0.11836734414100647,nn,log_kcat_value
58,linear_aromaticity,0.0,0.095238097012043,nn,log_kcat_value
59,linear_aromaticity,-0.12705168241562773,0.09584664553403854,nn,log_kcat_value
60,linear_aromaticity,-0.13066059797566965,0.07289719581604004,nn,log_kcat_value
61,linear_aromaticity,0.42084317530721016,0.0555555559694767,nn,log_kcat_value
62,linear_aromaticity,-0.2819977840998101,0.08650518953800201,nn,log_kcat_value
63,linear_aromaticity,-0.27509253138266027,0.04316546767950058,nn,log_kcat_value
64,linear_aromaticity,0.4178295773193057,0.11695906519889832,nn,log_kcat_value
65,linear_aromaticity,0.32637518299342627,0.12391930818557739,nn,log_kcat_value
66,linear_aromaticity,-0.2637358411431463,0.043902438133955,nn,log_kcat_value
67,linear_aromaticity,0.0,0.08950617164373398,nn,log_kcat_value
68,linear_aromaticity,-0.6329636157254547,0.11974109709262848,nn,log_kcat_value
69,linear_aromaticity,0.44158291059861615,0.08103448152542114,nn,log_kcat_value
70,linear_aromaticity,-0.11928820585962302,0.06544502824544907,nn,log_kcat_value
71,linear_aromaticity,0.1876977947518678,0.10727272927761078,nn,log_kcat_value
72,linear_aromaticity,-0.25845394595375626,0.05923344939947128,nn,log_kcat_value
73,linear_aromaticity,-0.3991113475368871,0.07308970391750336,nn,log_kcat_value
74,linear_aromaticity,0.0,0.10216718167066574,nn,log_kcat_value
75,linear_aromaticity,0.25026827012132585,0.11042945086956024,nn,log_kcat_value
76,linear_aromaticity,0.0,0.06829268485307693,nn,log_kcat_value
77,linear_aromaticity,-1.330955657896737,0.045584045350551605,nn,log_kcat_value
78,linear_aromaticity,-0.11950925197908457,0.06984127312898636,nn,log_kcat_value
79,linear_aromaticity,-0.6721050535030522,0.14141413569450378,nn,log_kcat_value
80,linear_aromaticity,-0.23117310348990827,0.10160427540540695,nn,log_kcat_value
81,linear_aromaticity,0.2700163624369457,0.09433962404727936,nn,log_kcat_value
82,linear_aromaticity,-0.19655714073057684,0.08923884481191635,nn,log_kcat_value
83,linear_aromaticity,0.2624075161997857,0.0602409653365612,nn,log_kcat_value
84,linear_aromaticity,0.23677278225748288,0.09090909361839294,nn,log_kcat_value
85,linear_aromaticity,0.2560618563304916,0.08528784662485123,nn,log_kcat_value
86,linear_aromaticity,0.20654862665070475,0.07279693335294724,nn,log_kcat_value
87,linear_aromaticity,-0.15354807302277695,0.0762711837887764,nn,log_kcat_value
88,linear_aromaticity,0.0,0.06681514531373978,nn,log_kcat_value
89,linear_aromaticity,-1.48520238341797,0.11263736337423325,nn,log_kcat_value
90,linear_aromaticity,0.0,0.09003215283155441,nn,log_kcat_value
91,linear_aromaticity,-0.32413024879020746,0.08650518953800201,nn,log_kcat_value
92,linear_aromaticity,0.0,0.07620321214199066,nn,log_kcat_value
93,linear_aromaticity,0.644528756159409,0.1666666716337204,nn,log_kcat_value
94,linear_aromaticity,0.0,0.08527132123708725,nn,log_kcat_value
95,linear_aromaticity,0.12642493587092773,0.07623318582773209,nn,log_kcat_value
96,linear_aromaticity,-0.4311725592432548,0.04554865509271622,nn,log_kcat_value
97,linear_aromaticity,-0.2988567573298617,0.10912051796913147,nn,log_kcat_value
98,linear_aromaticity,1.2500382967018242,0.1345514953136444,nn,log_kcat_value
99,linear_aromaticity,0.0,0.09433962404727936,nn,log_kcat_value
0,linear_instability_index,-0.4998624186139136,40.4730339050293,nn,log_kcat_value
1,linear_instability_index,0.0,41.72361373901367,nn,log_kcat_value
2,linear_instability_index,0.9184054808787029,20.743894577026367,nn,log_kcat_value
3,linear_instability_index,0.49826717773791046,29.556184768676758,nn,log_kcat_value
4,linear_instability_index,0.26145731939341704,24.43170738220215,nn,log_kcat_value
5,linear_instability_index,-0.3255160178952419,45.554378509521484,nn,log_kcat_value
6,linear_instability_index,0.9014250567167046,26.795555114746094,nn,log_kcat_value
7,linear_instability_index,0.3846426732293773,30.498929977416992,nn,log_kcat_value
8,linear_instability_index,0.611806819645884,30.132827758789062,nn,log_kcat_value
9,linear_instability_index,0.26572991327219775,30.215232849121094,nn,log_kcat_value
10,linear_instability_index,0.0,28.77985954284668,nn,log_kcat_value
11,linear_instability_index,0.0,34.23029327392578,nn,log_kcat_value
12,linear_instability_index,0.18715068562289214,36.15943908691406,nn,log_kcat_value
13,linear_instability_index,-0.9895732085419565,20.389760971069336,nn,log_kcat_value
14,linear_instability_index,0.0,27.34922218322754,nn,log_kcat_value
15,linear_instability_index,-1.6343365614426755,71.22307586669922,nn,log_kcat_value
16,linear_instability_index,-0.3433781103068175,41.17647171020508,nn,log_kcat_value
17,linear_instability_index,0.27269903655218153,26.987977981567383,nn,log_kcat_value
18,linear_instability_index,0.0,30.645967483520508,nn,log_kcat_value
19,linear_instability_index,0.0,48.34492492675781,nn,log_kcat_value
20,linear_instability_index,1.0224636387323,18.041454315185547,nn,log_kcat_value
21,linear_instability_index,0.8275447742309873,24.145376205444336,nn,log_kcat_value
22,linear_instability_index,0.0,40.72292709350586,nn,log_kcat_value
23,linear_instability_index,-0.6041510087300646,56.4294548034668,nn,log_kcat_value
24,linear_instability_index,0.0,40.58243942260742,nn,log_kcat_value
25,linear_instability_index,0.0,30.82608413696289,nn,log_kcat_value
26,linear_instability_index,0.0,43.99197006225586,nn,log_kcat_value
27,linear_instability_index,-0.7096918720562153,42.32263946533203,nn,log_kcat_value
28,linear_instability_index,0.0,33.6529426574707,nn,log_kcat_value
29,linear_instability_index,0.5800141145182764,29.49570655822754,nn,log_kcat_value
30,linear_instability_index,-0.39563042677002125,39.311256408691406,nn,log_kcat_value
31,linear_instability_index,-1.0213731270564734,48.76811981201172,nn,log_kcat_value
32,linear_instability_index,-1.272764131036601,56.306434631347656,nn,log_kcat_value
33,linear_instability_index,0.18872267116228442,37.88867950439453,nn,log_kcat_value
34,linear_instability_index,0.057597120098994314,26.4313907623291,nn,log_kcat_value
35,linear_instability_index,0.39049638175313517,24.543283462524414,nn,log_kcat_value
36,linear_instability_index,0.0,36.16545867919922,nn,log_kcat_value
37,linear_instability_index,0.7204039378548247,25.085784912109375,nn,log_kcat_value
38,linear_instability_index,0.0,33.18937301635742,nn,log_kcat_value
39,linear_instability_index,0.0,39.30194091796875,nn,log_kcat_value
40,linear_instability_index,-0.40933480289204754,43.170101165771484,nn,log_kcat_value
41,linear_instability_index,0.25566016965809685,34.2353401184082,nn,log_kcat_value
42,linear_instability_index,0.4282923427366529,26.821290969848633,nn,log_kcat_value
43,linear_instability_index,0.0,32.27096939086914,nn,log_kcat_value
44,linear_instability_index,0.0,33.936622619628906,nn,log_kcat_value
45,linear_instability_index,0.0,50.93901443481445,nn,log_kcat_value
46,linear_instability_index,0.2784198290535353,45.46780776977539,nn,log_kcat_value
47,linear_instability_index,0.0,32.34833908081055,nn,log_kcat_value
48,linear_instability_index,-0.18326208363498436,50.29576873779297,nn,log_kcat_value
49,linear_instability_index,-0.30663401135557516,43.838287353515625,nn,log_kcat_value
50,linear_instability_index,0.648607230138248,18.041454315185547,nn,log_kcat_value
51,linear_instability_index,-0.12200048022950723,36.25592041015625,nn,log_kcat_value
52,linear_instability_index,-0.12856495408249735,32.6473503112793,nn,log_kcat_value
53,linear_instability_index,-0.2951032855477852,46.05450439453125,nn,log_kcat_value
54,linear_instability_index,0.0,38.49864196777344,nn,log_kcat_value
55,linear_instability_index,0.24242395818082624,21.893470764160156,nn,log_kcat_value
56,linear_instability_index,0.0,29.977210998535156,nn,log_kcat_value
57,linear_instability_index,0.0,39.8644905090332,nn,log_kcat_value
58,linear_instability_index,0.0,43.14975357055664,nn,log_kcat_value
59,linear_instability_index,-0.2249041530397332,47.2415657043457,nn,log_kcat_value
60,linear_instability_index,-0.2934991567138791,28.26448631286621,nn,log_kcat_value
61,linear_instability_index,0.16767719664918654,33.99927520751953,nn,log_kcat_value
62,linear_instability_index,0.18187429126020738,37.77802658081055,nn,log_kcat_value
63,linear_instability_index,-0.8132764746995506,49.12841796875,nn,log_kcat_value
64,linear_instability_index,0.3703932408249752,50.57514572143555,nn,log_kcat_value
65,linear_instability_index,0.2961767089517852,34.1793098449707,nn,log_kcat_value
66,linear_instability_index,-0.1618629895699793,32.57682800292969,nn,log_kcat_value
67,linear_instability_index,0.0,22.448488235473633,nn,log_kcat_value
68,linear_instability_index,-0.4567667038494483,47.34210205078125,nn,log_kcat_value
69,linear_instability_index,0.25134480630844946,39.192256927490234,nn,log_kcat_value
70,linear_instability_index,0.0,33.54400634765625,nn,log_kcat_value
71,linear_instability_index,-0.22836688350288745,38.735145568847656,nn,log_kcat_value
72,linear_instability_index,-0.1532843239511188,31.679443359375,nn,log_kcat_value
73,linear_instability_index,0.0,24.524917602539062,nn,log_kcat_value
74,linear_instability_index,0.0,36.70687484741211,nn,log_kcat_value
75,linear_instability_index,0.0,40.049713134765625,nn,log_kcat_value
76,linear_instability_index,-1.1203349362263635,57.29707336425781,nn,log_kcat_value
77,linear_instability_index,0.0,34.78888702392578,nn,log_kcat_value
78,linear_instability_index,-0.20641973023953197,34.24253845214844,nn,log_kcat_value
79,linear_instability_index,0.0,26.673736572265625,nn,log_kcat_value
80,linear_instability_index,1.2666783032391593,25.816452026367188,nn,log_kcat_value
81,linear_instability_index,0.7920448332909592,29.386295318603516,nn,log_kcat_value
82,linear_instability_index,0.2461299904487423,34.13729476928711,nn,log_kcat_value
83,linear_instability_index,1.090097078327535,22.016265869140625,nn,log_kcat_value
84,linear_instability_index,0.7618124486855856,29.49570655822754,nn,log_kcat_value
85,linear_instability_index,-0.3925317151094915,49.28059768676758,nn,log_kcat_value
86,linear_instability_index,0.0,28.227203369140625,nn,log_kcat_value
87,linear_instability_index,-0.9689489630972562,52.226505279541016,nn,log_kcat_value
88,linear_instability_index,0.0,36.974185943603516,nn,log_kcat_value
89,linear_instability_index,0.22397441456953593,35.23027420043945,nn,log_kcat_value
90,linear_instability_index,-0.48676001485813974,40.87767028808594,nn,log_kcat_value
91,linear_instability_index,0.1704194068936039,37.77802658081055,nn,log_kcat_value
92,linear_instability_index,0.20172092090687244,33.57646942138672,nn,log_kcat_value
93,linear_instability_index,0.0,51.38637161254883,nn,log_kcat_value
94,linear_instability_index,-0.09279125084440669,35.220970153808594,nn,log_kcat_value
95,linear_instability_index,-0.8338272000757999,43.26369857788086,nn,log_kcat_value
96,linear_instability_index,0.20483044287899457,33.91324996948242,nn,log_kcat_value
97,linear_instability_index,-0.3090832183833556,42.40099334716797,nn,log_kcat_value
98,linear_instability_index,0.0,37.09735870361328,nn,log_kcat_value
99,linear_instability_index,-0.15246059628876374,40.579246520996094,nn,log_kcat_value
0,linear_pH_value,0.26702978545591866,8.0,nn,log_km_value
1,linear_pH_value,0.0,7.0,nn,log_km_value
2,linear_pH_value,0.0,7.5,nn,log_km_value
3,linear_pH_value,-0.19053011866684402,7.5,nn,log_km_value
4,linear_pH_value,0.0,7.0,nn,log_km_value
5,linear_pH_value,0.55254477134938,6.5,nn,log_km_value
6,linear_pH_value,0.0,8.0,nn,log_km_value
7,linear_pH_value,0.0,7.5,nn,log_km_value
8,linear_pH_value,0.0,7.4,nn,log_km_value
9,linear_pH_value,1.8880709182627602,9.5,nn,log_km_value
10,linear_pH_value,0.2566321375663973,7.8,nn,log_km_value
11,linear_pH_value,-0.29312210657153387,7.0,nn,log_km_value
12,linear_pH_value,-0.12056266182601831,7.5,nn,log_km_value
13,linear_pH_value,0.0,7.5,nn,log_km_value
14,linear_pH_value,0.33411550667980344,8.0,nn,log_km_value
15,linear_pH_value,-0.0946358615620455,7.3,nn,log_km_value
16,linear_pH_value,1.1047331435206689,9.0,nn,log_km_value
17,linear_pH_value,0.0,7.3,nn,log_km_value
18,linear_pH_value,0.08083863273499903,7.0,nn,log_km_value
19,linear_pH_value,0.0,7.0,nn,log_km_value
20,linear_pH_value,0.19629844270407168,7.0,nn,log_km_value
21,linear_pH_value,0.0,7.2,nn,log_km_value
22,linear_pH_value,0.25595085498539133,4.5,nn,log_km_value
23,linear_pH_value,0.0,6.0,nn,log_km_value
24,linear_pH_value,0.0,7.5,nn,log_km_value
25,linear_pH_value,0.0,8.0,nn,log_km_value
26,linear_pH_value,0.0,7.0,nn,log_km_value
27,linear_pH_value,-0.75139390113506,8.0,nn,log_km_value
28,linear_pH_value,0.0,7.4,nn,log_km_value
29,linear_pH_value,0.28028200745593074,8.0,nn,log_km_value
30,linear_pH_value,-0.1457000604210123,5.75,nn,log_km_value
31,linear_pH_value,0.0,7.0,nn,log_km_value
32,linear_pH_value,0.4126063396140975,9.25,nn,log_km_value
33,linear_pH_value,0.0,7.0,nn,log_km_value
34,linear_pH_value,0.0,7.0,nn,log_km_value
35,linear_pH_value,1.214155627178993,9.2,nn,log_km_value
36,linear_pH_value,-0.15322319022777497,7.5,nn,log_km_value
37,linear_pH_value,0.0,7.5,nn,log_km_value
38,linear_pH_value,0.23141979515579492,8.0,nn,log_km_value
39,linear_pH_value,0.0,7.0,nn,log_km_value
40,linear_pH_value,0.0,7.4,nn,log_km_value
41,linear_pH_value,-0.25223011611626606,7.4,nn,log_km_value
42,linear_pH_value,0.7835322929313054,8.5,nn,log_km_value
43,linear_pH_value,-0.16715257201573852,7.0,nn,log_km_value
44,linear_pH_value,-0.4941542023257948,6.7,nn,log_km_value
45,linear_pH_value,-0.20368699016583988,8.0,nn,log_km_value
46,linear_pH_value,0.0,8.0,nn,log_km_value
47,linear_pH_value,0.0819387749881817,8.5,nn,log_km_value
48,linear_pH_value,0.0,7.5,nn,log_km_value
49,linear_pH_value,0.21707685402301344,8.0,nn,log_km_value
50,linear_pH_value,0.1805901694582026,7.0,nn,log_km_value
51,linear_pH_value,0.0,7.5,nn,log_km_value
52,linear_pH_value,-0.147432850940608,7.4,nn,log_km_value
53,linear_pH_value,-0.15056202410742747,7.4,nn,log_km_value
54,linear_pH_value,0.08866702074915782,7.8,nn,log_km_value
55,linear_pH_value,0.221196281821787,7.0,nn,log_km_value
56,linear_pH_value,1.4069846632435032,10.0,nn,log_km_value
57,linear_pH_value,0.0,7.1,nn,log_km_value
58,linear_pH_value,-0.11388447338910945,6.0,nn,log_km_value
59,linear_pH_value,-0.2793444837579762,7.4,nn,log_km_value
60,linear_pH_value,0.19039730237845562,8.0,nn,log_km_value
61,linear_pH_value,0.10472479558141387,8.0,nn,log_km_value
62,linear_pH_value,1.125190071017174,9.5,nn,log_km_value
63,linear_pH_value,0.2871823747701492,6.0,nn,log_km_value
64,linear_pH_value,0.39708989955193774,5.5,nn,log_km_value
65,linear_pH_value,-0.13046006458536452,8.0,nn,log_km_value
66,linear_pH_value,0.0,7.4,nn,log_km_value
67,linear_pH_value,0.0,6.5,nn,log_km_value
68,linear_pH_value,0.0,7.0,nn,log_km_value
69,linear_pH_value,0.1647562086951435,7.4,nn,log_km_value
70,linear_pH_value,0.0,7.5,nn,log_km_value
71,linear_pH_value,0.06217844713685006,7.6,nn,log_km_value
72,linear_pH_value,-0.15331021868237388,7.4,nn,log_km_value
73,linear_pH_value,0.0,8.0,nn,log_km_value
74,linear_pH_value,-0.1355527986056516,7.4,nn,log_km_value
75,linear_pH_value,0.0,8.0,nn,log_km_value
76,linear_pH_value,0.0,7.5,nn,log_km_value
77,linear_pH_value,0.0,6.5,nn,log_km_value
78,linear_pH_value,0.0,7.5,nn,log_km_value
79,linear_pH_value,-0.7338381794335084,6.1,nn,log_km_value
80,linear_pH_value,0.0,7.5,nn,log_km_value
81,linear_pH_value,0.0,6.0,nn,log_km_value
82,linear_pH_value,0.0,7.0,nn,log_km_value
83,linear_pH_value,0.0,7.5,nn,log_km_value
84,linear_pH_value,0.2622060905582006,8.0,nn,log_km_value
85,linear_pH_value,0.13186454424814098,7.5,nn,log_km_value
86,linear_pH_value,0.0,8.0,nn,log_km_value
87,linear_pH_value,0.5285627103694531,8.0,nn,log_km_value
88,linear_pH_value,0.0,8.0,nn,log_km_value
89,linear_pH_value,0.1657817714136988,7.5,nn,log_km_value
90,linear_pH_value,0.0,7.4,nn,log_km_value
91,linear_pH_value,1.1172362134638167,9.5,nn,log_km_value
92,linear_pH_value,0.0,7.6,nn,log_km_value
93,linear_pH_value,0.0,7.2,nn,log_km_value
94,linear_pH_value,0.1289938619380031,7.4,nn,log_km_value
95,linear_pH_value,0.0,7.4,nn,log_km_value
96,linear_pH_value,0.0,7.5,nn,log_km_value
97,linear_pH_value,0.0,7.4,nn,log_km_value
98,linear_pH_value,0.0,7.2,nn,log_km_value
99,linear_pH_value,-0.15177874209700828,7.8,nn,log_km_value
0,linear_temperature_value,-0.21446996402561178,25.0,nn,log_km_value
1,linear_temperature_value,-0.11449330694973625,25.0,nn,log_km_value
2,linear_temperature_value,0.37460620630609176,37.0,nn,log_km_value
3,linear_temperature_value,0.0,30.0,nn,log_km_value
4,linear_temperature_value,0.23092045894371804,30.0,nn,log_km_value
5,linear_temperature_value,0.0,35.0,nn,log_km_value
6,linear_temperature_value,0.392816729168588,45.0,nn,log_km_value
7,linear_temperature_value,0.0,25.0,nn,log_km_value
8,linear_temperature_value,0.0,25.0,nn,log_km_value
9,linear_temperature_value,0.1597488194582839,25.0,nn,log_km_value
10,linear_temperature_value,0.08982724918772642,25.0,nn,log_km_value
11,linear_temperature_value,-0.21279417821930754,22.0,nn,log_km_value
12,linear_temperature_value,0.0,37.0,nn,log_km_value
13,linear_temperature_value,-0.2740566887762621,24.0,nn,log_km_value
14,linear_temperature_value,0.0,25.0,nn,log_km_value
15,linear_temperature_value,-0.10972120897395628,24.0,nn,log_km_value
16,linear_temperature_value,0.0,24.0,nn,log_km_value
17,linear_temperature_value,0.320227325936212,37.0,nn,log_km_value
18,linear_temperature_value,-0.40612235137037933,23.0,nn,log_km_value
19,linear_temperature_value,0.0,30.0,nn,log_km_value
20,linear_temperature_value,0.33104654626366903,37.0,nn,log_km_value
21,linear_temperature_value,0.0,23.0,nn,log_km_value
22,linear_temperature_value,0.0,37.0,nn,log_km_value
23,linear_temperature_value,0.5965372993328459,30.0,nn,log_km_value
24,linear_temperature_value,-0.1493141860245227,25.0,nn,log_km_value
25,linear_temperature_value,0.8255915169768214,37.0,nn,log_km_value
26,linear_temperature_value,0.0,25.0,nn,log_km_value
27,linear_temperature_value,-0.2844848617534179,37.0,nn,log_km_value
28,linear_temperature_value,-0.2746814629553165,24.0,nn,log_km_value
29,linear_temperature_value,0.10744813579166647,37.0,nn,log_km_value
30,linear_temperature_value,0.0,37.0,nn,log_km_value
31,linear_temperature_value,0.2585916873971837,37.0,nn,log_km_value
32,linear_temperature_value,0.45470523945508856,37.0,nn,log_km_value
33,linear_temperature_value,-1.0067527682713802,15.0,nn,log_km_value
34,linear_temperature_value,0.0,25.0,nn,log_km_value
35,linear_temperature_value,0.09425252307937759,25.0,nn,log_km_value
36,linear_temperature_value,-0.2702596156651249,36.85000000000002,nn,log_km_value
37,linear_temperature_value,0.7390656179634915,37.0,nn,log_km_value
38,linear_temperature_value,0.19614859179246133,37.0,nn,log_km_value
39,linear_temperature_value,-0.15627366089713757,30.0,nn,log_km_value
40,linear_temperature_value,0.0,30.0,nn,log_km_value
41,linear_temperature_value,0.0,37.0,nn,log_km_value
42,linear_temperature_value,0.0,25.0,nn,log_km_value
43,linear_temperature_value,0.20077258783180177,28.0,nn,log_km_value
44,linear_temperature_value,-0.8514983488982152,22.0,nn,log_km_value
45,linear_temperature_value,0.0,30.0,nn,log_km_value
46,linear_temperature_value,-0.21311812258817817,30.0,nn,log_km_value
47,linear_temperature_value,-0.12966137961094718,35.0,nn,log_km_value
48,linear_temperature_value,-0.44145833070055723,37.0,nn,log_km_value
49,linear_temperature_value,0.07720311884546138,25.0,nn,log_km_value
50,linear_temperature_value,0.2710391895861926,37.0,nn,log_km_value
51,linear_temperature_value,0.3124379072738009,32.0,nn,log_km_value
52,linear_temperature_value,-0.10856719181024396,25.0,nn,log_km_value
53,linear_temperature_value,0.0,30.0,nn,log_km_value
54,linear_temperature_value,0.07650769489783427,32.0,nn,log_km_value
55,linear_temperature_value,0.1500991950105932,25.0,nn,log_km_value
56,linear_temperature_value,0.0,25.0,nn,log_km_value
57,linear_temperature_value,0.19701090136582478,30.0,nn,log_km_value
58,linear_temperature_value,0.0,55.0,nn,log_km_value
59,linear_temperature_value,0.0,25.0,nn,log_km_value
60,linear_temperature_value,0.0,30.0,nn,log_km_value
61,linear_temperature_value,0.11364531655325803,37.0,nn,log_km_value
62,linear_temperature_value,0.0,30.0,nn,log_km_value
63,linear_temperature_value,-0.48454726838182716,37.0,nn,log_km_value
64,linear_temperature_value,0.206626353050834,20.0,nn,log_km_value
65,linear_temperature_value,0.20527928084796002,30.0,nn,log_km_value
66,linear_temperature_value,-0.4883860793695493,22.5,nn,log_km_value
67,linear_temperature_value,0.0,30.0,nn,log_km_value
68,linear_temperature_value,0.26973949668349156,37.0,nn,log_km_value
69,linear_temperature_value,0.20979751445379044,30.0,nn,log_km_value
70,linear_temperature_value,0.0,37.0,nn,log_km_value
71,linear_temperature_value,0.0,25.0,nn,log_km_value
72,linear_temperature_value,0.0,20.0,nn,log_km_value
73,linear_temperature_value,0.0,30.0,nn,log_km_value
74,linear_temperature_value,-0.14295100416863696,25.0,nn,log_km_value
75,linear_temperature_value,-0.24769685699889932,25.0,nn,log_km_value
76,linear_temperature_value,0.0,25.0,nn,log_km_value
77,linear_temperature_value,-0.15065887548948653,55.0,nn,log_km_value
78,linear_temperature_value,0.21539261120188122,30.0,nn,log_km_value
79,linear_temperature_value,0.0,37.0,nn,log_km_value
80,linear_temperature_value,0.0,25.0,nn,log_km_value
81,linear_temperature_value,0.13091990205476023,40.0,nn,log_km_value
82,linear_temperature_value,-0.3105791956721156,20.0,nn,log_km_value
83,linear_temperature_value,0.0,37.0,nn,log_km_value
84,linear_temperature_value,0.0,25.0,nn,log_km_value
85,linear_temperature_value,1.7598126739156037,70.0,nn,log_km_value
86,linear_temperature_value,0.18597158922429247,25.0,nn,log_km_value
87,linear_temperature_value,0.0,37.0,nn,log_km_value
88,linear_temperature_value,0.0,25.0,nn,log_km_value
89,linear_temperature_value,0.07828091837291762,37.0,nn,log_km_value
90,linear_temperature_value,-0.15578675891786384,37.0,nn,log_km_value
91,linear_temperature_value,0.0,30.0,nn,log_km_value
92,linear_temperature_value,0.3350432740236893,37.0,nn,log_km_value
93,linear_temperature_value,-0.22502400483241997,37.0,nn,log_km_value
94,linear_temperature_value,0.3313684560145037,30.0,nn,log_km_value
95,linear_temperature_value,-0.3596676259782047,37.0,nn,log_km_value
96,linear_temperature_value,0.5664566036861094,37.0,nn,log_km_value
97,linear_temperature_value,-0.23834553486610252,37.0,nn,log_km_value
98,linear_temperature_value,0.0,25.0,nn,log_km_value
99,linear_temperature_value,-0.7495029886394445,15.0,nn,log_km_value
0,log_mol_wt,-0.8842119161178486,6.731916427612305,nn,log_km_value
1,log_mol_wt,0.12282736630015988,5.707943916320801,nn,log_km_value
2,log_mol_wt,-1.5710952599214256,6.190985202789307,nn,log_km_value
3,log_mol_wt,-0.26610112771279465,5.8562517166137695,nn,log_km_value
4,log_mol_wt,-0.8288703682362265,6.500457286834717,nn,log_km_value
5,log_mol_wt,0.26542377271677536,5.329045295715332,nn,log_km_value
6,log_mol_wt,-0.37653169973675615,6.069307327270508,nn,log_km_value
7,log_mol_wt,1.3304780618824479,3.785393476486206,nn,log_km_value
8,log_mol_wt,1.2881417101052304,4.891123294830322,nn,log_km_value
9,log_mol_wt,-2.2589754085165366,6.498941421508789,nn,log_km_value
10,log_mol_wt,0.4531375753987351,5.124207973480225,nn,log_km_value
11,log_mol_wt,-0.34712865884764704,5.849969863891602,nn,log_km_value
12,log_mol_wt,0.0,5.5057053565979,nn,log_km_value
13,log_mol_wt,-1.1288139031381905,6.540703773498535,nn,log_km_value
14,log_mol_wt,-0.4404437227788474,5.821132659912109,nn,log_km_value
15,log_mol_wt,1.3690112084643984,4.728201866149902,nn,log_km_value
16,log_mol_wt,1.853785553317556,4.710214614868164,nn,log_km_value
17,log_mol_wt,0.5391042475232987,4.805061340332031,nn,log_km_value
18,log_mol_wt,0.7505638746272687,5.193823337554932,nn,log_km_value
19,log_mol_wt,2.4917909653782435,7.222805500030518,nn,log_km_value
20,log_mol_wt,0.31911385406609155,5.018080711364746,nn,log_km_value
21,log_mol_wt,0.7782627866529085,4.941864013671875,nn,log_km_value
22,log_mol_wt,-0.8268060434712652,6.014785289764404,nn,log_km_value
23,log_mol_wt,-0.8040770753977792,6.180339813232422,nn,log_km_value
24,log_mol_wt,-0.3442563575620155,6.533179759979248,nn,log_km_value
25,log_mol_wt,-3.2551443912030034,6.898574352264404,nn,log_km_value
26,log_mol_wt,-1.8344054182901348,6.500457286834717,nn,log_km_value
27,log_mol_wt,0.5930164014521402,6.263158321380615,nn,log_km_value
28,log_mol_wt,0.6825777390551556,5.133248329162598,nn,log_km_value
29,log_mol_wt,0.3651806620318224,5.1071085929870605,nn,log_km_value
30,log_mol_wt,-0.6952425225085244,6.504038333892822,nn,log_km_value
31,log_mol_wt,0.8055161906442698,3.4974162578582764,nn,log_km_value
32,log_mol_wt,-2.6572059107910393,6.267428398132324,nn,log_km_value
33,log_mol_wt,-2.0111362338868264,6.613954544067383,nn,log_km_value
34,log_mol_wt,-1.314275270001953,6.613954544067383,nn,log_km_value
35,log_mol_wt,0.0,6.498941421508789,nn,log_km_value
36,log_mol_wt,0.3989933372487728,5.2737531661987305,nn,log_km_value
37,log_mol_wt,-0.6806579605749805,6.259927749633789,nn,log_km_value
38,log_mol_wt,-0.4905642981219572,6.326718330383301,nn,log_km_value
39,log_mol_wt,0.9045085671095351,4.022580146789551,nn,log_km_value
40,log_mol_wt,2.4296460082123774,4.076401233673096,nn,log_km_value
41,log_mol_wt,-0.17364881317249714,5.830177307128906,nn,log_km_value
42,log_mol_wt,0.0,5.40387487411499,nn,log_km_value
43,log_mol_wt,-2.553296900842315,6.613954544067383,nn,log_km_value
44,log_mol_wt,-0.7784392206914781,6.259927749633789,nn,log_km_value
45,log_mol_wt,1.1962158128669065,4.85970401763916,nn,log_km_value
46,log_mol_wt,-0.3082019880026036,5.656826972961426,nn,log_km_value
47,log_mol_wt,0.513281292708193,4.853708744049072,nn,log_km_value
48,log_mol_wt,0.9451861828887715,4.837193965911865,nn,log_km_value
49,log_mol_wt,0.8148382757485519,5.311001777648926,nn,log_km_value
50,log_mol_wt,0.6452129702961507,4.673874855041504,nn,log_km_value
51,log_mol_wt,0.0,5.588165760040283,nn,log_km_value
52,log_mol_wt,0.0,5.5612006187438965,nn,log_km_value
53,log_mol_wt,0.0,5.624988079071045,nn,log_km_value
54,log_mol_wt,0.8596793638167081,5.136133670806885,nn,log_km_value
55,log_mol_wt,0.0,5.8562517166137695,nn,log_km_value
56,log_mol_wt,-2.703829137135558,6.612601280212402,nn,log_km_value
57,log_mol_wt,0.5272550585401847,5.5612006187438965,nn,log_km_value
58,log_mol_wt,0.9721211107053974,4.837162494659424,nn,log_km_value
59,log_mol_wt,-0.1823498594212809,5.730693817138672,nn,log_km_value
60,log_mol_wt,0.6388049801944744,4.9846062660217285,nn,log_km_value
61,log_mol_wt,1.7237606146153717,4.6256489753723145,nn,log_km_value
62,log_mol_wt,-2.423589944247254,6.498941421508789,nn,log_km_value
63,log_mol_wt,0.0,5.210633277893066,nn,log_km_value
64,log_mol_wt,0.0,5.41232442855835,nn,log_km_value
65,log_mol_wt,1.9477472741733217,4.489692211151123,nn,log_km_value
66,log_mol_wt,-0.8045356256843771,6.500457286834717,nn,log_km_value
67,log_mol_wt,-0.837898358010656,7.462864875793457,nn,log_km_value
68,log_mol_wt,-2.102086353017875,6.6965131759643555,nn,log_km_value
69,log_mol_wt,2.119477243723387,4.883339881896973,nn,log_km_value
70,log_mol_wt,0.39476354972917765,5.1883463859558105,nn,log_km_value
71,log_mol_wt,0.6158102023500684,5.407664775848389,nn,log_km_value
72,log_mol_wt,-0.35112656677691206,5.591841220855713,nn,log_km_value
73,log_mol_wt,1.93701180096591,4.754210472106934,nn,log_km_value
74,log_mol_wt,0.0,5.678338050842285,nn,log_km_value
75,log_mol_wt,0.0,5.5612006187438965,nn,log_km_value
76,log_mol_wt,-2.263904520488101,6.500457286834717,nn,log_km_value
77,log_mol_wt,0.8543067351329758,4.501164436340332,nn,log_km_value
78,log_mol_wt,0.11213190689039623,5.421349048614502,nn,log_km_value
79,log_mol_wt,-0.9564268047365209,6.788968563079834,nn,log_km_value
80,log_mol_wt,0.35269905823825576,5.957556247711182,nn,log_km_value
81,log_mol_wt,0.8160652951652184,5.193823337554932,nn,log_km_value
82,log_mol_wt,-0.7631543548251405,6.029299736022949,nn,log_km_value
83,log_mol_wt,0.28633554836838016,4.9846062660217285,nn,log_km_value
84,log_mol_wt,0.7606167091241458,4.891123294830322,nn,log_km_value
85,log_mol_wt,-1.2153584409185563,6.498941421508789,nn,log_km_value
86,log_mol_wt,0.41351475097667617,5.193823337554932,nn,log_km_value
87,log_mol_wt,-0.6782438871350991,6.228869915008545,nn,log_km_value
88,log_mol_wt,0.6996507590044553,4.948894500732422,nn,log_km_value
89,log_mol_wt,1.1067181873449286,5.252765655517578,nn,log_km_value
90,log_mol_wt,0.06414639555249213,6.180093288421631,nn,log_km_value
91,log_mol_wt,-2.4023242445456954,6.498941421508789,nn,log_km_value
92,log_mol_wt,-1.5345163949460114,6.228869915008545,nn,log_km_value
93,log_mol_wt,0.957191420092473,4.991316795349121,nn,log_km_value
94,log_mol_wt,0.0,5.913881301879883,nn,log_km_value
95,log_mol_wt,-0.35111185566484643,5.681434631347656,nn,log_km_value
96,log_mol_wt,-0.6736512862224742,6.0572590827941895,nn,log_km_value
97,log_mol_wt,1.1535549036511668,4.9423136711120605,nn,log_km_value
98,log_mol_wt,-0.4353398327895668,5.714913845062256,nn,log_km_value
99,log_mol_wt,0.0,6.094517230987549,nn,log_km_value
0,linear_log_p,-0.6176892744752887,1.738700032234192,nn,log_km_value
1,linear_log_p,0.21429768459078674,-1.2265000343322754,nn,log_km_value
2,linear_log_p,0.3806522652788742,-2.2304999828338623,nn,log_km_value
3,linear_log_p,-0.31890383145602913,0.3181000053882599,nn,log_km_value
4,linear_log_p,0.4548467209815953,-2.6863999366760254,nn,log_km_value
5,linear_log_p,-0.7286967907010404,1.7513999938964844,nn,log_km_value
6,linear_log_p,-0.18916453386153956,0.04989999905228615,nn,log_km_value
7,linear_log_p,-0.4760358293872408,0.20520000159740448,nn,log_km_value
8,linear_log_p,0.6183569813326592,-1.1269999742507935,nn,log_km_value
9,linear_log_p,0.4723026552968249,-3.015899896621704,nn,log_km_value
10,linear_log_p,0.0,-0.3059999942779541,nn,log_km_value
11,linear_log_p,0.4433315774358702,-1.8630000352859497,nn,log_km_value
12,linear_log_p,-0.4813957876710147,1.1789000034332275,nn,log_km_value
13,linear_log_p,-0.7735889096405927,1.1518199443817139,nn,log_km_value
14,linear_log_p,0.7262378706964064,-2.452899932861328,nn,log_km_value
15,linear_log_p,-0.08352161662038604,-0.49880000948905945,nn,log_km_value
16,linear_log_p,0.0,-1.6713000535964966,nn,log_km_value
17,linear_log_p,-0.5259970563471381,0.18050000071525574,nn,log_km_value
18,linear_log_p,1.3137780998680846,-3.221400022506714,nn,log_km_value
19,linear_log_p,-1.6605040210159814,5.2357401847839355,nn,log_km_value
20,linear_log_p,-1.20823828565788,1.4072999954223633,nn,log_km_value
21,linear_log_p,-0.15095440058531215,-0.3578000068664551,nn,log_km_value
22,linear_log_p,0.07515622210747752,-1.1049000024795532,nn,log_km_value
23,linear_log_p,0.6075319481215814,-2.2119998931884766,nn,log_km_value
24,linear_log_p,-0.6741288354433831,3.172600030899048,nn,log_km_value
25,linear_log_p,2.554813214781104,-14.257800102233887,nn,log_km_value
26,linear_log_p,0.5208663727430292,-2.6863999366760254,nn,log_km_value
27,linear_log_p,-4.593244704168121,11.542499542236328,nn,log_km_value
28,linear_log_p,-1.3418417928978348,1.7745000123977661,nn,log_km_value
29,linear_log_p,0.0,0.640999972820282,nn,log_km_value
30,linear_log_p,-0.8737882215183751,1.9493000507354736,nn,log_km_value
31,linear_log_p,-0.12830406752554802,-0.6657000184059143,nn,log_km_value
32,linear_log_p,0.0,-9.468000411987305,nn,log_km_value
33,linear_log_p,0.0,-2.5694000720977783,nn,log_km_value
34,linear_log_p,0.7304334054804551,-2.5694000720977783,nn,log_km_value
35,linear_log_p,0.3942733570219196,-3.015899896621704,nn,log_km_value
36,linear_log_p,2.5517870690847415,-4.8277997970581055,nn,log_km_value
37,linear_log_p,0.7548411027256163,-2.335700035095215,nn,log_km_value
38,linear_log_p,0.6294240326538997,-3.2827000617980957,nn,log_km_value
39,linear_log_p,-0.22405764829838895,-0.0024999999441206455,nn,log_km_value
40,linear_log_p,-0.28605190932758484,-0.0024999999441206455,nn,log_km_value
41,linear_log_p,-0.9639781439680111,5.349999904632568,nn,log_km_value
42,linear_log_p,0.22175444726626145,-1.066499948501587,nn,log_km_value
43,linear_log_p,0.0,-2.5694000720977783,nn,log_km_value
44,linear_log_p,0.464723321518914,-2.335700035095215,nn,log_km_value
45,linear_log_p,-0.5906891065366445,0.8248999714851379,nn,log_km_value
46,linear_log_p,-1.269881478455567,2.282399892807007,nn,log_km_value
47,linear_log_p,-1.2312272231463637,2.545799970626831,nn,log_km_value
48,linear_log_p,0.3668304935647415,-0.6283800005912781,nn,log_km_value
49,linear_log_p,0.23502811550275443,2.156399965286255,nn,log_km_value
50,linear_log_p,-0.964314059395665,0.89410001039505,nn,log_km_value
51,linear_log_p,0.6181667024135166,-1.9800000190734863,nn,log_km_value
52,linear_log_p,1.3172284686212312,-3.1043999195098877,nn,log_km_value
53,linear_log_p,0.22255713238269098,1.145799994468689,nn,log_km_value
54,linear_log_p,0.6307217128123962,-1.344499945640564,nn,log_km_value
55,linear_log_p,0.0,0.3181000053882599,nn,log_km_value
56,linear_log_p,0.7266735263427979,-2.898900032043457,nn,log_km_value
57,linear_log_p,1.4833019814844322,-3.1043999195098877,nn,log_km_value
58,linear_log_p,-0.6437520515607824,0.8033999800682068,nn,log_km_value
59,linear_log_p,0.0,-1.7057000398635864,nn,log_km_value
60,linear_log_p,0.6096221232157067,-1.3361999988555908,nn,log_km_value
61,linear_log_p,0.8696145755108935,-2.3882999420166016,nn,log_km_value
62,linear_log_p,0.5045053485143144,-3.015899896621704,nn,log_km_value
63,linear_log_p,-1.1691829327100247,2.3125998973846436,nn,log_km_value
64,linear_log_p,-0.6110294461319988,2.311300039291382,nn,log_km_value
65,linear_log_p,0.0,-0.5817999839782715,nn,log_km_value
66,linear_log_p,0.6801808048222918,-2.6863999366760254,nn,log_km_value
67,linear_log_p,-1.6847687260985202,11.403169631958008,nn,log_km_value
68,linear_log_p,0.2219949162564076,-1.3154000043869019,nn,log_km_value
69,linear_log_p,1.2429047709596277,-3.7627999782562256,nn,log_km_value
70,linear_log_p,1.673858251314611,-3.255000114440918,nn,log_km_value
71,linear_log_p,-1.480229907048351,2.80649995803833,nn,log_km_value
72,linear_log_p,0.8526248858049624,-2.268899917602539,nn,log_km_value
73,linear_log_p,0.2825312549302206,-2.733599901199341,nn,log_km_value
74,linear_log_p,-2.2477963495610047,3.7509000301361084,nn,log_km_value
75,linear_log_p,0.8376674636749519,-3.1043999195098877,nn,log_km_value
76,linear_log_p,0.4157263460203811,-2.6863999366760254,nn,log_km_value
77,linear_log_p,-0.2522055968159515,-0.25200000405311584,nn,log_km_value
78,linear_log_p,0.0,-0.41190001368522644,nn,log_km_value
79,linear_log_p,-0.9553537961302786,2.3472700119018555,nn,log_km_value
80,linear_log_p,-2.5069829988907264,7.388700008392334,nn,log_km_value
81,linear_log_p,1.2140347233137854,-3.221400022506714,nn,log_km_value
82,linear_log_p,0.2563412370711908,-1.129699945449829,nn,log_km_value
83,linear_log_p,0.6757255614230662,-1.3361999988555908,nn,log_km_value
84,linear_log_p,0.3328293176948028,-1.1269999742507935,nn,log_km_value
85,linear_log_p,1.1078443657214054,-3.015899896621704,nn,log_km_value
86,linear_log_p,1.8218916339474123,-3.221400022506714,nn,log_km_value
87,linear_log_p,0.4078965388514039,-1.628999948501587,nn,log_km_value
88,linear_log_p,0.3097722157958527,-0.8256000280380249,nn,log_km_value
89,linear_log_p,3.1633941059683646,-9.398300170898438,nn,log_km_value
90,linear_log_p,-1.2656959450709193,5.662099838256836,nn,log_km_value
91,linear_log_p,0.4580452554806596,-3.015899896621704,nn,log_km_value
92,linear_log_p,0.22136583514800987,-1.628999948501587,nn,log_km_value
93,linear_log_p,0.0,-0.7368999719619751,nn,log_km_value
94,linear_log_p,1.445962830917546,-3.7822999954223633,nn,log_km_value
95,linear_log_p,-0.35431893595699,2.6793999671936035,nn,log_km_value
96,linear_log_p,0.6723009551204338,-1.746000051498413,nn,log_km_value
97,linear_log_p,-1.0075331617633394,2.2037999629974365,nn,log_km_value
98,linear_log_p,-0.9361026014401527,1.8676999807357788,nn,log_km_value
99,linear_log_p,-0.11609518300292701,0.009999999776482582,nn,log_km_value
0,log1p_tpsa,0.0,5.689615726470947,nn,log_km_value
1,log1p_tpsa,0.0,4.966474533081055,nn,log_km_value
2,log1p_tpsa,-1.715838981268372,5.37860631942749,nn,log_km_value
3,log1p_tpsa,-0.3099941357889017,4.733827114105225,nn,log_km_value
4,log1p_tpsa,-1.9033310467276765,5.763998985290527,nn,log_km_value
5,log1p_tpsa,0.8314686927607898,3.7925634384155273,nn,log_km_value
6,log1p_tpsa,-0.3961995973198034,5.141955852508545,nn,log_km_value
7,log1p_tpsa,1.5771208009283195,2.8942530155181885,nn,log_km_value
8,log1p_tpsa,0.3331270118122126,4.621240615844727,nn,log_km_value
9,log1p_tpsa,-1.4842395461424436,5.766005992889404,nn,log_km_value
10,log1p_tpsa,0.6911037732561605,4.654531478881836,nn,log_km_value
11,log1p_tpsa,-1.2170521216103098,5.231482982635498,nn,log_km_value
12,log1p_tpsa,-0.35319168565828696,4.738739013671875,nn,log_km_value
13,log1p_tpsa,-1.066440515311007,5.522819995880127,nn,log_km_value
14,log1p_tpsa,-0.871277387804219,5.193234443664551,nn,log_km_value
15,log1p_tpsa,0.0,4.116758346557617,nn,log_km_value
16,log1p_tpsa,0.23643438315209467,4.06388521194458,nn,log_km_value
17,log1p_tpsa,0.4768318874146609,4.042700290679932,nn,log_km_value
18,log1p_tpsa,0.7888696940571751,4.712947845458984,nn,log_km_value
19,log1p_tpsa,-1.9659716106119545,6.479016304016113,nn,log_km_value
20,log1p_tpsa,0.8708580992867826,4.1143107414245605,nn,log_km_value
21,log1p_tpsa,1.0502051976105096,4.440649509429932,nn,log_km_value
22,log1p_tpsa,-0.5907938779000986,5.11865234375,nn,log_km_value
23,log1p_tpsa,-2.2161813992630783,5.603667259216309,nn,log_km_value
24,log1p_tpsa,0.4886635040237003,5.702081203460693,nn,log_km_value
25,log1p_tpsa,-4.844827337294915,6.2441086769104,nn,log_km_value
26,log1p_tpsa,-1.3378604923312045,5.763998985290527,nn,log_km_value
27,log1p_tpsa,0.7731986205922287,3.306886672973633,nn,log_km_value
28,log1p_tpsa,1.7448147918504688,3.8501474857330322,nn,log_km_value
29,log1p_tpsa,0.6938298297682253,4.163870811462402,nn,log_km_value
30,log1p_tpsa,-1.1416366724725122,5.348582744598389,nn,log_km_value
31,log1p_tpsa,1.7561128711566465,3.855452537536621,nn,log_km_value
32,log1p_tpsa,-1.380672798817995,5.6243062019348145,nn,log_km_value
33,log1p_tpsa,-0.8149324303321034,5.900308132171631,nn,log_km_value
34,log1p_tpsa,-3.1921044878047207,5.900308132171631,nn,log_km_value
35,log1p_tpsa,-1.9042154036848595,5.766005992889404,nn,log_km_value
36,log1p_tpsa,-0.5195574142458635,4.957797050476074,nn,log_km_value
37,log1p_tpsa,-2.4472684857505254,5.704115867614746,nn,log_km_value
38,log1p_tpsa,-1.1004246046623969,5.67853307723999,nn,log_km_value
39,log1p_tpsa,1.3265690862315385,0.0,nn,log_km_value
40,log1p_tpsa,3.228209726139482,0.0,nn,log_km_value
41,log1p_tpsa,0.8096558271714709,3.6454498767852783,nn,log_km_value
42,log1p_tpsa,-0.19427240694852776,4.849213600158691,nn,log_km_value
43,log1p_tpsa,0.3811799318673762,5.900308132171631,nn,log_km_value
44,log1p_tpsa,-2.6768736430613136,5.704115867614746,nn,log_km_value
45,log1p_tpsa,2.1991119676347926,3.055415153503418,nn,log_km_value
46,log1p_tpsa,0.21351283296437396,4.719658851623535,nn,log_km_value
47,log1p_tpsa,0.21720141712157612,2.8942530155181885,nn,log_km_value
48,log1p_tpsa,2.1802854525979147,4.200504779815674,nn,log_km_value
49,log1p_tpsa,0.0,4.46912145614624,nn,log_km_value
50,log1p_tpsa,1.7795287060623897,3.4326961040496826,nn,log_km_value
51,log1p_tpsa,-0.5972568467455558,4.945492267608643,nn,log_km_value
52,log1p_tpsa,-1.0500813215209015,5.06202507019043,nn,log_km_value
53,log1p_tpsa,-0.27301949168615314,4.757204532623291,nn,log_km_value
54,log1p_tpsa,0.3893548044183713,4.654531478881836,nn,log_km_value
55,log1p_tpsa,0.0,4.733827114105225,nn,log_km_value
56,log1p_tpsa,-0.8484316625931854,5.902059555053711,nn,log_km_value
57,log1p_tpsa,-1.1307628073840197,5.06202507019043,nn,log_km_value
58,log1p_tpsa,1.4642820656112039,4.122121810913086,nn,log_km_value
59,log1p_tpsa,-0.65195438576376,5.024406909942627,nn,log_km_value
60,log1p_tpsa,0.48129064541021205,4.6766533851623535,nn,log_km_value
61,log1p_tpsa,0.5058034386592902,4.433432579040527,nn,log_km_value
62,log1p_tpsa,-1.8577814811660176,5.766005992889404,nn,log_km_value
63,log1p_tpsa,1.3734109784294695,3.4326961040496826,nn,log_km_value
64,log1p_tpsa,0.7553572628216327,4.215971946716309,nn,log_km_value
65,log1p_tpsa,1.114994051809747,4.163870811462402,nn,log_km_value
66,log1p_tpsa,-2.8611670427825064,5.763998985290527,nn,log_km_value
67,log1p_tpsa,0.25206515276307245,6.4251933097839355,nn,log_km_value
68,log1p_tpsa,-1.1232915233796945,5.89888334274292,nn,log_km_value
69,log1p_tpsa,0.48232184656870697,4.619960308074951,nn,log_km_value
70,log1p_tpsa,0.24465447776749633,4.763625621795654,nn,log_km_value
71,log1p_tpsa,1.4061918338498471,3.6454498767852783,nn,log_km_value
72,log1p_tpsa,-0.3413382889416021,4.901489734649658,nn,log_km_value
73,log1p_tpsa,0.6183495914437924,4.397654056549072,nn,log_km_value
74,log1p_tpsa,1.7130150475578532,3.724729061126709,nn,log_km_value
75,log1p_tpsa,-0.850644784713521,5.06202507019043,nn,log_km_value
76,log1p_tpsa,-0.22795547573232122,5.763998985290527,nn,log_km_value
77,log1p_tpsa,2.192805798515927,3.724729061126709,nn,log_km_value
78,log1p_tpsa,0.0,4.726502418518066,nn,log_km_value
79,log1p_tpsa,-1.4957903709679254,6.047277450561523,nn,log_km_value
80,log1p_tpsa,2.127447608407802,3.055415153503418,nn,log_km_value
81,log1p_tpsa,0.7269079360443336,4.712947845458984,nn,log_km_value
82,log1p_tpsa,-0.5157986677736864,5.178012371063232,nn,log_km_value
83,log1p_tpsa,0.09483315077458775,4.6766533851623535,nn,log_km_value
84,log1p_tpsa,0.5257074386350756,4.621240615844727,nn,log_km_value
85,log1p_tpsa,0.0,5.766005992889404,nn,log_km_value
86,log1p_tpsa,0.7120698888107891,4.712947845458984,nn,log_km_value
87,log1p_tpsa,-1.9285972726165108,5.63525390625,nn,log_km_value
88,log1p_tpsa,0.663417997367855,4.7081780433654785,nn,log_km_value
89,log1p_tpsa,0.5957840321007083,4.675442218780518,nn,log_km_value
90,log1p_tpsa,0.4130221151160941,4.163559436798096,nn,log_km_value
91,log1p_tpsa,-1.840788173548838,5.766005992889404,nn,log_km_value
92,log1p_tpsa,-2.3473320762938625,5.63525390625,nn,log_km_value
93,log1p_tpsa,-0.22050652736936494,4.621240615844727,nn,log_km_value
94,log1p_tpsa,-1.2021580067098923,5.448933124542236,nn,log_km_value
95,log1p_tpsa,0.9776596419184513,3.8336288928985596,nn,log_km_value
96,log1p_tpsa,-1.3674602535007416,5.453610420227051,nn,log_km_value
97,log1p_tpsa,0.9562210212252077,3.306886672973633,nn,log_km_value
98,log1p_tpsa,0.4647489327387732,4.040240287780762,nn,log_km_value
99,log1p_tpsa,-0.0944749512410139,5.360775470733643,nn,log_km_value
0,log1p_num_h_donors,-0.47293804475191065,2.3025851249694824,nn,log_km_value
1,log1p_num_h_donors,0.3148239100000109,1.6094379425048828,nn,log_km_value
2,log1p_num_h_donors,0.0,1.6094379425048828,nn,log_km_value
3,log1p_num_h_donors,0.10268776371951527,1.3862943649291992,nn,log_km_value
4,log1p_num_h_donors,-0.5023021067405461,2.1972246170043945,nn,log_km_value
5,log1p_num_h_donors,0.29033526185235276,0.0,nn,log_km_value
6,log1p_num_h_donors,-0.1750686422306103,1.945910096168518,nn,log_km_value
7,log1p_num_h_donors,-0.7823479502967811,0.0,nn,log_km_value
8,log1p_num_h_donors,0.25674025376794835,1.3862943649291992,nn,log_km_value
9,log1p_num_h_donors,0.5065839297570603,2.1972246170043945,nn,log_km_value
10,log1p_num_h_donors,0.3368912909092781,1.3862943649291992,nn,log_km_value
11,log1p_num_h_donors,0.0,1.7917594909667969,nn,log_km_value
12,log1p_num_h_donors,0.0,1.3862943649291992,nn,log_km_value
13,log1p_num_h_donors,-0.862730361112578,2.079441547393799,nn,log_km_value
14,log1p_num_h_donors,0.13407612922251388,1.945910096168518,nn,log_km_value
15,log1p_num_h_donors,-0.5382896015141462,0.6931471824645996,nn,log_km_value
16,log1p_num_h_donors,0.30094264472465465,0.0,nn,log_km_value
17,log1p_num_h_donors,0.0,0.6931471824645996,nn,log_km_value
18,log1p_num_h_donors,0.7171309659117598,1.7917594909667969,nn,log_km_value
19,log1p_num_h_donors,-1.8815656659506537,3.044522523880005,nn,log_km_value
20,log1p_num_h_donors,1.1853115604189697,0.0,nn,log_km_value
21,log1p_num_h_donors,0.0,1.0986123085021973,nn,log_km_value
22,log1p_num_h_donors,0.0,1.7917594909667969,nn,log_km_value
23,log1p_num_h_donors,0.0,2.079441547393799,nn,log_km_value
24,log1p_num_h_donors,-0.6497598314041902,2.1972246170043945,nn,log_km_value
25,log1p_num_h_donors,1.8204656865120958,3.044522523880005,nn,log_km_value
26,log1p_num_h_donors,-0.25248088424554777,2.1972246170043945,nn,log_km_value
27,log1p_num_h_donors,-0.6958171414817028,0.0,nn,log_km_value
28,log1p_num_h_donors,-0.595221749644428,0.6931471824645996,nn,log_km_value
29,log1p_num_h_donors,0.18849014366139794,1.0986123085021973,nn,log_km_value
30,log1p_num_h_donors,-0.3813538431391209,1.945910096168518,nn,log_km_value
31,log1p_num_h_donors,-0.3700495721660945,1.0986123085021973,nn,log_km_value
32,log1p_num_h_donors,0.835856941783887,1.7917594909667969,nn,log_km_value
33,log1p_num_h_donors,-1.1075120044427536,2.3025851249694824,nn,log_km_value
34,log1p_num_h_donors,-0.2845602814015793,2.3025851249694824,nn,log_km_value
35,log1p_num_h_donors,0.3280556342778694,2.1972246170043945,nn,log_km_value
36,log1p_num_h_donors,0.31300783681353667,1.7917594909667969,nn,log_km_value
37,log1p_num_h_donors,0.0,2.1972246170043945,nn,log_km_value
38,log1p_num_h_donors,0.24230264411035915,2.1972246170043945,nn,log_km_value
39,log1p_num_h_donors,-2.3089724833118197,0.0,nn,log_km_value
40,log1p_num_h_donors,-2.9441731033573912,0.0,nn,log_km_value
41,log1p_num_h_donors,-0.2932982068923853,0.6931471824645996,nn,log_km_value
42,log1p_num_h_donors,0.19647760852841728,1.6094379425048828,nn,log_km_value
43,log1p_num_h_donors,0.0,2.3025851249694824,nn,log_km_value
44,log1p_num_h_donors,-0.5381643880628303,2.1972246170043945,nn,log_km_value
45,log1p_num_h_donors,-0.858673119212921,0.6931471824645996,nn,log_km_value
46,log1p_num_h_donors,0.18773122998359204,1.6094379425048828,nn,log_km_value
47,log1p_num_h_donors,-0.7235238821874144,0.0,nn,log_km_value
48,log1p_num_h_donors,-0.43630807153940937,1.0986123085021973,nn,log_km_value
49,log1p_num_h_donors,1.8633124469135012,0.0,nn,log_km_value
50,log1p_num_h_donors,0.0,0.0,nn,log_km_value
51,log1p_num_h_donors,0.18898569709911253,1.6094379425048828,nn,log_km_value
52,log1p_num_h_donors,0.5750052766797332,1.945910096168518,nn,log_km_value
53,log1p_num_h_donors,1.121057408619389,0.6931471824645996,nn,log_km_value
54,log1p_num_h_donors,0.4110885470239263,1.3862943649291992,nn,log_km_value
55,log1p_num_h_donors,0.3022181572189288,1.3862943649291992,nn,log_km_value
56,log1p_num_h_donors,0.45723138051735224,2.3025851249694824,nn,log_km_value
57,log1p_num_h_donors,0.634628419385393,1.945910096168518,nn,log_km_value
58,log1p_num_h_donors,0.0,1.3862943649291992,nn,log_km_value
59,log1p_num_h_donors,0.0,1.6094379425048828,nn,log_km_value
60,log1p_num_h_donors,0.2788526969409718,1.3862943649291992,nn,log_km_value
61,log1p_num_h_donors,-0.20838984069387578,0.6931471824645996,nn,log_km_value
62,log1p_num_h_donors,0.43744796633047156,2.1972246170043945,nn,log_km_value
63,log1p_num_h_donors,-0.9760557355742925,0.0,nn,log_km_value
64,log1p_num_h_donors,0.0,1.0986123085021973,nn,log_km_value
65,log1p_num_h_donors,0.0,1.0986123085021973,nn,log_km_value
66,log1p_num_h_donors,0.0,2.1972246170043945,nn,log_km_value
67,log1p_num_h_donors,-2.2242482198347844,2.995732307434082,nn,log_km_value
68,log1p_num_h_donors,0.0,2.3025851249694824,nn,log_km_value
69,log1p_num_h_donors,0.0,0.6931471824645996,nn,log_km_value
70,log1p_num_h_donors,0.3455113123557284,1.7917594909667969,nn,log_km_value
71,log1p_num_h_donors,0.0,0.6931471824645996,nn,log_km_value
72,log1p_num_h_donors,0.0,1.6094379425048828,nn,log_km_value
73,log1p_num_h_donors,-0.769072819531871,0.0,nn,log_km_value
74,log1p_num_h_donors,0.1630705998825137,1.0986123085021973,nn,log_km_value
75,log1p_num_h_donors,0.7042906100902582,1.945910096168518,nn,log_km_value
76,log1p_num_h_donors,-0.40688106191698964,2.1972246170043945,nn,log_km_value
77,log1p_num_h_donors,-0.3489661677911025,1.0986123085021973,nn,log_km_value
78,log1p_num_h_donors,0.2628197342784022,1.3862943649291992,nn,log_km_value
79,log1p_num_h_donors,0.0,2.7725887298583984,nn,log_km_value
80,log1p_num_h_donors,-0.29150748305426877,0.6931471824645996,nn,log_km_value
81,log1p_num_h_donors,0.6394394395466463,1.7917594909667969,nn,log_km_value
82,log1p_num_h_donors,0.0,1.6094379425048828,nn,log_km_value
83,log1p_num_h_donors,0.30164710317167687,1.3862943649291992,nn,log_km_value
84,log1p_num_h_donors,0.526233433072342,1.3862943649291992,nn,log_km_value
85,log1p_num_h_donors,0.35510655453533113,2.1972246170043945,nn,log_km_value
86,log1p_num_h_donors,0.8683634558002528,1.7917594909667969,nn,log_km_value
87,log1p_num_h_donors,0.0,2.079441547393799,nn,log_km_value
88,log1p_num_h_donors,0.3517902903967905,1.3862943649291992,nn,log_km_value
89,log1p_num_h_donors,-0.9368028479919213,0.6931471824645996,nn,log_km_value
90,log1p_num_h_donors,0.19681955574006557,0.6931471824645996,nn,log_km_value
91,log1p_num_h_donors,0.46151978631841856,2.1972246170043945,nn,log_km_value
92,log1p_num_h_donors,-0.08792691774744565,2.079441547393799,nn,log_km_value
93,log1p_num_h_donors,-0.2122937924829773,1.3862943649291992,nn,log_km_value
94,log1p_num_h_donors,0.0,2.1972246170043945,nn,log_km_value
95,log1p_num_h_donors,-0.3006561207854062,0.6931471824645996,nn,log_km_value
96,log1p_num_h_donors,0.0,1.945910096168518,nn,log_km_value
97,log1p_num_h_donors,-0.4117973514249736,0.0,nn,log_km_value
98,log1p_num_h_donors,-0.08700571683724734,0.0,nn,log_km_value
99,log1p_num_h_donors,-0.9546261268481893,2.079441547393799,nn,log_km_value
0,log1p_num_h_acceptors,-0.5047852301690697,2.397895336151123,nn,log_km_value
1,log1p_num_h_acceptors,-0.11648226515673978,2.1972246170043945,nn,log_km_value
2,log1p_num_h_acceptors,1.625933752790463,2.6390573978424072,nn,log_km_value
3,log1p_num_h_acceptors,-0.4297984611115041,1.7917594909667969,nn,log_km_value
4,log1p_num_h_acceptors,1.2599102201520367,2.944438934326172,nn,log_km_value
5,log1p_num_h_acceptors,0.0,1.3862943649291992,nn,log_km_value
6,log1p_num_h_acceptors,0.1798804406317954,2.397895336151123,nn,log_km_value
7,log1p_num_h_acceptors,-0.26202331505544113,0.6931471824645996,nn,log_km_value
8,log1p_num_h_acceptors,-0.4215244995630344,1.3862943649291992,nn,log_km_value
9,log1p_num_h_acceptors,1.6738771547176035,2.890371799468994,nn,log_km_value
10,log1p_num_h_acceptors,-0.8353488084002392,1.3862943649291992,nn,log_km_value
11,log1p_num_h_acceptors,0.0,2.397895336151123,nn,log_km_value
12,log1p_num_h_acceptors,0.05618291358274252,1.6094379425048828,nn,log_km_value
13,log1p_num_h_acceptors,-0.473662369933947,2.3025851249694824,nn,log_km_value
14,log1p_num_h_acceptors,-0.5447557778546357,2.079441547393799,nn,log_km_value
15,log1p_num_h_acceptors,-0.4774822829915991,1.0986123085021973,nn,log_km_value
16,log1p_num_h_acceptors,-0.48919761466941564,1.3862943649291992,nn,log_km_value
17,log1p_num_h_acceptors,-0.5176710718386823,1.0986123085021973,nn,log_km_value
18,log1p_num_h_acceptors,0.0,1.945910096168518,nn,log_km_value
19,log1p_num_h_acceptors,0.4530001582621077,2.995732307434082,nn,log_km_value
20,log1p_num_h_acceptors,0.0,1.3862943649291992,nn,log_km_value
21,log1p_num_h_acceptors,-0.9690433619666909,1.3862943649291992,nn,log_km_value
22,log1p_num_h_acceptors,0.22688735066848995,2.397895336151123,nn,log_km_value
23,log1p_num_h_acceptors,1.5311981300629605,2.6390573978424072,nn,log_km_value
24,log1p_num_h_acceptors,-0.0693292896615817,2.397895336151123,nn,log_km_value
25,log1p_num_h_acceptors,4.578486135228573,3.465735912322998,nn,log_km_value
26,log1p_num_h_acceptors,1.3247284156586412,2.944438934326172,nn,log_km_value
27,log1p_num_h_acceptors,0.0,1.0986123085021973,nn,log_km_value
28,log1p_num_h_acceptors,-1.5780032505877186,1.0986123085021973,nn,log_km_value
29,log1p_num_h_acceptors,0.0,1.0986123085021973,nn,log_km_value
30,log1p_num_h_acceptors,-0.14469151662686608,2.079441547393799,nn,log_km_value
31,log1p_num_h_acceptors,-0.8562768998964222,1.0986123085021973,nn,log_km_value
32,log1p_num_h_acceptors,2.1576535642169197,2.7725887298583984,nn,log_km_value
33,log1p_num_h_acceptors,0.8399731070652631,2.995732307434082,nn,log_km_value
34,log1p_num_h_acceptors,2.6347933610303516,2.995732307434082,nn,log_km_value
35,log1p_num_h_acceptors,1.1162804428427702,2.890371799468994,nn,log_km_value
36,log1p_num_h_acceptors,0.0,2.079441547393799,nn,log_km_value
37,log1p_num_h_acceptors,1.5845852428885907,2.70805025100708,nn,log_km_value
38,log1p_num_h_acceptors,0.8690152844418783,2.890371799468994,nn,log_km_value
39,log1p_num_h_acceptors,-0.22667925749929674,0.0,nn,log_km_value
40,log1p_num_h_acceptors,-0.6616539195651269,0.0,nn,log_km_value
41,log1p_num_h_acceptors,-0.9660846234591369,1.0986123085021973,nn,log_km_value
42,log1p_num_h_acceptors,-0.4572884254281598,1.7917594909667969,nn,log_km_value
43,log1p_num_h_acceptors,0.8918367316270915,2.995732307434082,nn,log_km_value
44,log1p_num_h_acceptors,1.4163028704891694,2.70805025100708,nn,log_km_value
45,log1p_num_h_acceptors,-1.1589533403244991,0.6931471824645996,nn,log_km_value
46,log1p_num_h_acceptors,-0.3336790188730028,1.945910096168518,nn,log_km_value
47,log1p_num_h_acceptors,-1.279016139477578,0.6931471824645996,nn,log_km_value
48,log1p_num_h_acceptors,-1.1370571038450576,1.0986123085021973,nn,log_km_value
49,log1p_num_h_acceptors,0.0,1.6094379425048828,nn,log_km_value
50,log1p_num_h_acceptors,-0.5783660066667702,1.0986123085021973,nn,log_km_value
51,log1p_num_h_acceptors,0.23230157544625568,2.3025851249694824,nn,log_km_value
52,log1p_num_h_acceptors,-0.1497749610373513,2.079441547393799,nn,log_km_value
53,log1p_num_h_acceptors,0.543842399113638,2.1972246170043945,nn,log_km_value
54,log1p_num_h_acceptors,-1.1231286439789687,1.6094379425048828,nn,log_km_value
55,log1p_num_h_acceptors,-0.5729702702570317,1.7917594909667969,nn,log_km_value
56,log1p_num_h_acceptors,1.3946310285553294,2.944438934326172,nn,log_km_value
57,log1p_num_h_acceptors,-0.29394990009781513,2.079441547393799,nn,log_km_value
58,log1p_num_h_acceptors,-1.023077269704282,1.3862943649291992,nn,log_km_value
59,log1p_num_h_acceptors,-0.5633301808988366,2.079441547393799,nn,log_km_value
60,log1p_num_h_acceptors,-0.8808205847886214,1.3862943649291992,nn,log_km_value
61,log1p_num_h_acceptors,0.0,1.3862943649291992,nn,log_km_value
62,log1p_num_h_acceptors,1.4302594641210984,2.890371799468994,nn,log_km_value
63,log1p_num_h_acceptors,-0.555075635823638,1.0986123085021973,nn,log_km_value
64,log1p_num_h_acceptors,-0.3539683574374651,1.0986123085021973,nn,log_km_value
65,log1p_num_h_acceptors,-0.5252208490688254,1.0986123085021973,nn,log_km_value
66,log1p_num_h_acceptors,1.530707214913778,2.944438934326172,nn,log_km_value
67,log1p_num_h_acceptors,0.743101804786124,3.1354942321777344,nn,log_km_value
68,log1p_num_h_acceptors,0.7949771326616195,2.995732307434082,nn,log_km_value
69,log1p_num_h_acceptors,-1.068139841611401,1.7917594909667969,nn,log_km_value
70,log1p_num_h_acceptors,-0.3628099245448202,1.945910096168518,nn,log_km_value
71,log1p_num_h_acceptors,0.27911289317962734,0.6931471824645996,nn,log_km_value
72,log1p_num_h_acceptors,-0.30126746474838934,2.1972246170043945,nn,log_km_value
73,log1p_num_h_acceptors,-1.4454094564112752,1.6094379425048828,nn,log_km_value
74,log1p_num_h_acceptors,-1.4812966599152801,1.0986123085021973,nn,log_km_value
75,log1p_num_h_acceptors,-0.4526550523626378,2.079441547393799,nn,log_km_value
76,log1p_num_h_acceptors,1.2431494389388127,2.944438934326172,nn,log_km_value
77,log1p_num_h_acceptors,0.14883496236836846,1.0986123085021973,nn,log_km_value
78,log1p_num_h_acceptors,-0.6419084796035635,1.6094379425048828,nn,log_km_value
79,log1p_num_h_acceptors,-0.4695437161993742,2.5649492740631104,nn,log_km_value
80,log1p_num_h_acceptors,-0.365169078905364,0.6931471824645996,nn,log_km_value
81,log1p_num_h_acceptors,0.0,1.945910096168518,nn,log_km_value
82,log1p_num_h_acceptors,0.0,2.1972246170043945,nn,log_km_value
83,log1p_num_h_acceptors,-0.16546134651256858,1.3862943649291992,nn,log_km_value
84,log1p_num_h_acceptors,-0.5962939493430454,1.3862943649291992,nn,log_km_value
85,log1p_num_h_acceptors,1.023592993919626,2.890371799468994,nn,log_km_value
86,log1p_num_h_acceptors,0.0,1.945910096168518,nn,log_km_value
87,log1p_num_h_acceptors,1.8813559232869506,2.70805025100708,nn,log_km_value
88,log1p_num_h_acceptors,-0.6904714365459786,1.3862943649291992,nn,log_km_value
89,log1p_num_h_acceptors,0.0,1.7917594909667969,nn,log_km_value
90,log1p_num_h_acceptors,0.0,1.945910096168518,nn,log_km_value
91,log1p_num_h_acceptors,1.4302731502924189,2.890371799468994,nn,log_km_value
92,log1p_num_h_acceptors,2.689613234371506,2.70805025100708,nn,log_km_value
93,log1p_num_h_acceptors,-0.3262370003363444,1.3862943649291992,nn,log_km_value
94,log1p_num_h_acceptors,0.38012839625841754,2.3025851249694824,nn,log_km_value
95,log1p_num_h_acceptors,-1.31075287896399,1.3862943649291992,nn,log_km_value
96,log1p_num_h_acceptors,1.176555412738525,2.5649492740631104,nn,log_km_value
97,log1p_num_h_acceptors,-1.4396785953858133,1.0986123085021973,nn,log_km_value
98,log1p_num_h_acceptors,-0.5325320967023806,1.7917594909667969,nn,log_km_value
99,log1p_num_h_acceptors,0.0,2.3025851249694824,nn,log_km_value
0,log1p_num_rot_bonds,0.9012676772218734,2.944438934326172,nn,log_km_value
1,log1p_num_rot_bonds,0.09179806792919637,1.6094379425048828,nn,log_km_value
2,log1p_num_rot_bonds,0.8191459437149767,2.397895336151123,nn,log_km_value
3,log1p_num_rot_bonds,0.17789419224830624,1.6094379425048828,nn,log_km_value
4,log1p_num_rot_bonds,0.7274820652867596,2.4849066734313965,nn,log_km_value
5,log1p_num_rot_bonds,0.43940696860440753,1.7917594909667969,nn,log_km_value
6,log1p_num_rot_bonds,-0.12674144755433067,1.6094379425048828,nn,log_km_value
7,log1p_num_rot_bonds,0.0,0.0,nn,log_km_value
8,log1p_num_rot_bonds,0.0,1.3862943649291992,nn,log_km_value
9,log1p_num_rot_bonds,0.0,2.4849066734313965,nn,log_km_value
10,log1p_num_rot_bonds,-0.43025001637136084,1.3862943649291992,nn,log_km_value
11,log1p_num_rot_bonds,-0.22460139266363177,1.6094379425048828,nn,log_km_value
12,log1p_num_rot_bonds,0.32407312588134984,1.945910096168518,nn,log_km_value
13,log1p_num_rot_bonds,1.909593264533723,2.890371799468994,nn,log_km_value
14,log1p_num_rot_bonds,1.2569122813299711,2.4849066734313965,nn,log_km_value
15,log1p_num_rot_bonds,0.0,1.0986123085021973,nn,log_km_value
16,log1p_num_rot_bonds,0.0,0.6931471824645996,nn,log_km_value
17,log1p_num_rot_bonds,-0.15907657899417194,0.6931471824645996,nn,log_km_value
18,log1p_num_rot_bonds,0.0,0.6931471824645996,nn,log_km_value
19,log1p_num_rot_bonds,1.3381742026726207,3.761200189590454,nn,log_km_value
20,log1p_num_rot_bonds,0.0,1.0986123085021973,nn,log_km_value
21,log1p_num_rot_bonds,-0.6031249757944951,0.6931471824645996,nn,log_km_value
22,log1p_num_rot_bonds,0.30798600814195887,1.945910096168518,nn,log_km_value
23,log1p_num_rot_bonds,0.0,2.1972246170043945,nn,log_km_value
24,log1p_num_rot_bonds,0.0,2.8332133293151855,nn,log_km_value
25,log1p_num_rot_bonds,0.0,3.044522523880005,nn,log_km_value
26,log1p_num_rot_bonds,0.5070163300273028,2.4849066734313965,nn,log_km_value
27,log1p_num_rot_bonds,1.5416783349619922,3.044522523880005,nn,log_km_value
28,log1p_num_rot_bonds,-1.3307670897034718,0.0,nn,log_km_value
29,log1p_num_rot_bonds,0.0,1.3862943649291992,nn,log_km_value
30,log1p_num_rot_bonds,0.5575641951348234,2.890371799468994,nn,log_km_value
31,log1p_num_rot_bonds,1.3319413553894495,0.0,nn,log_km_value
32,log1p_num_rot_bonds,0.0,2.1972246170043945,nn,log_km_value
33,log1p_num_rot_bonds,0.4181471485469812,2.6390573978424072,nn,log_km_value
34,log1p_num_rot_bonds,0.7128545012039547,2.6390573978424072,nn,log_km_value
35,log1p_num_rot_bonds,0.23298399297080183,2.4849066734313965,nn,log_km_value
36,log1p_num_rot_bonds,-0.39456612647489103,1.7917594909667969,nn,log_km_value
37,log1p_num_rot_bonds,0.6191760487918514,2.1972246170043945,nn,log_km_value
38,log1p_num_rot_bonds,0.0,2.3025851249694824,nn,log_km_value
39,log1p_num_rot_bonds,-0.6193041471629317,0.0,nn,log_km_value
40,log1p_num_rot_bonds,-1.111169382667052,0.0,nn,log_km_value
41,log1p_num_rot_bonds,0.0,1.6094379425048828,nn,log_km_value
42,log1p_num_rot_bonds,0.11873623162221424,2.079441547393799,nn,log_km_value
43,log1p_num_rot_bonds,-0.3717523601381776,2.6390573978424072,nn,log_km_value
44,log1p_num_rot_bonds,0.0,2.1972246170043945,nn,log_km_value
45,log1p_num_rot_bonds,0.0,1.0986123085021973,nn,log_km_value
46,log1p_num_rot_bonds,0.0,0.6931471824645996,nn,log_km_value
47,log1p_num_rot_bonds,-0.2596420796844289,1.7917594909667969,nn,log_km_value
48,log1p_num_rot_bonds,-1.0682574403954004,0.0,nn,log_km_value
49,log1p_num_rot_bonds,0.1468300017995966,1.0986123085021973,nn,log_km_value
50,log1p_num_rot_bonds,0.0,0.6931471824645996,nn,log_km_value
51,log1p_num_rot_bonds,-0.7546435179190213,1.0986123085021973,nn,log_km_value
52,log1p_num_rot_bonds,-0.419846776788456,1.3862943649291992,nn,log_km_value
53,log1p_num_rot_bonds,0.31932473349558416,1.3862943649291992,nn,log_km_value
54,log1p_num_rot_bonds,0.0,1.6094379425048828,nn,log_km_value
55,log1p_num_rot_bonds,0.338112675563018,1.6094379425048828,nn,log_km_value
56,log1p_num_rot_bonds,-0.6664322194047765,2.6390573978424072,nn,log_km_value
57,log1p_num_rot_bonds,-0.5022866330760294,1.3862943649291992,nn,log_km_value
58,log1p_num_rot_bonds,-0.5434857673910986,0.0,nn,log_km_value
59,log1p_num_rot_bonds,-0.44964464713132524,1.6094379425048828,nn,log_km_value
60,log1p_num_rot_bonds,-0.3883017920906166,1.6094379425048828,nn,log_km_value
61,log1p_num_rot_bonds,0.0,1.0986123085021973,nn,log_km_value
62,log1p_num_rot_bonds,0.0,2.4849066734313965,nn,log_km_value
63,log1p_num_rot_bonds,0.0,1.0986123085021973,nn,log_km_value
64,log1p_num_rot_bonds,-0.428218047125622,1.0986123085021973,nn,log_km_value
65,log1p_num_rot_bonds,-0.24429179536641002,0.6931471824645996,nn,log_km_value
66,log1p_num_rot_bonds,0.32640284866950947,2.4849066734313965,nn,log_km_value
67,log1p_num_rot_bonds,1.0697563714265266,3.9512436389923096,nn,log_km_value
68,log1p_num_rot_bonds,1.285951724214252,2.995732307434082,nn,log_km_value
69,log1p_num_rot_bonds,0.0,1.3862943649291992,nn,log_km_value
70,log1p_num_rot_bonds,-0.6458979549939979,0.6931471824645996,nn,log_km_value
71,log1p_num_rot_bonds,0.23332440402990426,2.079441547393799,nn,log_km_value
72,log1p_num_rot_bonds,-0.7887292503210475,1.0986123085021973,nn,log_km_value
73,log1p_num_rot_bonds,-0.6475870570932094,1.3862943649291992,nn,log_km_value
74,log1p_num_rot_bonds,-1.1096615598893085,0.0,nn,log_km_value
75,log1p_num_rot_bonds,-0.5219032653799967,1.3862943649291992,nn,log_km_value
76,log1p_num_rot_bonds,1.0654572828138573,2.4849066734313965,nn,log_km_value
77,log1p_num_rot_bonds,-0.19074428584107833,0.6931471824645996,nn,log_km_value
78,log1p_num_rot_bonds,-0.3209163586369032,1.6094379425048828,nn,log_km_value
79,log1p_num_rot_bonds,1.933326404641068,3.295836925506592,nn,log_km_value
80,log1p_num_rot_bonds,0.0,1.7917594909667969,nn,log_km_value
81,log1p_num_rot_bonds,0.0,0.6931471824645996,nn,log_km_value
82,log1p_num_rot_bonds,0.7893993862858539,2.3025851249694824,nn,log_km_value
83,log1p_num_rot_bonds,0.0,1.6094379425048828,nn,log_km_value
84,log1p_num_rot_bonds,0.0,1.3862943649291992,nn,log_km_value
85,log1p_num_rot_bonds,0.0,2.4849066734313965,nn,log_km_value
86,log1p_num_rot_bonds,-0.2150263104247232,0.6931471824645996,nn,log_km_value
87,log1p_num_rot_bonds,0.0,2.1972246170043945,nn,log_km_value
88,log1p_num_rot_bonds,-1.0272596496725193,0.6931471824645996,nn,log_km_value
89,log1p_num_rot_bonds,0.0,1.6094379425048828,nn,log_km_value
90,log1p_num_rot_bonds,-0.3035101589593999,1.945910096168518,nn,log_km_value
91,log1p_num_rot_bonds,0.0,2.4849066734313965,nn,log_km_value
92,log1p_num_rot_bonds,0.07052930900052914,2.1972246170043945,nn,log_km_value
93,log1p_num_rot_bonds,0.0,1.6094379425048828,nn,log_km_value
94,log1p_num_rot_bonds,0.8261344816217628,2.397895336151123,nn,log_km_value
95,log1p_num_rot_bonds,0.0,1.6094379425048828,nn,log_km_value
96,log1p_num_rot_bonds,0.0,1.945910096168518,nn,log_km_value
97,log1p_num_rot_bonds,0.0,1.0986123085021973,nn,log_km_value
98,log1p_num_rot_bonds,0.0,1.3862943649291992,nn,log_km_value
99,log1p_num_rot_bonds,0.0,2.3025851249694824,nn,log_km_value
0,log_seq_length,-1.994954149021078,5.181783676147461,nn,log_km_value
1,log_seq_length,0.4290848854140446,6.118097305297852,nn,log_km_value
2,log_seq_length,1.5214959435993773,6.472346305847168,nn,log_km_value
3,log_seq_length,-2.590074242519202,5.429345607757568,nn,log_km_value
4,log_seq_length,-1.0392252730192026,5.505331516265869,nn,log_km_value
5,log_seq_length,-1.946704547365584,5.613128185272217,nn,log_km_value
6,log_seq_length,0.43094941578058915,6.10924768447876,nn,log_km_value
7,log_seq_length,-0.5643378320179258,5.924255847930908,nn,log_km_value
8,log_seq_length,0.47556283781535913,6.091310024261475,nn,log_km_value
9,log_seq_length,0.918176570370443,6.324358940124512,nn,log_km_value
10,log_seq_length,0.3018506744986024,6.056784152984619,nn,log_km_value
11,log_seq_length,-1.0543732344007062,5.7268476486206055,nn,log_km_value
12,log_seq_length,-2.5016968727940783,5.517452716827393,nn,log_km_value
13,log_seq_length,-0.9734925103907016,5.680172443389893,nn,log_km_value
14,log_seq_length,0.0,5.955837249755859,nn,log_km_value
15,log_seq_length,-7.169252517968228,4.174387454986572,nn,log_km_value
16,log_seq_length,-3.2763974180839632,4.912654876708984,nn,log_km_value
17,log_seq_length,-3.5883638941112395,5.20948600769043,nn,log_km_value
18,log_seq_length,1.4897676984006303,6.405228614807129,nn,log_km_value
19,log_seq_length,2.1757328760982775,6.830874443054199,nn,log_km_value
20,log_seq_length,-1.273954588748304,5.616771221160889,nn,log_km_value
21,log_seq_length,-0.8005551442836264,5.80814266204834,nn,log_km_value
22,log_seq_length,-3.65446353522198,4.9416422843933105,nn,log_km_value
23,log_seq_length,6.599660066851196,7.083387851715088,nn,log_km_value
24,log_seq_length,-1.4062885119068516,5.521461009979248,nn,log_km_value
25,log_seq_length,0.5144298931841277,6.220590114593506,nn,log_km_value
26,log_seq_length,-1.149993782464561,5.613128185272217,nn,log_km_value
27,log_seq_length,2.316935384570934,6.329720973968506,nn,log_km_value
28,log_seq_length,1.3176141668845847,6.200509071350098,nn,log_km_value
29,log_seq_length,0.18145015735974088,5.981414318084717,nn,log_km_value
30,log_seq_length,5.541473563971199,7.227662563323975,nn,log_km_value
31,log_seq_length,-1.091138585824566,5.905361652374268,nn,log_km_value
32,log_seq_length,-1.9827817011360498,5.141663551330566,nn,log_km_value
33,log_seq_length,-1.5118141595229075,5.068904399871826,nn,log_km_value
34,log_seq_length,0.22642559897997783,6.100318908691406,nn,log_km_value
35,log_seq_length,0.0,5.8141303062438965,nn,log_km_value
36,log_seq_length,0.0,6.0258660316467285,nn,log_km_value
37,log_seq_length,0.0,6.011267185211182,nn,log_km_value
38,log_seq_length,-0.9470332894068876,5.332718849182129,nn,log_km_value
39,log_seq_length,-1.1290569014074212,5.888877868652344,nn,log_km_value
40,log_seq_length,6.405195290261526,6.981005668640137,nn,log_km_value
41,log_seq_length,1.8986450531730192,6.2766432762146,nn,log_km_value
42,log_seq_length,0.0,5.978885650634766,nn,log_km_value
43,log_seq_length,-3.67807951530687,4.127134323120117,nn,log_km_value
44,log_seq_length,0.0,6.122492790222168,nn,log_km_value
45,log_seq_length,-3.280362666475348,5.537334442138672,nn,log_km_value
46,log_seq_length,0.31477410716867926,6.102558612823486,nn,log_km_value
47,log_seq_length,1.6572063009540423,6.295266151428223,nn,log_km_value
48,log_seq_length,6.490488807579253,6.768493175506592,nn,log_km_value
49,log_seq_length,-3.0270676697428507,5.402677536010742,nn,log_km_value
50,log_seq_length,-1.201886336548945,5.616771221160889,nn,log_km_value
51,log_seq_length,-1.4284271796665418,5.71702766418457,nn,log_km_value
52,log_seq_length,1.0992414136446216,6.3315019607543945,nn,log_km_value
53,log_seq_length,-3.11651011241434,5.402677536010742,nn,log_km_value
54,log_seq_length,4.0996369095966445,6.593044757843018,nn,log_km_value
55,log_seq_length,-1.1409817743530188,5.673323154449463,nn,log_km_value
56,log_seq_length,0.0,5.921578407287598,nn,log_km_value
57,log_seq_length,-2.265906817411574,5.501258373260498,nn,log_km_value
58,log_seq_length,2.827630941691725,6.411818504333496,nn,log_km_value
59,log_seq_length,-1.6282446823125725,5.746203422546387,nn,log_km_value
60,log_seq_length,1.3352642798173269,6.282266616821289,nn,log_km_value
61,log_seq_length,0.2190993079607171,6.0258660316467285,nn,log_km_value
62,log_seq_length,0.7650897939360695,6.359573841094971,nn,log_km_value
63,log_seq_length,-2.2220728009821147,5.627621173858643,nn,log_km_value
64,log_seq_length,-1.0759031371834724,5.834810733795166,nn,log_km_value
65,log_seq_length,-0.8701981289641608,5.849324703216553,nn,log_km_value
66,log_seq_length,-0.4559594916510288,6.016157150268555,nn,log_km_value
67,log_seq_length,-0.8425301950677735,5.780743598937988,nn,log_km_value
68,log_seq_length,-0.5280591960993025,5.733341217041016,nn,log_km_value
69,log_seq_length,2.3551252215715905,6.363028049468994,nn,log_km_value
70,log_seq_length,-0.37952766231242663,5.945420742034912,nn,log_km_value
71,log_seq_length,2.6458990706345675,6.309918403625488,nn,log_km_value
72,log_seq_length,-1.3779366067512586,5.659482002258301,nn,log_km_value
73,log_seq_length,1.0384514934515128,6.400257587432861,nn,log_km_value
74,log_seq_length,-1.585122075381134,5.777652263641357,nn,log_km_value
75,log_seq_length,0.6767033804898638,6.192362308502197,nn,log_km_value
76,log_seq_length,-2.5325481457160315,5.323009967803955,nn,log_km_value
77,log_seq_length,-0.8895231669175588,5.860786437988281,nn,log_km_value
78,log_seq_length,-1.2080875153925787,5.752572536468506,nn,log_km_value
79,log_seq_length,-0.9700163710092954,5.693732261657715,nn,log_km_value
80,log_seq_length,2.463996624636586,6.329720973968506,nn,log_km_value
81,log_seq_length,1.776259936636707,6.368186950683594,nn,log_km_value
82,log_seq_length,-0.28630622076088624,5.9427995681762695,nn,log_km_value
83,log_seq_length,-0.729025400762977,5.8051347732543945,nn,log_km_value
84,log_seq_length,0.12020555921827844,5.981414318084717,nn,log_km_value
85,log_seq_length,0.3628303957253204,6.1506028175354,nn,log_km_value
86,log_seq_length,-1.503846903566528,5.564520359039307,nn,log_km_value
87,log_seq_length,0.24181243874496516,6.156979084014893,nn,log_km_value
88,log_seq_length,0.8198558557967153,6.107022762298584,nn,log_km_value
89,log_seq_length,0.0,5.897153854370117,nn,log_km_value
90,log_seq_length,2.539185985458204,6.4329400062561035,nn,log_km_value
91,log_seq_length,0.7923883825937355,6.359573841094971,nn,log_km_value
92,log_seq_length,3.302868645693616,7.310550212860107,nn,log_km_value
93,log_seq_length,-7.226100680409077,4.624972820281982,nn,log_km_value
94,log_seq_length,-1.027172442522314,5.552959442138672,nn,log_km_value
95,log_seq_length,8.399477054915156,7.1989312171936035,nn,log_km_value
96,log_seq_length,0.22201475594513811,6.18001651763916,nn,log_km_value
97,log_seq_length,2.5504077578809734,6.419994831085205,nn,log_km_value
98,log_seq_length,2.5645551010941214,6.400257587432861,nn,log_km_value
99,log_seq_length,-3.140975090994753,5.068904399871826,nn,log_km_value
0,log_seq_mol_wt,2.3840428270928804,9.895637512207031,nn,log_km_value
1,log_seq_mol_wt,-0.5292947536894151,10.868292808532715,nn,log_km_value
2,log_seq_mol_wt,-0.9131562126221268,11.16805648803711,nn,log_km_value
3,log_seq_mol_wt,2.6980140634876557,10.134017944335938,nn,log_km_value
4,log_seq_mol_wt,0.8237796911529376,10.179969787597656,nn,log_km_value
5,log_seq_mol_wt,2.5987070642309957,10.35327434539795,nn,log_km_value
6,log_seq_mol_wt,0.0,10.829964637756348,nn,log_km_value
7,log_seq_mol_wt,1.179299742929369,10.589705467224121,nn,log_km_value
8,log_seq_mol_wt,-0.6332069146482935,10.82020378112793,nn,log_km_value
9,log_seq_mol_wt,-0.8412617675471632,11.025118827819824,nn,log_km_value
10,log_seq_mol_wt,0.2918672417006852,10.738465309143066,nn,log_km_value
11,log_seq_mol_wt,1.0577158332131622,10.448199272155762,nn,log_km_value
12,log_seq_mol_wt,2.4843985732429017,10.270760536193848,nn,log_km_value
13,log_seq_mol_wt,1.2044257628113377,10.358283996582031,nn,log_km_value
14,log_seq_mol_wt,0.4566474960246259,10.62234115600586,nn,log_km_value
15,log_seq_mol_wt,6.097427536195408,8.8438720703125,nn,log_km_value
16,log_seq_mol_wt,4.279217998764311,9.585155487060547,nn,log_km_value
17,log_seq_mol_wt,3.5565565348795807,9.93643856048584,nn,log_km_value
18,log_seq_mol_wt,-1.136181863234113,11.091901779174805,nn,log_km_value
19,log_seq_mol_wt,-2.90020814812194,11.570343017578125,nn,log_km_value
20,log_seq_mol_wt,1.460622929957355,10.358739852905273,nn,log_km_value
21,log_seq_mol_wt,1.0307311148020921,10.469345092773438,nn,log_km_value
22,log_seq_mol_wt,2.8904314357121255,9.657936096191406,nn,log_km_value
23,log_seq_mol_wt,-5.332429472432466,11.733443260192871,nn,log_km_value
24,log_seq_mol_wt,1.723666981041843,10.262185096740723,nn,log_km_value
25,log_seq_mol_wt,-0.15442425114871616,10.931374549865723,nn,log_km_value
26,log_seq_mol_wt,1.0482930237525505,10.350407600402832,nn,log_km_value
27,log_seq_mol_wt,-1.8810592492478735,11.039839744567871,nn,log_km_value
28,log_seq_mol_wt,-1.9316445653665113,10.948140144348145,nn,log_km_value
29,log_seq_mol_wt,0.7127616864972424,10.682188987731934,nn,log_km_value
30,log_seq_mol_wt,-5.783689512424792,11.935462951660156,nn,log_km_value
31,log_seq_mol_wt,0.6510092154874658,10.6234130859375,nn,log_km_value
32,log_seq_mol_wt,1.8028120949849904,9.86694622039795,nn,log_km_value
33,log_seq_mol_wt,1.1608664800605841,9.798083305358887,nn,log_km_value
34,log_seq_mol_wt,0.0,10.797884941101074,nn,log_km_value
35,log_seq_mol_wt,0.4435872480734653,10.486600875854492,nn,log_km_value
36,log_seq_mol_wt,0.0,10.757920265197754,nn,log_km_value
37,log_seq_mol_wt,0.5140857882579201,10.699564933776855,nn,log_km_value
38,log_seq_mol_wt,0.7859624736984744,10.038525581359863,nn,log_km_value
39,log_seq_mol_wt,0.6491754759190463,10.617300987243652,nn,log_km_value
40,log_seq_mol_wt,-6.4988996164767165,11.71030330657959,nn,log_km_value
41,log_seq_mol_wt,-1.9009336812327644,11.002645492553711,nn,log_km_value
42,log_seq_mol_wt,0.22860147625385513,10.673871040344238,nn,log_km_value
43,log_seq_mol_wt,3.3369108337378246,8.813807487487793,nn,log_km_value
44,log_seq_mol_wt,0.19716136609118406,10.82018756866455,nn,log_km_value
45,log_seq_mol_wt,3.5321683243600512,10.2382230758667,nn,log_km_value
46,log_seq_mol_wt,-0.2917871716611136,10.805061340332031,nn,log_km_value
47,log_seq_mol_wt,-1.9864975579956217,11.020642280578613,nn,log_km_value
48,log_seq_mol_wt,-5.535220644689772,11.50092887878418,nn,log_km_value
49,log_seq_mol_wt,3.790535808312532,10.143033981323242,nn,log_km_value
50,log_seq_mol_wt,1.7432382300023304,10.358739852905273,nn,log_km_value
51,log_seq_mol_wt,1.1551584410046447,10.390852928161621,nn,log_km_value
52,log_seq_mol_wt,-1.0512512208187228,11.025952339172363,nn,log_km_value
53,log_seq_mol_wt,3.1981858610879037,10.152830123901367,nn,log_km_value
54,log_seq_mol_wt,-3.8147927811603677,11.271092414855957,nn,log_km_value
55,log_seq_mol_wt,1.6977145022870994,10.341065406799316,nn,log_km_value
56,log_seq_mol_wt,0.5086445578256977,10.57559585571289,nn,log_km_value
57,log_seq_mol_wt,1.682633287101059,10.235960006713867,nn,log_km_value
58,log_seq_mol_wt,-2.219889816253966,11.13865852355957,nn,log_km_value
59,log_seq_mol_wt,1.1305014327267064,10.483341217041016,nn,log_km_value
60,log_seq_mol_wt,-1.2016520326747955,10.992963790893555,nn,log_km_value
61,log_seq_mol_wt,0.6125888694080552,10.684676170349121,nn,log_km_value
62,log_seq_mol_wt,-0.796687678582098,11.062714576721191,nn,log_km_value
63,log_seq_mol_wt,2.940785409223351,10.2933931350708,nn,log_km_value
64,log_seq_mol_wt,0.9501661605882381,10.589863777160645,nn,log_km_value
65,log_seq_mol_wt,0.9268992999445759,10.59010124206543,nn,log_km_value
66,log_seq_mol_wt,0.4490357843895075,10.667594909667969,nn,log_km_value
67,log_seq_mol_wt,0.8290810021064084,10.489245414733887,nn,log_km_value
68,log_seq_mol_wt,0.7354479489741875,10.48501968383789,nn,log_km_value
69,log_seq_mol_wt,-1.5521043596390516,11.085429191589355,nn,log_km_value
70,log_seq_mol_wt,0.6690922177240112,10.632862091064453,nn,log_km_value
71,log_seq_mol_wt,-1.5374442151546917,11.010565757751465,nn,log_km_value
72,log_seq_mol_wt,1.1099913920952973,10.352237701416016,nn,log_km_value
73,log_seq_mol_wt,-1.596617994869154,11.096953392028809,nn,log_km_value
74,log_seq_mol_wt,1.1270108113621138,10.509709358215332,nn,log_km_value
75,log_seq_mol_wt,-0.8790794013681759,10.938871383666992,nn,log_km_value
76,log_seq_mol_wt,2.2641326763484484,10.0322847366333,nn,log_km_value
77,log_seq_mol_wt,1.349759569192755,10.523509979248047,nn,log_km_value
78,log_seq_mol_wt,1.6553231490496172,10.426422119140625,nn,log_km_value
79,log_seq_mol_wt,1.1233966604240315,10.418144226074219,nn,log_km_value
80,log_seq_mol_wt,-1.8556594248995109,11.026021957397461,nn,log_km_value
81,log_seq_mol_wt,-1.367690206283598,11.055208206176758,nn,log_km_value
82,log_seq_mol_wt,0.589625227089141,10.628644943237305,nn,log_km_value
83,log_seq_mol_wt,0.8787060572600095,10.479232788085938,nn,log_km_value
84,log_seq_mol_wt,0.39908991759776125,10.682188987731934,nn,log_km_value
85,log_seq_mol_wt,0.24967695294477651,10.87839126586914,nn,log_km_value
86,log_seq_mol_wt,1.492535363202579,10.242412567138672,nn,log_km_value
87,log_seq_mol_wt,-0.1636738137147486,10.881373405456543,nn,log_km_value
88,log_seq_mol_wt,0.0,10.8060884475708,nn,log_km_value
89,log_seq_mol_wt,0.49550315280371426,10.634742736816406,nn,log_km_value
90,log_seq_mol_wt,-2.16763541633123,11.156765937805176,nn,log_km_value
91,log_seq_mol_wt,-0.8051061803784086,11.062714576721191,nn,log_km_value
92,log_seq_mol_wt,-3.781737683574732,12.006189346313477,nn,log_km_value
93,log_seq_mol_wt,7.005975609704857,9.38391399383545,nn,log_km_value
94,log_seq_mol_wt,1.415179720761365,10.226869583129883,nn,log_km_value
95,log_seq_mol_wt,-8.884286484641212,11.904401779174805,nn,log_km_value
96,log_seq_mol_wt,0.3242113438381827,10.86384105682373,nn,log_km_value
97,log_seq_mol_wt,-2.764783557960313,11.124246597290039,nn,log_km_value
98,log_seq_mol_wt,-2.8218195428337634,11.133379936218262,nn,log_km_value
99,log_seq_mol_wt,2.0499833316407656,9.798135757446289,nn,log_km_value
0,linear_pI,0.18718401320969624,7.06573486328125,nn,log_km_value
1,linear_pI,0.2628858554524829,5.298780918121338,nn,log_km_value
2,linear_pI,0.0,5.449859142303467,nn,log_km_value
3,linear_pI,0.0,7.934462547302246,nn,log_km_value
4,linear_pI,0.0,6.739933490753174,nn,log_km_value
5,linear_pI,0.0,5.270418167114258,nn,log_km_value
6,linear_pI,0.0,5.94498348236084,nn,log_km_value
7,linear_pI,-0.35075885516709115,7.450875759124756,nn,log_km_value
8,linear_pI,-0.26814687157308326,7.538123607635498,nn,log_km_value
9,linear_pI,0.0,7.6631693840026855,nn,log_km_value
10,linear_pI,0.0,5.366362571716309,nn,log_km_value
11,linear_pI,0.18841245116876104,7.147298812866211,nn,log_km_value
12,linear_pI,-0.3122684614647539,8.650577545166016,nn,log_km_value
13,linear_pI,0.0,5.443492889404297,nn,log_km_value
14,linear_pI,0.14621130533078092,6.326600551605225,nn,log_km_value
15,linear_pI,-0.586833075113376,5.284002780914307,nn,log_km_value
16,linear_pI,-0.8141313147892557,5.036071300506592,nn,log_km_value
17,linear_pI,0.0,5.198971748352051,nn,log_km_value
18,linear_pI,0.15077931066957892,5.01532506942749,nn,log_km_value
19,linear_pI,0.7531301904286583,7.153323650360107,nn,log_km_value
20,linear_pI,0.17472769745737082,5.227959632873535,nn,log_km_value
21,linear_pI,0.08041451344910155,5.059147834777832,nn,log_km_value
22,linear_pI,0.0,5.490214824676514,nn,log_km_value
23,linear_pI,0.8777292226967486,9.912095069885254,nn,log_km_value
24,linear_pI,0.0,6.695826530456543,nn,log_km_value
25,linear_pI,-0.5850964417729941,4.702028274536133,nn,log_km_value
26,linear_pI,0.0,7.202432632446289,nn,log_km_value
27,linear_pI,0.0,6.292781352996826,nn,log_km_value
28,linear_pI,-0.5219464266840228,8.276016235351562,nn,log_km_value
29,linear_pI,0.23590897614659087,5.543813705444336,nn,log_km_value
30,linear_pI,0.0,5.687616348266602,nn,log_km_value
31,linear_pI,0.0,5.420984745025635,nn,log_km_value
32,linear_pI,-0.23149301230859032,4.8506622314453125,nn,log_km_value
33,linear_pI,-0.3540013432133367,4.928815841674805,nn,log_km_value
34,linear_pI,0.18082464303080864,5.096945762634277,nn,log_km_value
35,linear_pI,0.0,5.201074600219727,nn,log_km_value
36,linear_pI,0.35392183202644234,5.795383453369141,nn,log_km_value
37,linear_pI,0.43005564822446285,5.53369665145874,nn,log_km_value
38,linear_pI,0.0,5.351470947265625,nn,log_km_value
39,linear_pI,-0.45434338013125697,8.480703353881836,nn,log_km_value
40,linear_pI,-0.542062808117877,8.114522933959961,nn,log_km_value
41,linear_pI,-0.8283267239507166,7.901454925537109,nn,log_km_value
42,linear_pI,0.39282950149005597,6.006085395812988,nn,log_km_value
43,linear_pI,-0.2394122952134782,6.734988689422607,nn,log_km_value
44,linear_pI,0.0,5.983747482299805,nn,log_km_value
45,linear_pI,0.0,5.315207481384277,nn,log_km_value
46,linear_pI,0.0,6.28255033493042,nn,log_km_value
47,linear_pI,0.0,5.207554340362549,nn,log_km_value
48,linear_pI,0.0,8.41720199584961,nn,log_km_value
49,linear_pI,0.6086311156814675,8.76462173461914,nn,log_km_value
50,linear_pI,0.31287742371212934,5.227959632873535,nn,log_km_value
51,linear_pI,0.4849306464039603,5.230062484741211,nn,log_km_value
52,linear_pI,0.0,6.303125858306885,nn,log_km_value
53,linear_pI,0.0,8.511260986328125,nn,log_km_value
54,linear_pI,0.08774474517988841,7.614003658294678,nn,log_km_value
55,linear_pI,0.4114056999056527,9.094635963439941,nn,log_km_value
56,linear_pI,-0.44757389216110544,8.47560977935791,nn,log_km_value
57,linear_pI,0.0,5.326916217803955,nn,log_km_value
58,linear_pI,-0.998582032743016,9.225764274597168,nn,log_km_value
59,linear_pI,-0.048766486770542856,6.514169216156006,nn,log_km_value
60,linear_pI,0.0,5.584965229034424,nn,log_km_value
61,linear_pI,0.0,7.81190824508667,nn,log_km_value
62,linear_pI,0.12022039667932871,6.975531101226807,nn,log_km_value
63,linear_pI,0.0,8.813617706298828,nn,log_km_value
64,linear_pI,0.0,5.868591785430908,nn,log_km_value
65,linear_pI,0.0,6.357521057128906,nn,log_km_value
66,linear_pI,0.0,5.149465084075928,nn,log_km_value
67,linear_pI,0.21132462207586977,7.610593318939209,nn,log_km_value
68,linear_pI,0.0,6.351495742797852,nn,log_km_value
69,linear_pI,0.5103324663426797,5.978745937347412,nn,log_km_value
70,linear_pI,0.38995804620041347,5.27689790725708,nn,log_km_value
71,linear_pI,1.0769357122546452,4.823209285736084,nn,log_km_value
72,linear_pI,0.0,5.727005958557129,nn,log_km_value
73,linear_pI,0.0,5.920883655548096,nn,log_km_value
74,linear_pI,-0.10436145067118577,6.762271404266357,nn,log_km_value
75,linear_pI,-0.2130575642657453,6.6927571296691895,nn,log_km_value
76,linear_pI,0.0,9.252067565917969,nn,log_km_value
77,linear_pI,0.0,5.130992412567139,nn,log_km_value
78,linear_pI,0.17295619344134894,4.874876022338867,nn,log_km_value
79,linear_pI,0.0,5.383016586303711,nn,log_km_value
80,linear_pI,0.4041048562643801,5.401886940002441,nn,log_km_value
81,linear_pI,0.2921727580385543,4.935238838195801,nn,log_km_value
82,linear_pI,-0.1756777117652556,8.554519653320312,nn,log_km_value
83,linear_pI,-0.33028073662014584,6.668657302856445,nn,log_km_value
84,linear_pI,0.08363229562874652,5.543813705444336,nn,log_km_value
85,linear_pI,0.14958301827182924,5.794075965881348,nn,log_km_value
86,linear_pI,0.22650900746653857,5.159696102142334,nn,log_km_value
87,linear_pI,-0.1773459299283357,4.826619625091553,nn,log_km_value
88,linear_pI,0.24681437505233264,6.654618263244629,nn,log_km_value
89,linear_pI,0.3807296356368905,5.863874435424805,nn,log_km_value
90,linear_pI,0.188325119776213,5.636802673339844,nn,log_km_value
91,linear_pI,0.10767121038943639,6.975531101226807,nn,log_km_value
92,linear_pI,0.0,6.449429512023926,nn,log_km_value
93,linear_pI,-0.19895808270804674,6.380199432373047,nn,log_km_value
94,linear_pI,0.08622303274785473,4.749773025512695,nn,log_km_value
95,linear_pI,-0.33958599325465755,6.791941165924072,nn,log_km_value
96,linear_pI,0.3339655787326874,6.214229583740234,nn,log_km_value
97,linear_pI,0.0,5.874048233032227,nn,log_km_value
98,linear_pI,-0.6211899579132801,7.120357036590576,nn,log_km_value
99,linear_pI,-0.6876658395364424,4.759777069091797,nn,log_km_value
0,linear_aromaticity,0.0,0.056179776787757874,nn,log_km_value
1,linear_aromaticity,0.3877561284559122,0.1299559473991394,nn,log_km_value
2,linear_aromaticity,-0.5676374610611971,0.08964451402425766,nn,log_km_value
3,linear_aromaticity,0.0,0.08771929889917374,nn,log_km_value
4,linear_aromaticity,0.0,0.0731707289814949,nn,log_km_value
5,linear_aromaticity,-0.340633131044644,0.07299269735813141,nn,log_km_value
6,linear_aromaticity,-0.20051950133126029,0.08666666597127914,nn,log_km_value
7,linear_aromaticity,0.2130565724561171,0.06684491783380508,nn,log_km_value
8,linear_aromaticity,-0.35416185790958893,0.0882352963089943,nn,log_km_value
9,linear_aromaticity,0.0,0.08781362324953079,nn,log_km_value
10,linear_aromaticity,-0.10906627261416602,0.06557376682758331,nn,log_km_value
11,linear_aromaticity,0.0,0.08143322169780731,nn,log_km_value
12,linear_aromaticity,0.15777459165533583,0.11244980245828629,nn,log_km_value
13,linear_aromaticity,-0.39818214667967433,0.095563143491745,nn,log_km_value
14,linear_aromaticity,0.0,0.06735751032829285,nn,log_km_value
15,linear_aromaticity,0.0,0.03076923079788685,nn,log_km_value
16,linear_aromaticity,0.22122405543871393,0.06617647409439087,nn,log_km_value
17,linear_aromaticity,0.16659757702921857,0.10382513701915741,nn,log_km_value
18,linear_aromaticity,0.0,0.0925619825720787,nn,log_km_value
19,linear_aromaticity,0.0,0.09071274101734161,nn,log_km_value
20,linear_aromaticity,0.0,0.08363636583089828,nn,log_km_value
21,linear_aromaticity,0.08788714934522966,0.057057056576013565,nn,log_km_value
22,linear_aromaticity,0.49044226217567916,0.12857143580913544,nn,log_km_value
23,linear_aromaticity,-0.2613678981521459,0.04194631054997444,nn,log_km_value
24,linear_aromaticity,0.2613114484686455,0.1080000028014183,nn,log_km_value
25,linear_aromaticity,0.0,0.11928429454565048,nn,log_km_value
26,linear_aromaticity,-0.24451354549493498,0.08759123831987381,nn,log_km_value
27,linear_aromaticity,0.0,0.09803921729326248,nn,log_km_value
28,linear_aromaticity,0.0,0.11359026283025742,nn,log_km_value
29,linear_aromaticity,0.059776535722170454,0.09090909361839294,nn,log_km_value
30,linear_aromaticity,-0.22059161955629164,0.08351488411426544,nn,log_km_value
31,linear_aromaticity,0.0,0.09809264540672302,nn,log_km_value
32,linear_aromaticity,0.0,0.08187134563922882,nn,log_km_value
33,linear_aromaticity,-0.4161255714098725,0.09433962404727936,nn,log_km_value
34,linear_aromaticity,-0.3001813340790889,0.08968609571456909,nn,log_km_value
35,linear_aromaticity,0.5667096873511365,0.05074626952409744,nn,log_km_value
36,linear_aromaticity,-0.5050495954467397,0.07971014827489853,nn,log_km_value
37,linear_aromaticity,0.4665582439249152,0.061274509876966476,nn,log_km_value
38,linear_aromaticity,0.0,0.07246376574039459,nn,log_km_value
39,linear_aromaticity,0.0,0.10803323984146118,nn,log_km_value
40,linear_aromaticity,0.0,0.10315985232591629,nn,log_km_value
41,linear_aromaticity,0.8276414705486999,0.12406015396118164,nn,log_km_value
42,linear_aromaticity,-0.21971138462520318,0.0835443064570427,nn,log_km_value
43,linear_aromaticity,0.0,0.11290322244167328,nn,log_km_value
44,linear_aromaticity,-0.18300754076728468,0.0833333358168602,nn,log_km_value
45,linear_aromaticity,-0.12441412229269855,0.10629921406507492,nn,log_km_value
46,linear_aromaticity,-0.1827741175939635,0.07382550090551376,nn,log_km_value
47,linear_aromaticity,0.0,0.11439114063978195,nn,log_km_value
48,linear_aromaticity,-0.41758031045885485,0.06551723927259445,nn,log_km_value
49,linear_aromaticity,0.29090899286546335,0.09459459781646729,nn,log_km_value
50,linear_aromaticity,0.0,0.08363636583089828,nn,log_km_value
51,linear_aromaticity,0.0,0.0625,nn,log_km_value
52,linear_aromaticity,-0.2385857080000485,0.08896797150373459,nn,log_km_value
53,linear_aromaticity,0.3271704205186844,0.09459459781646729,nn,log_km_value
54,linear_aromaticity,0.0,0.07260274142026901,nn,log_km_value
55,linear_aromaticity,-0.31793535178424787,0.04810996726155281,nn,log_km_value
56,linear_aromaticity,0.0,0.06166219711303711,nn,log_km_value
57,linear_aromaticity,0.5442861339439912,0.11836734414100647,nn,log_km_value
58,linear_aromaticity,0.0,0.095238097012043,nn,log_km_value
59,linear_aromaticity,-0.03767168109986185,0.09584664553403854,nn,log_km_value
60,linear_aromaticity,-0.18106076380042668,0.07289719581604004,nn,log_km_value
61,linear_aromaticity,0.3363530639260114,0.0555555559694767,nn,log_km_value
62,linear_aromaticity,-0.24561093904660522,0.08650518953800201,nn,log_km_value
63,linear_aromaticity,0.534455080201954,0.04316546767950058,nn,log_km_value
64,linear_aromaticity,0.6524048804041589,0.11695906519889832,nn,log_km_value
65,linear_aromaticity,-0.09977353994423543,0.12391930818557739,nn,log_km_value
66,linear_aromaticity,0.18536704182996555,0.043902438133955,nn,log_km_value
67,linear_aromaticity,0.0,0.08950617164373398,nn,log_km_value
68,linear_aromaticity,0.15640447612508912,0.11974109709262848,nn,log_km_value
69,linear_aromaticity,0.0,0.08103448152542114,nn,log_km_value
70,linear_aromaticity,-0.7395545344462872,0.06544502824544907,nn,log_km_value
71,linear_aromaticity,0.2950131101323468,0.10727272927761078,nn,log_km_value
72,linear_aromaticity,-0.17214235484075965,0.05923344939947128,nn,log_km_value
73,linear_aromaticity,-0.3138303663918765,0.07308970391750336,nn,log_km_value
74,linear_aromaticity,0.0,0.10216718167066574,nn,log_km_value
75,linear_aromaticity,-0.3771402201449443,0.11042945086956024,nn,log_km_value
76,linear_aromaticity,-0.31588268901876526,0.06829268485307693,nn,log_km_value
77,linear_aromaticity,-1.2915078451146564,0.045584045350551605,nn,log_km_value
78,linear_aromaticity,-0.26295716563749827,0.06984127312898636,nn,log_km_value
79,linear_aromaticity,1.2197023573063237,0.14141413569450378,nn,log_km_value
80,linear_aromaticity,0.25798249654664923,0.10160427540540695,nn,log_km_value
81,linear_aromaticity,0.4159916977972847,0.09433962404727936,nn,log_km_value
82,linear_aromaticity,-0.08152860179728741,0.08923884481191635,nn,log_km_value
83,linear_aromaticity,-0.24683857971472567,0.0602409653365612,nn,log_km_value
84,linear_aromaticity,0.0,0.09090909361839294,nn,log_km_value
85,linear_aromaticity,0.15081281574543215,0.08528784662485123,nn,log_km_value
86,linear_aromaticity,0.0,0.07279693335294724,nn,log_km_value
87,linear_aromaticity,-0.3580079563855658,0.0762711837887764,nn,log_km_value
88,linear_aromaticity,0.20524627196023248,0.06681514531373978,nn,log_km_value
89,linear_aromaticity,0.5870647644476058,0.11263736337423325,nn,log_km_value
90,linear_aromaticity,0.0,0.09003215283155441,nn,log_km_value
91,linear_aromaticity,-0.25987240250906235,0.08650518953800201,nn,log_km_value
92,linear_aromaticity,0.0,0.07620321214199066,nn,log_km_value
93,linear_aromaticity,-0.7740569938953558,0.1666666716337204,nn,log_km_value
94,linear_aromaticity,0.0,0.08527132123708725,nn,log_km_value
95,linear_aromaticity,0.0,0.07623318582773209,nn,log_km_value
96,linear_aromaticity,0.3304444146930367,0.04554865509271622,nn,log_km_value
97,linear_aromaticity,0.5756614016929068,0.10912051796913147,nn,log_km_value
98,linear_aromaticity,-0.12772154400448546,0.1345514953136444,nn,log_km_value
99,linear_aromaticity,-0.24413239303422477,0.09433962404727936,nn,log_km_value
0,linear_instability_index,0.0,40.4730339050293,nn,log_km_value
1,linear_instability_index,0.0,41.72361373901367,nn,log_km_value
2,linear_instability_index,0.9593206627374051,20.743894577026367,nn,log_km_value
3,linear_instability_index,0.2998904767150834,29.556184768676758,nn,log_km_value
4,linear_instability_index,0.3194610552884264,24.43170738220215,nn,log_km_value
5,linear_instability_index,-0.3940717127676661,45.554378509521484,nn,log_km_value
6,linear_instability_index,0.20399821198274462,26.795555114746094,nn,log_km_value
7,linear_instability_index,0.5695119747554748,30.498929977416992,nn,log_km_value
8,linear_instability_index,0.5942219718213355,30.132827758789062,nn,log_km_value
9,linear_instability_index,0.5633318066035866,30.215232849121094,nn,log_km_value
10,linear_instability_index,0.0,28.77985954284668,nn,log_km_value
11,linear_instability_index,0.39293350988218817,34.23029327392578,nn,log_km_value
12,linear_instability_index,0.1534939025267243,36.15943908691406,nn,log_km_value
13,linear_instability_index,0.0,20.389760971069336,nn,log_km_value
14,linear_instability_index,0.20154314847870736,27.34922218322754,nn,log_km_value
15,linear_instability_index,-2.1512579073969986,71.22307586669922,nn,log_km_value
16,linear_instability_index,-0.41909336056830987,41.17647171020508,nn,log_km_value
17,linear_instability_index,0.6063376183556468,26.987977981567383,nn,log_km_value
18,linear_instability_index,0.28036721591440694,30.645967483520508,nn,log_km_value
19,linear_instability_index,-0.5491602269940331,48.34492492675781,nn,log_km_value
20,linear_instability_index,0.7400721214268465,18.041454315185547,nn,log_km_value
21,linear_instability_index,0.3089119747291946,24.145376205444336,nn,log_km_value
22,linear_instability_index,-0.19842149920207502,40.72292709350586,nn,log_km_value
23,linear_instability_index,-0.5379017187770632,56.4294548034668,nn,log_km_value
24,linear_instability_index,-0.07468757204480499,40.58243942260742,nn,log_km_value
25,linear_instability_index,0.10783275180512407,30.82608413696289,nn,log_km_value
26,linear_instability_index,-0.4465680841866954,43.99197006225586,nn,log_km_value
27,linear_instability_index,-0.5560122676995474,42.32263946533203,nn,log_km_value
28,linear_instability_index,0.0,33.6529426574707,nn,log_km_value
29,linear_instability_index,0.32281802266391585,29.49570655822754,nn,log_km_value
30,linear_instability_index,0.0,39.311256408691406,nn,log_km_value
31,linear_instability_index,-0.9344684017845701,48.76811981201172,nn,log_km_value
32,linear_instability_index,-1.3853721737290954,56.306434631347656,nn,log_km_value
33,linear_instability_index,0.0,37.88867950439453,nn,log_km_value
34,linear_instability_index,0.6911858231635541,26.4313907623291,nn,log_km_value
35,linear_instability_index,0.752063834684181,24.543283462524414,nn,log_km_value
36,linear_instability_index,0.20480697796203468,36.16545867919922,nn,log_km_value
37,linear_instability_index,0.9254098155332211,25.085784912109375,nn,log_km_value
38,linear_instability_index,0.13581867020820204,33.18937301635742,nn,log_km_value
39,linear_instability_index,0.0,39.30194091796875,nn,log_km_value
40,linear_instability_index,-0.4327249319031097,43.170101165771484,nn,log_km_value
41,linear_instability_index,0.0,34.2353401184082,nn,log_km_value
42,linear_instability_index,0.09478759621228829,26.821290969848633,nn,log_km_value
43,linear_instability_index,0.4331314990778009,32.27096939086914,nn,log_km_value
44,linear_instability_index,0.12484859003601878,33.936622619628906,nn,log_km_value
45,linear_instability_index,-1.3217463837519183,50.93901443481445,nn,log_km_value
46,linear_instability_index,-0.23041561975785124,45.46780776977539,nn,log_km_value
47,linear_instability_index,0.0,32.34833908081055,nn,log_km_value
48,linear_instability_index,0.0,50.29576873779297,nn,log_km_value
49,linear_instability_index,0.0,43.838287353515625,nn,log_km_value
50,linear_instability_index,0.9418909601904412,18.041454315185547,nn,log_km_value
51,linear_instability_index,0.13151465339188315,36.25592041015625,nn,log_km_value
52,linear_instability_index,0.0,32.6473503112793,nn,log_km_value
53,linear_instability_index,-0.3957935474502802,46.05450439453125,nn,log_km_value
54,linear_instability_index,0.0,38.49864196777344,nn,log_km_value
55,linear_instability_index,0.6119474663091258,21.893470764160156,nn,log_km_value
56,linear_instability_index,0.4520306092411371,29.977210998535156,nn,log_km_value
57,linear_instability_index,0.0,39.8644905090332,nn,log_km_value
58,linear_instability_index,-0.21060547541803634,43.14975357055664,nn,log_km_value
59,linear_instability_index,-0.4284451842854353,47.2415657043457,nn,log_km_value
60,linear_instability_index,0.0,28.26448631286621,nn,log_km_value
61,linear_instability_index,0.13356940460371497,33.99927520751953,nn,log_km_value
62,linear_instability_index,0.0,37.77802658081055,nn,log_km_value
63,linear_instability_index,-0.7652282640000869,49.12841796875,nn,log_km_value
64,linear_instability_index,-0.6547379431596599,50.57514572143555,nn,log_km_value
65,linear_instability_index,0.2864006745023449,34.1793098449707,nn,log_km_value
66,linear_instability_index,0.28528470956527807,32.57682800292969,nn,log_km_value
67,linear_instability_index,0.6617633255163596,22.448488235473633,nn,log_km_value
68,linear_instability_index,-0.5565259295532059,47.34210205078125,nn,log_km_value
69,linear_instability_index,0.18663971695579695,39.192256927490234,nn,log_km_value
70,linear_instability_index,0.0,33.54400634765625,nn,log_km_value
71,linear_instability_index,0.0,38.735145568847656,nn,log_km_value
72,linear_instability_index,0.3314011341776082,31.679443359375,nn,log_km_value
73,linear_instability_index,-0.18034192467469584,24.524917602539062,nn,log_km_value
74,linear_instability_index,0.0,36.70687484741211,nn,log_km_value
75,linear_instability_index,0.0,40.049713134765625,nn,log_km_value
76,linear_instability_index,-1.8556036014468615,57.29707336425781,nn,log_km_value
77,linear_instability_index,0.0,34.78888702392578,nn,log_km_value
78,linear_instability_index,0.2833046012749099,34.24253845214844,nn,log_km_value
79,linear_instability_index,1.0384424087183306,26.673736572265625,nn,log_km_value
80,linear_instability_index,0.5517967203078713,25.816452026367188,nn,log_km_value
81,linear_instability_index,0.5651457759443117,29.386295318603516,nn,log_km_value
82,linear_instability_index,0.10797662976640332,34.13729476928711,nn,log_km_value
83,linear_instability_index,0.06558603771660909,22.016265869140625,nn,log_km_value
84,linear_instability_index,0.3956372194792544,29.49570655822754,nn,log_km_value
85,linear_instability_index,0.0,49.28059768676758,nn,log_km_value
86,linear_instability_index,0.48036142038528695,28.227203369140625,nn,log_km_value
87,linear_instability_index,-1.1042113914634786,52.226505279541016,nn,log_km_value
88,linear_instability_index,0.17375027329805137,36.974185943603516,nn,log_km_value
89,linear_instability_index,0.25702513029330987,35.23027420043945,nn,log_km_value
90,linear_instability_index,-0.2244793952496122,40.87767028808594,nn,log_km_value
91,linear_instability_index,0.0,37.77802658081055,nn,log_km_value
92,linear_instability_index,0.2602882098172998,33.57646942138672,nn,log_km_value
93,linear_instability_index,-1.037072499033627,51.38637161254883,nn,log_km_value
94,linear_instability_index,0.30339986122749035,35.220970153808594,nn,log_km_value
95,linear_instability_index,-0.32336088162207854,43.26369857788086,nn,log_km_value
96,linear_instability_index,0.3989987737506614,33.91324996948242,nn,log_km_value
97,linear_instability_index,-0.23400561693887734,42.40099334716797,nn,log_km_value
98,linear_instability_index,-0.11308720666617107,37.09735870361328,nn,log_km_value
99,linear_instability_index,-0.2361863450813245,40.579246520996094,nn,log_km_value
