,train_mse,train_mse,val_mse,val_mse,train_mae,train_mae,val_mae,val_mae,train_r2,train_r2,val_r2,val_r2
,mean,std,mean,std,mean,std,mean,std,mean,std,mean,std
model,,,,,,,,,,,,
Linear Regression,5.378425245205289,0.03299205292357304,7.050315391513,0.11976580006398478,1.7503920377648963,0.005129991432168749,1.9415389015721622,0.013423821971094327,0.47106245469485064,0.001331400695668598,0.30630083349380227,0.0223542248241168
Neural Network,2.17823503030726,0.15613634024261341,4.242565392105761,0.07417384974444356,1.0226758596302399,0.050970428700023905,1.4692076991477274,0.02345655497674201,0.7847731608909017,0.01593719280001635,0.5817751512449032,0.010142475401711893
XGBoost,1.3680635452270509,0.009179006604303541,2.934557819366455,0.025612098450817945,0.7956206560134887,0.0019846327596820226,1.188581156730652,0.0056876172410249195,0.8653785347938537,0.0009230502271262189,0.7103635907173157,0.007164578774744628
